geo_value,time_value,value,disease,week,date
ak,202440,1.0,Flu,202440,2024-10-05
al,202440,0.0,Flu,202440,2024-10-05
ar,202440,3.0,Flu,202440,2024-10-05
as,202440,,Flu,202440,2024-10-05
az,202440,40.0,Flu,202440,2024-10-05
ca,202440,30.0,Flu,202440,2024-10-05
co,202440,3.0,Flu,202440,2024-10-05
ct,202440,4.0,Flu,202440,2024-10-05
dc,202440,0.0,Flu,202440,2024-10-05
de,202440,0.0,Flu,202440,2024-10-05
fl,202440,53.0,Flu,202440,2024-10-05
ga,202440,1.0,Flu,202440,2024-10-05
gu,202440,1.0,Flu,202440,2024-10-05
hi,202440,0.0,Flu,202440,2024-10-05
ia,202440,1.0,Flu,202440,2024-10-05
id,202440,0.0,Flu,202440,2024-10-05
il,202440,2.0,Flu,202440,2024-10-05
in,202440,4.0,Flu,202440,2024-10-05
ks,202440,0.0,Flu,202440,2024-10-05
ky,202440,0.0,Flu,202440,2024-10-05
la,202440,5.0,Flu,202440,2024-10-05
ma,202440,,Flu,202440,2024-10-05
md,202440,1.0,Flu,202440,2024-10-05
me,202440,0.0,Flu,202440,2024-10-05
mi,202440,12.0,Flu,202440,2024-10-05
mn,202440,,Flu,202440,2024-10-05
mo,202440,0.0,Flu,202440,2024-10-05
mp,202440,,Flu,202440,2024-10-05
ms,202440,10.0,Flu,202440,2024-10-05
mt,202440,0.0,Flu,202440,2024-10-05
nc,202440,0.0,Flu,202440,2024-10-05
nd,202440,0.0,Flu,202440,2024-10-05
ne,202440,0.0,Flu,202440,2024-10-05
nh,202440,0.0,Flu,202440,2024-10-05
nj,202440,17.0,Flu,202440,2024-10-05
nm,202440,1.0,Flu,202440,2024-10-05
nv,202440,1.0,Flu,202440,2024-10-05
ny,202440,7.0,Flu,202440,2024-10-05
oh,202440,0.0,Flu,202440,2024-10-05
ok,202440,0.0,Flu,202440,2024-10-05
or,202440,0.0,Flu,202440,2024-10-05
pa,202440,61.0,Flu,202440,2024-10-05
pr,202440,3.0,Flu,202440,2024-10-05
ri,202440,0.0,Flu,202440,2024-10-05
sc,202440,1.0,Flu,202440,2024-10-05
sd,202440,0.0,Flu,202440,2024-10-05
tn,202440,4.0,Flu,202440,2024-10-05
tx,202440,1.0,Flu,202440,2024-10-05
ut,202440,0.0,Flu,202440,2024-10-05
va,202440,6.0,Flu,202440,2024-10-05
vi,202440,,Flu,202440,2024-10-05
vt,202440,0.0,Flu,202440,2024-10-05
wa,202440,10.0,Flu,202440,2024-10-05
wi,202440,1.0,Flu,202440,2024-10-05
wv,202440,,Flu,202440,2024-10-05
wy,202440,2.0,Flu,202440,2024-10-05
ak,202441,1.0,Flu,202441,2024-10-12
al,202441,2.0,Flu,202441,2024-10-12
ar,202441,0.0,Flu,202441,2024-10-12
as,202441,,Flu,202441,2024-10-12
az,202441,4.0,Flu,202441,2024-10-12
ca,202441,30.0,Flu,202441,2024-10-12
co,202441,0.0,Flu,202441,2024-10-12
ct,202441,0.0,Flu,202441,2024-10-12
dc,202441,0.0,Flu,202441,2024-10-12
de,202441,0.0,Flu,202441,2024-10-12
fl,202441,17.0,Flu,202441,2024-10-12
ga,202441,0.0,Flu,202441,2024-10-12
gu,202441,,Flu,202441,2024-10-12
hi,202441,1.0,Flu,202441,2024-10-12
ia,202441,0.0,Flu,202441,2024-10-12
id,202441,3.0,Flu,202441,2024-10-12
il,202441,1.0,Flu,202441,2024-10-12
in,202441,3.0,Flu,202441,2024-10-12
ks,202441,0.0,Flu,202441,2024-10-12
ky,202441,0.0,Flu,202441,2024-10-12
la,202441,0.0,Flu,202441,2024-10-12
ma,202441,0.0,Flu,202441,2024-10-12
md,202441,0.0,Flu,202441,2024-10-12
me,202441,0.0,Flu,202441,2024-10-12
mi,202441,2.0,Flu,202441,2024-10-12
mn,202441,0.0,Flu,202441,2024-10-12
mo,202441,1.0,Flu,202441,2024-10-12
mp,202441,,Flu,202441,2024-10-12
ms,202441,0.0,Flu,202441,2024-10-12
mt,202441,0.0,Flu,202441,2024-10-12
nc,202441,77.0,Flu,202441,2024-10-12
nd,202441,1.0,Flu,202441,2024-10-12
ne,202441,0.0,Flu,202441,2024-10-12
nh,202441,0.0,Flu,202441,2024-10-12
nj,202441,0.0,Flu,202441,2024-10-12
nm,202441,2.0,Flu,202441,2024-10-12
nv,202441,0.0,Flu,202441,2024-10-12
ny,202441,0.0,Flu,202441,2024-10-12
oh,202441,1.0,Flu,202441,2024-10-12
ok,202441,0.0,Flu,202441,2024-10-12
or,202441,6.0,Flu,202441,2024-10-12
pa,202441,26.0,Flu,202441,2024-10-12
pr,202441,9.0,Flu,202441,2024-10-12
ri,202441,0.0,Flu,202441,2024-10-12
sc,202441,0.0,Flu,202441,2024-10-12
sd,202441,1.0,Flu,202441,2024-10-12
tn,202441,2.0,Flu,202441,2024-10-12
tx,202441,79.0,Flu,202441,2024-10-12
ut,202441,0.0,Flu,202441,2024-10-12
va,202441,19.0,Flu,202441,2024-10-12
vi,202441,,Flu,202441,2024-10-12
vt,202441,0.0,Flu,202441,2024-10-12
wa,202441,7.0,Flu,202441,2024-10-12
wi,202441,0.0,Flu,202441,2024-10-12
wv,202441,0.0,Flu,202441,2024-10-12
wy,202441,0.0,Flu,202441,2024-10-12
ak,202442,1.0,Flu,202442,2024-10-19
al,202442,6.0,Flu,202442,2024-10-19
ar,202442,2.0,Flu,202442,2024-10-19
as,202442,,Flu,202442,2024-10-19
az,202442,14.0,Flu,202442,2024-10-19
ca,202442,75.0,Flu,202442,2024-10-19
co,202442,2.0,Flu,202442,2024-10-19
ct,202442,5.0,Flu,202442,2024-10-19
dc,202442,0.0,Flu,202442,2024-10-19
de,202442,0.0,Flu,202442,2024-10-19
fl,202442,134.0,Flu,202442,2024-10-19
ga,202442,5.0,Flu,202442,2024-10-19
gu,202442,2.0,Flu,202442,2024-10-19
hi,202442,1.0,Flu,202442,2024-10-19
ia,202442,1.0,Flu,202442,2024-10-19
id,202442,6.0,Flu,202442,2024-10-19
il,202442,5.0,Flu,202442,2024-10-19
in,202442,3.0,Flu,202442,2024-10-19
ks,202442,1.0,Flu,202442,2024-10-19
ky,202442,2.0,Flu,202442,2024-10-19
la,202442,13.0,Flu,202442,2024-10-19
ma,202442,0.0,Flu,202442,2024-10-19
md,202442,2.0,Flu,202442,2024-10-19
me,202442,0.0,Flu,202442,2024-10-19
mi,202442,6.0,Flu,202442,2024-10-19
mn,202442,88.0,Flu,202442,2024-10-19
mo,202442,2.0,Flu,202442,2024-10-19
mp,202442,,Flu,202442,2024-10-19
ms,202442,4.0,Flu,202442,2024-10-19
mt,202442,2.0,Flu,202442,2024-10-19
nc,202442,48.0,Flu,202442,2024-10-19
nd,202442,0.0,Flu,202442,2024-10-19
ne,202442,0.0,Flu,202442,2024-10-19
nh,202442,0.0,Flu,202442,2024-10-19
nj,202442,0.0,Flu,202442,2024-10-19
nm,202442,2.0,Flu,202442,2024-10-19
nv,202442,5.0,Flu,202442,2024-10-19
ny,202442,5.0,Flu,202442,2024-10-19
oh,202442,10.0,Flu,202442,2024-10-19
ok,202442,0.0,Flu,202442,2024-10-19
or,202442,4.0,Flu,202442,2024-10-19
pa,202442,6.0,Flu,202442,2024-10-19
pr,202442,6.0,Flu,202442,2024-10-19
ri,202442,0.0,Flu,202442,2024-10-19
sc,202442,8.0,Flu,202442,2024-10-19
sd,202442,1.0,Flu,202442,2024-10-19
tn,202442,8.0,Flu,202442,2024-10-19
tx,202442,46.0,Flu,202442,2024-10-19
ut,202442,1.0,Flu,202442,2024-10-19
va,202442,15.0,Flu,202442,2024-10-19
vi,202442,,Flu,202442,2024-10-19
vt,202442,1.0,Flu,202442,2024-10-19
wa,202442,1.0,Flu,202442,2024-10-19
wi,202442,7.0,Flu,202442,2024-10-19
wv,202442,0.0,Flu,202442,2024-10-19
wy,202442,0.0,Flu,202442,2024-10-19
ak,202443,3.0,Flu,202443,2024-10-26
al,202443,9.0,Flu,202443,2024-10-26
ar,202443,1.0,Flu,202443,2024-10-26
as,202443,9.0,Flu,202443,2024-10-26
az,202443,187.0,Flu,202443,2024-10-26
ca,202443,137.0,Flu,202443,2024-10-26
co,202443,14.0,Flu,202443,2024-10-26
ct,202443,6.0,Flu,202443,2024-10-26
dc,202443,0.0,Flu,202443,2024-10-26
de,202443,0.0,Flu,202443,2024-10-26
fl,202443,114.0,Flu,202443,2024-10-26
ga,202443,8.0,Flu,202443,2024-10-26
gu,202443,3.0,Flu,202443,2024-10-26
hi,202443,2.0,Flu,202443,2024-10-26
ia,202443,4.0,Flu,202443,2024-10-26
id,202443,1.0,Flu,202443,2024-10-26
il,202443,12.0,Flu,202443,2024-10-26
in,202443,3.0,Flu,202443,2024-10-26
ks,202443,3.0,Flu,202443,2024-10-26
ky,202443,4.0,Flu,202443,2024-10-26
la,202443,23.0,Flu,202443,2024-10-26
ma,202443,0.0,Flu,202443,2024-10-26
md,202443,0.0,Flu,202443,2024-10-26
me,202443,0.0,Flu,202443,2024-10-26
mi,202443,4.0,Flu,202443,2024-10-26
mn,202443,0.0,Flu,202443,2024-10-26
mo,202443,8.0,Flu,202443,2024-10-26
mp,202443,,Flu,202443,2024-10-26
ms,202443,0.0,Flu,202443,2024-10-26
mt,202443,0.0,Flu,202443,2024-10-26
nc,202443,47.0,Flu,202443,2024-10-26
nd,202443,0.0,Flu,202443,2024-10-26
ne,202443,1.0,Flu,202443,2024-10-26
nh,202443,0.0,Flu,202443,2024-10-26
nj,202443,2.0,Flu,202443,2024-10-26
nm,202443,15.0,Flu,202443,2024-10-26
nv,202443,5.0,Flu,202443,2024-10-26
ny,202443,8.0,Flu,202443,2024-10-26
oh,202443,229.0,Flu,202443,2024-10-26
ok,202443,4.0,Flu,202443,2024-10-26
or,202443,7.0,Flu,202443,2024-10-26
pa,202443,63.0,Flu,202443,2024-10-26
pr,202443,14.0,Flu,202443,2024-10-26
ri,202443,0.0,Flu,202443,2024-10-26
sc,202443,8.0,Flu,202443,2024-10-26
sd,202443,2.0,Flu,202443,2024-10-26
tn,202443,31.0,Flu,202443,2024-10-26
tx,202443,63.0,Flu,202443,2024-10-26
ut,202443,5.0,Flu,202443,2024-10-26
va,202443,10.0,Flu,202443,2024-10-26
vi,202443,0.0,Flu,202443,2024-10-26
vt,202443,0.0,Flu,202443,2024-10-26
wa,202443,4.0,Flu,202443,2024-10-26
wi,202443,7.0,Flu,202443,2024-10-26
wv,202443,0.0,Flu,202443,2024-10-26
wy,202443,7.0,Flu,202443,2024-10-26
ak,202444,8.0,Flu,202444,2024-11-02
al,202444,13.0,Flu,202444,2024-11-02
ar,202444,6.0,Flu,202444,2024-11-02
as,202444,6.0,Flu,202444,2024-11-02
az,202444,141.0,Flu,202444,2024-11-02
ca,202444,112.0,Flu,202444,2024-11-02
co,202444,25.0,Flu,202444,2024-11-02
ct,202444,10.0,Flu,202444,2024-11-02
dc,202444,1.0,Flu,202444,2024-11-02
de,202444,0.0,Flu,202444,2024-11-02
fl,202444,114.0,Flu,202444,2024-11-02
ga,202444,14.0,Flu,202444,2024-11-02
gu,202444,1.0,Flu,202444,2024-11-02
hi,202444,3.0,Flu,202444,2024-11-02
ia,202444,5.0,Flu,202444,2024-11-02
id,202444,6.0,Flu,202444,2024-11-02
il,202444,27.0,Flu,202444,2024-11-02
in,202444,14.0,Flu,202444,2024-11-02
ks,202444,10.0,Flu,202444,2024-11-02
ky,202444,7.0,Flu,202444,2024-11-02
la,202444,27.0,Flu,202444,2024-11-02
ma,202444,3.0,Flu,202444,2024-11-02
md,202444,4.0,Flu,202444,2024-11-02
me,202444,0.0,Flu,202444,2024-11-02
mi,202444,21.0,Flu,202444,2024-11-02
mn,202444,4.0,Flu,202444,2024-11-02
mo,202444,13.0,Flu,202444,2024-11-02
mp,202444,,Flu,202444,2024-11-02
ms,202444,15.0,Flu,202444,2024-11-02
mt,202444,0.0,Flu,202444,2024-11-02
nc,202444,14.0,Flu,202444,2024-11-02
nd,202444,1.0,Flu,202444,2024-11-02
ne,202444,2.0,Flu,202444,2024-11-02
nh,202444,1.0,Flu,202444,2024-11-02
nj,202444,28.0,Flu,202444,2024-11-02
nm,202444,2.0,Flu,202444,2024-11-02
nv,202444,11.0,Flu,202444,2024-11-02
ny,202444,15.0,Flu,202444,2024-11-02
oh,202444,17.0,Flu,202444,2024-11-02
ok,202444,3.0,Flu,202444,2024-11-02
or,202444,7.0,Flu,202444,2024-11-02
pa,202444,104.0,Flu,202444,2024-11-02
pr,202444,15.0,Flu,202444,2024-11-02
ri,202444,2.0,Flu,202444,2024-11-02
sc,202444,11.0,Flu,202444,2024-11-02
sd,202444,0.0,Flu,202444,2024-11-02
tn,202444,45.0,Flu,202444,2024-11-02
tx,202444,103.0,Flu,202444,2024-11-02
ut,202444,2.0,Flu,202444,2024-11-02
va,202444,16.0,Flu,202444,2024-11-02
vi,202444,0.0,Flu,202444,2024-11-02
vt,202444,0.0,Flu,202444,2024-11-02
wa,202444,2.0,Flu,202444,2024-11-02
wi,202444,5.0,Flu,202444,2024-11-02
wv,202444,0.0,Flu,202444,2024-11-02
wy,202444,0.0,Flu,202444,2024-11-02
ak,202445,6.0,Flu,202445,2024-11-09
al,202445,32.0,Flu,202445,2024-11-09
ar,202445,11.0,Flu,202445,2024-11-09
as,202445,,Flu,202445,2024-11-09
az,202445,272.0,Flu,202445,2024-11-09
ca,202445,177.0,Flu,202445,2024-11-09
co,202445,20.0,Flu,202445,2024-11-09
ct,202445,4.0,Flu,202445,2024-11-09
dc,202445,2.0,Flu,202445,2024-11-09
de,202445,1.0,Flu,202445,2024-11-09
fl,202445,365.0,Flu,202445,2024-11-09
ga,202445,42.0,Flu,202445,2024-11-09
gu,202445,3.0,Flu,202445,2024-11-09
hi,202445,7.0,Flu,202445,2024-11-09
ia,202445,4.0,Flu,202445,2024-11-09
id,202445,8.0,Flu,202445,2024-11-09
il,202445,36.0,Flu,202445,2024-11-09
in,202445,28.0,Flu,202445,2024-11-09
ks,202445,7.0,Flu,202445,2024-11-09
ky,202445,16.0,Flu,202445,2024-11-09
la,202445,87.0,Flu,202445,2024-11-09
ma,202445,39.0,Flu,202445,2024-11-09
md,202445,9.0,Flu,202445,2024-11-09
me,202445,1.0,Flu,202445,2024-11-09
mi,202445,48.0,Flu,202445,2024-11-09
mn,202445,18.0,Flu,202445,2024-11-09
mo,202445,30.0,Flu,202445,2024-11-09
mp,202445,,Flu,202445,2024-11-09
ms,202445,23.0,Flu,202445,2024-11-09
mt,202445,0.0,Flu,202445,2024-11-09
nc,202445,27.0,Flu,202445,2024-11-09
nd,202445,0.0,Flu,202445,2024-11-09
ne,202445,4.0,Flu,202445,2024-11-09
nh,202445,5.0,Flu,202445,2024-11-09
nj,202445,30.0,Flu,202445,2024-11-09
nm,202445,16.0,Flu,202445,2024-11-09
nv,202445,25.0,Flu,202445,2024-11-09
ny,202445,55.0,Flu,202445,2024-11-09
oh,202445,24.0,Flu,202445,2024-11-09
ok,202445,13.0,Flu,202445,2024-11-09
or,202445,25.0,Flu,202445,2024-11-09
pa,202445,142.0,Flu,202445,2024-11-09
pr,202445,137.0,Flu,202445,2024-11-09
ri,202445,3.0,Flu,202445,2024-11-09
sc,202445,21.0,Flu,202445,2024-11-09
sd,202445,2.0,Flu,202445,2024-11-09
tn,202445,96.0,Flu,202445,2024-11-09
tx,202445,185.0,Flu,202445,2024-11-09
ut,202445,7.0,Flu,202445,2024-11-09
va,202445,26.0,Flu,202445,2024-11-09
vi,202445,0.0,Flu,202445,2024-11-09
vt,202445,0.0,Flu,202445,2024-11-09
wa,202445,14.0,Flu,202445,2024-11-09
wi,202445,12.0,Flu,202445,2024-11-09
wv,202445,6.0,Flu,202445,2024-11-09
wy,202445,5.0,Flu,202445,2024-11-09
ak,202446,9.0,Flu,202446,2024-11-16
al,202446,44.0,Flu,202446,2024-11-16
ar,202446,13.0,Flu,202446,2024-11-16
as,202446,,Flu,202446,2024-11-16
az,202446,356.0,Flu,202446,2024-11-16
ca,202446,323.0,Flu,202446,2024-11-16
co,202446,29.0,Flu,202446,2024-11-16
ct,202446,5.0,Flu,202446,2024-11-16
dc,202446,1.0,Flu,202446,2024-11-16
de,202446,4.0,Flu,202446,2024-11-16
fl,202446,386.0,Flu,202446,2024-11-16
ga,202446,44.0,Flu,202446,2024-11-16
gu,202446,3.0,Flu,202446,2024-11-16
hi,202446,15.0,Flu,202446,2024-11-16
ia,202446,5.0,Flu,202446,2024-11-16
id,202446,12.0,Flu,202446,2024-11-16
il,202446,34.0,Flu,202446,2024-11-16
in,202446,26.0,Flu,202446,2024-11-16
ks,202446,11.0,Flu,202446,2024-11-16
ky,202446,18.0,Flu,202446,2024-11-16
la,202446,84.0,Flu,202446,2024-11-16
ma,202446,16.0,Flu,202446,2024-11-16
md,202446,11.0,Flu,202446,2024-11-16
me,202446,0.0,Flu,202446,2024-11-16
mi,202446,46.0,Flu,202446,2024-11-16
mn,202446,8.0,Flu,202446,2024-11-16
mo,202446,29.0,Flu,202446,2024-11-16
mp,202446,,Flu,202446,2024-11-16
ms,202446,24.0,Flu,202446,2024-11-16
mt,202446,4.0,Flu,202446,2024-11-16
nc,202446,38.0,Flu,202446,2024-11-16
nd,202446,1.0,Flu,202446,2024-11-16
ne,202446,6.0,Flu,202446,2024-11-16
nh,202446,6.0,Flu,202446,2024-11-16
nj,202446,37.0,Flu,202446,2024-11-16
nm,202446,21.0,Flu,202446,2024-11-16
nv,202446,43.0,Flu,202446,2024-11-16
ny,202446,63.0,Flu,202446,2024-11-16
oh,202446,40.0,Flu,202446,2024-11-16
ok,202446,13.0,Flu,202446,2024-11-16
or,202446,36.0,Flu,202446,2024-11-16
pa,202446,111.0,Flu,202446,2024-11-16
pr,202446,228.0,Flu,202446,2024-11-16
ri,202446,0.0,Flu,202446,2024-11-16
sc,202446,13.0,Flu,202446,2024-11-16
sd,202446,0.0,Flu,202446,2024-11-16
tn,202446,94.0,Flu,202446,2024-11-16
tx,202446,227.0,Flu,202446,2024-11-16
ut,202446,10.0,Flu,202446,2024-11-16
va,202446,26.0,Flu,202446,2024-11-16
vi,202446,0.0,Flu,202446,2024-11-16
vt,202446,3.0,Flu,202446,2024-11-16
wa,202446,22.0,Flu,202446,2024-11-16
wi,202446,6.0,Flu,202446,2024-11-16
wv,202446,4.0,Flu,202446,2024-11-16
wy,202446,4.0,Flu,202446,2024-11-16
ak,202447,7.0,Flu,202447,2024-11-23
al,202447,50.0,Flu,202447,2024-11-23
ar,202447,8.0,Flu,202447,2024-11-23
as,202447,2.0,Flu,202447,2024-11-23
az,202447,488.0,Flu,202447,2024-11-23
ca,202447,526.0,Flu,202447,2024-11-23
co,202447,31.0,Flu,202447,2024-11-23
ct,202447,4.0,Flu,202447,2024-11-23
dc,202447,8.0,Flu,202447,2024-11-23
de,202447,7.0,Flu,202447,2024-11-23
fl,202447,443.0,Flu,202447,2024-11-23
ga,202447,48.0,Flu,202447,2024-11-23
gu,202447,1.0,Flu,202447,2024-11-23
hi,202447,8.0,Flu,202447,2024-11-23
ia,202447,5.0,Flu,202447,2024-11-23
id,202447,32.0,Flu,202447,2024-11-23
il,202447,86.0,Flu,202447,2024-11-23
in,202447,32.0,Flu,202447,2024-11-23
ks,202447,17.0,Flu,202447,2024-11-23
ky,202447,20.0,Flu,202447,2024-11-23
la,202447,78.0,Flu,202447,2024-11-23
ma,202447,50.0,Flu,202447,2024-11-23
md,202447,16.0,Flu,202447,2024-11-23
me,202447,0.0,Flu,202447,2024-11-23
mi,202447,67.0,Flu,202447,2024-11-23
mn,202447,11.0,Flu,202447,2024-11-23
mo,202447,42.0,Flu,202447,2024-11-23
mp,202447,,Flu,202447,2024-11-23
ms,202447,36.0,Flu,202447,2024-11-23
mt,202447,1.0,Flu,202447,2024-11-23
nc,202447,31.0,Flu,202447,2024-11-23
nd,202447,3.0,Flu,202447,2024-11-23
ne,202447,5.0,Flu,202447,2024-11-23
nh,202447,11.0,Flu,202447,2024-11-23
nj,202447,47.0,Flu,202447,2024-11-23
nm,202447,29.0,Flu,202447,2024-11-23
nv,202447,49.0,Flu,202447,2024-11-23
ny,202447,103.0,Flu,202447,2024-11-23
oh,202447,40.0,Flu,202447,2024-11-23
ok,202447,14.0,Flu,202447,2024-11-23
or,202447,63.0,Flu,202447,2024-11-23
pa,202447,134.0,Flu,202447,2024-11-23
pr,202447,160.0,Flu,202447,2024-11-23
ri,202447,2.0,Flu,202447,2024-11-23
sc,202447,13.0,Flu,202447,2024-11-23
sd,202447,0.0,Flu,202447,2024-11-23
tn,202447,59.0,Flu,202447,2024-11-23
tx,202447,276.0,Flu,202447,2024-11-23
ut,202447,20.0,Flu,202447,2024-11-23
va,202447,35.0,Flu,202447,2024-11-23
vi,202447,0.0,Flu,202447,2024-11-23
vt,202447,0.0,Flu,202447,2024-11-23
wa,202447,29.0,Flu,202447,2024-11-23
wi,202447,18.0,Flu,202447,2024-11-23
wv,202447,4.0,Flu,202447,2024-11-23
wy,202447,9.0,Flu,202447,2024-11-23
ak,202448,10.0,Flu,202448,2024-11-30
al,202448,65.0,Flu,202448,2024-11-30
ar,202448,12.0,Flu,202448,2024-11-30
as,202448,2.0,Flu,202448,2024-11-30
az,202448,558.0,Flu,202448,2024-11-30
ca,202448,708.0,Flu,202448,2024-11-30
co,202448,67.0,Flu,202448,2024-11-30
ct,202448,11.0,Flu,202448,2024-11-30
dc,202448,5.0,Flu,202448,2024-11-30
de,202448,5.0,Flu,202448,2024-11-30
fl,202448,612.0,Flu,202448,2024-11-30
ga,202448,56.0,Flu,202448,2024-11-30
gu,202448,2.0,Flu,202448,2024-11-30
hi,202448,14.0,Flu,202448,2024-11-30
ia,202448,4.0,Flu,202448,2024-11-30
id,202448,63.0,Flu,202448,2024-11-30
il,202448,83.0,Flu,202448,2024-11-30
in,202448,41.0,Flu,202448,2024-11-30
ks,202448,20.0,Flu,202448,2024-11-30
ky,202448,24.0,Flu,202448,2024-11-30
la,202448,135.0,Flu,202448,2024-11-30
ma,202448,72.0,Flu,202448,2024-11-30
md,202448,21.0,Flu,202448,2024-11-30
me,202448,2.0,Flu,202448,2024-11-30
mi,202448,65.0,Flu,202448,2024-11-30
mn,202448,18.0,Flu,202448,2024-11-30
mo,202448,41.0,Flu,202448,2024-11-30
mp,202448,,Flu,202448,2024-11-30
ms,202448,28.0,Flu,202448,2024-11-30
mt,202448,2.0,Flu,202448,2024-11-30
nc,202448,43.0,Flu,202448,2024-11-30
nd,202448,1.0,Flu,202448,2024-11-30
ne,202448,11.0,Flu,202448,2024-11-30
nh,202448,14.0,Flu,202448,2024-11-30
nj,202448,67.0,Flu,202448,2024-11-30
nm,202448,55.0,Flu,202448,2024-11-30
nv,202448,61.0,Flu,202448,2024-11-30
ny,202448,145.0,Flu,202448,2024-11-30
oh,202448,55.0,Flu,202448,2024-11-30
ok,202448,40.0,Flu,202448,2024-11-30
or,202448,83.0,Flu,202448,2024-11-30
pa,202448,116.0,Flu,202448,2024-11-30
pr,202448,368.0,Flu,202448,2024-11-30
ri,202448,6.0,Flu,202448,2024-11-30
sc,202448,18.0,Flu,202448,2024-11-30
sd,202448,5.0,Flu,202448,2024-11-30
tn,202448,60.0,Flu,202448,2024-11-30
tx,202448,405.0,Flu,202448,2024-11-30
ut,202448,20.0,Flu,202448,2024-11-30
va,202448,46.0,Flu,202448,2024-11-30
vi,202448,0.0,Flu,202448,2024-11-30
vt,202448,3.0,Flu,202448,2024-11-30
wa,202448,46.0,Flu,202448,2024-11-30
wi,202448,12.0,Flu,202448,2024-11-30
wv,202448,3.0,Flu,202448,2024-11-30
wy,202448,7.0,Flu,202448,2024-11-30
ak,202449,18.0,Flu,202449,2024-12-07
al,202449,102.0,Flu,202449,2024-12-07
ar,202449,32.0,Flu,202449,2024-12-07
as,202449,0.0,Flu,202449,2024-12-07
az,202449,882.0,Flu,202449,2024-12-07
ca,202449,1127.0,Flu,202449,2024-12-07
co,202449,90.0,Flu,202449,2024-12-07
ct,202449,13.0,Flu,202449,2024-12-07
dc,202449,2.0,Flu,202449,2024-12-07
de,202449,15.0,Flu,202449,2024-12-07
fl,202449,714.0,Flu,202449,2024-12-07
ga,202449,88.0,Flu,202449,2024-12-07
gu,202449,0.0,Flu,202449,2024-12-07
hi,202449,20.0,Flu,202449,2024-12-07
ia,202449,13.0,Flu,202449,2024-12-07
id,202449,78.0,Flu,202449,2024-12-07
il,202449,107.0,Flu,202449,2024-12-07
in,202449,65.0,Flu,202449,2024-12-07
ks,202449,36.0,Flu,202449,2024-12-07
ky,202449,53.0,Flu,202449,2024-12-07
la,202449,163.0,Flu,202449,2024-12-07
ma,202449,95.0,Flu,202449,2024-12-07
md,202449,37.0,Flu,202449,2024-12-07
me,202449,2.0,Flu,202449,2024-12-07
mi,202449,92.0,Flu,202449,2024-12-07
mn,202449,40.0,Flu,202449,2024-12-07
mo,202449,54.0,Flu,202449,2024-12-07
mp,202449,,Flu,202449,2024-12-07
ms,202449,39.0,Flu,202449,2024-12-07
mt,202449,2.0,Flu,202449,2024-12-07
nc,202449,65.0,Flu,202449,2024-12-07
nd,202449,2.0,Flu,202449,2024-12-07
ne,202449,13.0,Flu,202449,2024-12-07
nh,202449,16.0,Flu,202449,2024-12-07
nj,202449,109.0,Flu,202449,2024-12-07
nm,202449,103.0,Flu,202449,2024-12-07
nv,202449,83.0,Flu,202449,2024-12-07
ny,202449,275.0,Flu,202449,2024-12-07
oh,202449,93.0,Flu,202449,2024-12-07
ok,202449,40.0,Flu,202449,2024-12-07
or,202449,119.0,Flu,202449,2024-12-07
pa,202449,208.0,Flu,202449,2024-12-07
pr,202449,457.0,Flu,202449,2024-12-07
ri,202449,10.0,Flu,202449,2024-12-07
sc,202449,40.0,Flu,202449,2024-12-07
sd,202449,1.0,Flu,202449,2024-12-07
tn,202449,115.0,Flu,202449,2024-12-07
tx,202449,530.0,Flu,202449,2024-12-07
ut,202449,64.0,Flu,202449,2024-12-07
va,202449,69.0,Flu,202449,2024-12-07
vi,202449,0.0,Flu,202449,2024-12-07
vt,202449,0.0,Flu,202449,2024-12-07
wa,202449,78.0,Flu,202449,2024-12-07
wi,202449,27.0,Flu,202449,2024-12-07
wv,202449,13.0,Flu,202449,2024-12-07
wy,202449,5.0,Flu,202449,2024-12-07
ak,202450,27.0,Flu,202450,2024-12-14
al,202450,193.0,Flu,202450,2024-12-14
ar,202450,42.0,Flu,202450,2024-12-14
as,202450,3.0,Flu,202450,2024-12-14
az,202450,1023.0,Flu,202450,2024-12-14
ca,202450,1521.0,Flu,202450,2024-12-14
co,202450,129.0,Flu,202450,2024-12-14
ct,202450,24.0,Flu,202450,2024-12-14
dc,202450,4.0,Flu,202450,2024-12-14
de,202450,15.0,Flu,202450,2024-12-14
fl,202450,891.0,Flu,202450,2024-12-14
ga,202450,215.0,Flu,202450,2024-12-14
gu,202450,3.0,Flu,202450,2024-12-14
hi,202450,34.0,Flu,202450,2024-12-14
ia,202450,23.0,Flu,202450,2024-12-14
id,202450,110.0,Flu,202450,2024-12-14
il,202450,242.0,Flu,202450,2024-12-14
in,202450,142.0,Flu,202450,2024-12-14
ks,202450,90.0,Flu,202450,2024-12-14
ky,202450,79.0,Flu,202450,2024-12-14
la,202450,252.0,Flu,202450,2024-12-14
ma,202450,133.0,Flu,202450,2024-12-14
md,202450,73.0,Flu,202450,2024-12-14
me,202450,2.0,Flu,202450,2024-12-14
mi,202450,171.0,Flu,202450,2024-12-14
mn,202450,91.0,Flu,202450,2024-12-14
mo,202450,88.0,Flu,202450,2024-12-14
mp,202450,,Flu,202450,2024-12-14
ms,202450,62.0,Flu,202450,2024-12-14
mt,202450,6.0,Flu,202450,2024-12-14
nc,202450,173.0,Flu,202450,2024-12-14
nd,202450,5.0,Flu,202450,2024-12-14
ne,202450,19.0,Flu,202450,2024-12-14
nh,202450,22.0,Flu,202450,2024-12-14
nj,202450,174.0,Flu,202450,2024-12-14
nm,202450,108.0,Flu,202450,2024-12-14
nv,202450,114.0,Flu,202450,2024-12-14
ny,202450,432.0,Flu,202450,2024-12-14
oh,202450,152.0,Flu,202450,2024-12-14
ok,202450,56.0,Flu,202450,2024-12-14
or,202450,242.0,Flu,202450,2024-12-14
pa,202450,349.0,Flu,202450,2024-12-14
pr,202450,470.0,Flu,202450,2024-12-14
ri,202450,28.0,Flu,202450,2024-12-14
sc,202450,80.0,Flu,202450,2024-12-14
sd,202450,8.0,Flu,202450,2024-12-14
tn,202450,217.0,Flu,202450,2024-12-14
tx,202450,705.0,Flu,202450,2024-12-14
ut,202450,90.0,Flu,202450,2024-12-14
va,202450,140.0,Flu,202450,2024-12-14
vi,202450,0.0,Flu,202450,2024-12-14
vt,202450,8.0,Flu,202450,2024-12-14
wa,202450,188.0,Flu,202450,2024-12-14
wi,202450,66.0,Flu,202450,2024-12-14
wv,202450,21.0,Flu,202450,2024-12-14
wy,202450,33.0,Flu,202450,2024-12-14
ak,202451,22.0,Flu,202451,2024-12-21
al,202451,431.0,Flu,202451,2024-12-21
ar,202451,59.0,Flu,202451,2024-12-21
as,202451,0.0,Flu,202451,2024-12-21
az,202451,1534.0,Flu,202451,2024-12-21
ca,202451,2564.0,Flu,202451,2024-12-21
co,202451,179.0,Flu,202451,2024-12-21
ct,202451,45.0,Flu,202451,2024-12-21
dc,202451,16.0,Flu,202451,2024-12-21
de,202451,43.0,Flu,202451,2024-12-21
fl,202451,1261.0,Flu,202451,2024-12-21
ga,202451,397.0,Flu,202451,2024-12-21
gu,202451,0.0,Flu,202451,2024-12-21
hi,202451,42.0,Flu,202451,2024-12-21
ia,202451,42.0,Flu,202451,2024-12-21
id,202451,188.0,Flu,202451,2024-12-21
il,202451,489.0,Flu,202451,2024-12-21
in,202451,288.0,Flu,202451,2024-12-21
ks,202451,120.0,Flu,202451,2024-12-21
ky,202451,200.0,Flu,202451,2024-12-21
la,202451,423.0,Flu,202451,2024-12-21
ma,202451,142.0,Flu,202451,2024-12-21
md,202451,131.0,Flu,202451,2024-12-21
me,202451,10.0,Flu,202451,2024-12-21
mi,202451,296.0,Flu,202451,2024-12-21
mn,202451,227.0,Flu,202451,2024-12-21
mo,202451,250.0,Flu,202451,2024-12-21
mp,202451,,Flu,202451,2024-12-21
ms,202451,100.0,Flu,202451,2024-12-21
mt,202451,27.0,Flu,202451,2024-12-21
nc,202451,292.0,Flu,202451,2024-12-21
nd,202451,8.0,Flu,202451,2024-12-21
ne,202451,78.0,Flu,202451,2024-12-21
nh,202451,24.0,Flu,202451,2024-12-21
nj,202451,335.0,Flu,202451,2024-12-21
nm,202451,207.0,Flu,202451,2024-12-21
nv,202451,208.0,Flu,202451,2024-12-21
ny,202451,736.0,Flu,202451,2024-12-21
oh,202451,308.0,Flu,202451,2024-12-21
ok,202451,106.0,Flu,202451,2024-12-21
or,202451,392.0,Flu,202451,2024-12-21
pa,202451,630.0,Flu,202451,2024-12-21
pr,202451,553.0,Flu,202451,2024-12-21
ri,202451,29.0,Flu,202451,2024-12-21
sc,202451,160.0,Flu,202451,2024-12-21
sd,202451,14.0,Flu,202451,2024-12-21
tn,202451,372.0,Flu,202451,2024-12-21
tx,202451,1181.0,Flu,202451,2024-12-21
ut,202451,163.0,Flu,202451,2024-12-21
va,202451,192.0,Flu,202451,2024-12-21
vi,202451,0.0,Flu,202451,2024-12-21
vt,202451,8.0,Flu,202451,2024-12-21
wa,202451,418.0,Flu,202451,2024-12-21
wi,202451,120.0,Flu,202451,2024-12-21
wv,202451,37.0,Flu,202451,2024-12-21
wy,202451,18.0,Flu,202451,2024-12-21
ak,202452,35.0,Flu,202452,2024-12-28
al,202452,661.0,Flu,202452,2024-12-28
ar,202452,127.0,Flu,202452,2024-12-28
as,202452,0.0,Flu,202452,2024-12-28
az,202452,2340.0,Flu,202452,2024-12-28
ca,202452,3866.0,Flu,202452,2024-12-28
co,202452,475.0,Flu,202452,2024-12-28
ct,202452,148.0,Flu,202452,2024-12-28
dc,202452,38.0,Flu,202452,2024-12-28
de,202452,96.0,Flu,202452,2024-12-28
fl,202452,2077.0,Flu,202452,2024-12-28
ga,202452,800.0,Flu,202452,2024-12-28
gu,202452,3.0,Flu,202452,2024-12-28
hi,202452,57.0,Flu,202452,2024-12-28
ia,202452,118.0,Flu,202452,2024-12-28
id,202452,333.0,Flu,202452,2024-12-28
il,202452,1143.0,Flu,202452,2024-12-28
in,202452,590.0,Flu,202452,2024-12-28
ks,202452,225.0,Flu,202452,2024-12-28
ky,202452,515.0,Flu,202452,2024-12-28
la,202452,590.0,Flu,202452,2024-12-28
ma,202452,287.0,Flu,202452,2024-12-28
md,202452,195.0,Flu,202452,2024-12-28
me,202452,31.0,Flu,202452,2024-12-28
mi,202452,489.0,Flu,202452,2024-12-28
mn,202452,543.0,Flu,202452,2024-12-28
mo,202452,611.0,Flu,202452,2024-12-28
mp,202452,,Flu,202452,2024-12-28
ms,202452,212.0,Flu,202452,2024-12-28
mt,202452,60.0,Flu,202452,2024-12-28
nc,202452,611.0,Flu,202452,2024-12-28
nd,202452,22.0,Flu,202452,2024-12-28
ne,202452,131.0,Flu,202452,2024-12-28
nh,202452,53.0,Flu,202452,2024-12-28
nj,202452,723.0,Flu,202452,2024-12-28
nm,202452,234.0,Flu,202452,2024-12-28
nv,202452,260.0,Flu,202452,2024-12-28
ny,202452,1528.0,Flu,202452,2024-12-28
oh,202452,725.0,Flu,202452,2024-12-28
ok,202452,282.0,Flu,202452,2024-12-28
or,202452,558.0,Flu,202452,2024-12-28
pa,202452,1208.0,Flu,202452,2024-12-28
pr,202452,707.0,Flu,202452,2024-12-28
ri,202452,65.0,Flu,202452,2024-12-28
sc,202452,327.0,Flu,202452,2024-12-28
sd,202452,33.0,Flu,202452,2024-12-28
tn,202452,747.0,Flu,202452,2024-12-28
tx,202452,2086.0,Flu,202452,2024-12-28
ut,202452,295.0,Flu,202452,2024-12-28
va,202452,374.0,Flu,202452,2024-12-28
vi,202452,1.0,Flu,202452,2024-12-28
vt,202452,19.0,Flu,202452,2024-12-28
wa,202452,541.0,Flu,202452,2024-12-28
wi,202452,253.0,Flu,202452,2024-12-28
wv,202452,108.0,Flu,202452,2024-12-28
wy,202452,84.0,Flu,202452,2024-12-28
ak,202501,64.0,Flu,202501,2025-01-04
al,202501,684.0,Flu,202501,2025-01-04
ar,202501,211.0,Flu,202501,2025-01-04
as,202501,3.0,Flu,202501,2025-01-04
az,202501,2846.0,Flu,202501,2025-01-04
ca,202501,4025.0,Flu,202501,2025-01-04
co,202501,760.0,Flu,202501,2025-01-04
ct,202501,306.0,Flu,202501,2025-01-04
dc,202501,96.0,Flu,202501,2025-01-04
de,202501,185.0,Flu,202501,2025-01-04
fl,202501,2871.0,Flu,202501,2025-01-04
ga,202501,1144.0,Flu,202501,2025-01-04
gu,202501,0.0,Flu,202501,2025-01-04
hi,202501,125.0,Flu,202501,2025-01-04
ia,202501,190.0,Flu,202501,2025-01-04
id,202501,252.0,Flu,202501,2025-01-04
il,202501,1595.0,Flu,202501,2025-01-04
in,202501,829.0,Flu,202501,2025-01-04
ks,202501,353.0,Flu,202501,2025-01-04
ky,202501,678.0,Flu,202501,2025-01-04
la,202501,713.0,Flu,202501,2025-01-04
ma,202501,576.0,Flu,202501,2025-01-04
md,202501,457.0,Flu,202501,2025-01-04
me,202501,88.0,Flu,202501,2025-01-04
mi,202501,644.0,Flu,202501,2025-01-04
mn,202501,942.0,Flu,202501,2025-01-04
mo,202501,827.0,Flu,202501,2025-01-04
mp,202501,,Flu,202501,2025-01-04
ms,202501,285.0,Flu,202501,2025-01-04
mt,202501,71.0,Flu,202501,2025-01-04
nc,202501,942.0,Flu,202501,2025-01-04
nd,202501,56.0,Flu,202501,2025-01-04
ne,202501,211.0,Flu,202501,2025-01-04
nh,202501,108.0,Flu,202501,2025-01-04
nj,202501,1326.0,Flu,202501,2025-01-04
nm,202501,320.0,Flu,202501,2025-01-04
nv,202501,387.0,Flu,202501,2025-01-04
ny,202501,2594.0,Flu,202501,2025-01-04
oh,202501,1302.0,Flu,202501,2025-01-04
ok,202501,404.0,Flu,202501,2025-01-04
or,202501,539.0,Flu,202501,2025-01-04
pa,202501,2031.0,Flu,202501,2025-01-04
pr,202501,1010.0,Flu,202501,2025-01-04
ri,202501,93.0,Flu,202501,2025-01-04
sc,202501,520.0,Flu,202501,2025-01-04
sd,202501,47.0,Flu,202501,2025-01-04
tn,202501,1063.0,Flu,202501,2025-01-04
tx,202501,2527.0,Flu,202501,2025-01-04
ut,202501,388.0,Flu,202501,2025-01-04
va,202501,669.0,Flu,202501,2025-01-04
vi,202501,0.0,Flu,202501,2025-01-04
vt,202501,35.0,Flu,202501,2025-01-04
wa,202501,531.0,Flu,202501,2025-01-04
wi,202501,389.0,Flu,202501,2025-01-04
wv,202501,199.0,Flu,202501,2025-01-04
wy,202501,116.0,Flu,202501,2025-01-04
ak,202502,45.0,Flu,202502,2025-01-11
al,202502,473.0,Flu,202502,2025-01-11
ar,202502,158.0,Flu,202502,2025-01-11
as,202502,1.0,Flu,202502,2025-01-11
az,202502,1483.0,Flu,202502,2025-01-11
ca,202502,3266.0,Flu,202502,2025-01-11
co,202502,499.0,Flu,202502,2025-01-11
ct,202502,258.0,Flu,202502,2025-01-11
dc,202502,44.0,Flu,202502,2025-01-11
de,202502,108.0,Flu,202502,2025-01-11
fl,202502,2454.0,Flu,202502,2025-01-11
ga,202502,823.0,Flu,202502,2025-01-11
gu,202502,3.0,Flu,202502,2025-01-11
hi,202502,113.0,Flu,202502,2025-01-11
ia,202502,266.0,Flu,202502,2025-01-11
id,202502,136.0,Flu,202502,2025-01-11
il,202502,1410.0,Flu,202502,2025-01-11
in,202502,523.0,Flu,202502,2025-01-11
ks,202502,236.0,Flu,202502,2025-01-11
ky,202502,463.0,Flu,202502,2025-01-11
la,202502,446.0,Flu,202502,2025-01-11
ma,202502,594.0,Flu,202502,2025-01-11
md,202502,372.0,Flu,202502,2025-01-11
me,202502,92.0,Flu,202502,2025-01-11
mi,202502,757.0,Flu,202502,2025-01-11
mn,202502,893.0,Flu,202502,2025-01-11
mo,202502,647.0,Flu,202502,2025-01-11
mp,202502,,Flu,202502,2025-01-11
ms,202502,229.0,Flu,202502,2025-01-11
mt,202502,65.0,Flu,202502,2025-01-11
nc,202502,833.0,Flu,202502,2025-01-11
nd,202502,37.0,Flu,202502,2025-01-11
ne,202502,171.0,Flu,202502,2025-01-11
nh,202502,90.0,Flu,202502,2025-01-11
nj,202502,1078.0,Flu,202502,2025-01-11
nm,202502,252.0,Flu,202502,2025-01-11
nv,202502,262.0,Flu,202502,2025-01-11
ny,202502,2249.0,Flu,202502,2025-01-11
oh,202502,1044.0,Flu,202502,2025-01-11
ok,202502,285.0,Flu,202502,2025-01-11
or,202502,321.0,Flu,202502,2025-01-11
pa,202502,2059.0,Flu,202502,2025-01-11
pr,202502,1249.0,Flu,202502,2025-01-11
ri,202502,69.0,Flu,202502,2025-01-11
sc,202502,443.0,Flu,202502,2025-01-11
sd,202502,50.0,Flu,202502,2025-01-11
tn,202502,684.0,Flu,202502,2025-01-11
tx,202502,2054.0,Flu,202502,2025-01-11
ut,202502,256.0,Flu,202502,2025-01-11
va,202502,464.0,Flu,202502,2025-01-11
vi,202502,0.0,Flu,202502,2025-01-11
vt,202502,35.0,Flu,202502,2025-01-11
wa,202502,392.0,Flu,202502,2025-01-11
wi,202502,388.0,Flu,202502,2025-01-11
wv,202502,144.0,Flu,202502,2025-01-11
wy,202502,62.0,Flu,202502,2025-01-11
ak,202503,33.0,Flu,202503,2025-01-18
al,202503,487.0,Flu,202503,2025-01-18
ar,202503,222.0,Flu,202503,2025-01-18
as,202503,1.0,Flu,202503,2025-01-18
az,202503,1077.0,Flu,202503,2025-01-18
ca,202503,3668.0,Flu,202503,2025-01-18
co,202503,441.0,Flu,202503,2025-01-18
ct,202503,251.0,Flu,202503,2025-01-18
dc,202503,58.0,Flu,202503,2025-01-18
de,202503,94.0,Flu,202503,2025-01-18
fl,202503,2708.0,Flu,202503,2025-01-18
ga,202503,992.0,Flu,202503,2025-01-18
gu,202503,0.0,Flu,202503,2025-01-18
hi,202503,91.0,Flu,202503,2025-01-18
ia,202503,246.0,Flu,202503,2025-01-18
id,202503,125.0,Flu,202503,2025-01-18
il,202503,1383.0,Flu,202503,2025-01-18
in,202503,542.0,Flu,202503,2025-01-18
ks,202503,200.0,Flu,202503,2025-01-18
ky,202503,397.0,Flu,202503,2025-01-18
la,202503,477.0,Flu,202503,2025-01-18
ma,202503,757.0,Flu,202503,2025-01-18
md,202503,466.0,Flu,202503,2025-01-18
me,202503,86.0,Flu,202503,2025-01-18
mi,202503,636.0,Flu,202503,2025-01-18
mn,202503,923.0,Flu,202503,2025-01-18
mo,202503,559.0,Flu,202503,2025-01-18
mp,202503,,Flu,202503,2025-01-18
ms,202503,251.0,Flu,202503,2025-01-18
mt,202503,80.0,Flu,202503,2025-01-18
nc,202503,1109.0,Flu,202503,2025-01-18
nd,202503,60.0,Flu,202503,2025-01-18
ne,202503,128.0,Flu,202503,2025-01-18
nh,202503,86.0,Flu,202503,2025-01-18
nj,202503,1259.0,Flu,202503,2025-01-18
nm,202503,251.0,Flu,202503,2025-01-18
nv,202503,190.0,Flu,202503,2025-01-18
ny,202503,2617.0,Flu,202503,2025-01-18
oh,202503,1148.0,Flu,202503,2025-01-18
ok,202503,439.0,Flu,202503,2025-01-18
or,202503,290.0,Flu,202503,2025-01-18
pa,202503,2480.0,Flu,202503,2025-01-18
pr,202503,643.0,Flu,202503,2025-01-18
ri,202503,107.0,Flu,202503,2025-01-18
sc,202503,642.0,Flu,202503,2025-01-18
sd,202503,55.0,Flu,202503,2025-01-18
tn,202503,570.0,Flu,202503,2025-01-18
tx,202503,2445.0,Flu,202503,2025-01-18
ut,202503,199.0,Flu,202503,2025-01-18
va,202503,493.0,Flu,202503,2025-01-18
vi,202503,3.0,Flu,202503,2025-01-18
vt,202503,41.0,Flu,202503,2025-01-18
wa,202503,360.0,Flu,202503,2025-01-18
wi,202503,593.0,Flu,202503,2025-01-18
wv,202503,133.0,Flu,202503,2025-01-18
wy,202503,84.0,Flu,202503,2025-01-18
ak,202504,29.0,Flu,202504,2025-01-25
al,202504,625.0,Flu,202504,2025-01-25
ar,202504,387.0,Flu,202504,2025-01-25
as,202504,,Flu,202504,2025-01-25
az,202504,999.0,Flu,202504,2025-01-25
ca,202504,4091.0,Flu,202504,2025-01-25
co,202504,456.0,Flu,202504,2025-01-25
ct,202504,385.0,Flu,202504,2025-01-25
dc,202504,207.0,Flu,202504,2025-01-25
de,202504,117.0,Flu,202504,2025-01-25
fl,202504,3241.0,Flu,202504,2025-01-25
ga,202504,1195.0,Flu,202504,2025-01-25
gu,202504,5.0,Flu,202504,2025-01-25
hi,202504,88.0,Flu,202504,2025-01-25
ia,202504,304.0,Flu,202504,2025-01-25
id,202504,105.0,Flu,202504,2025-01-25
il,202504,1728.0,Flu,202504,2025-01-25
in,202504,788.0,Flu,202504,2025-01-25
ks,202504,216.0,Flu,202504,2025-01-25
ky,202504,439.0,Flu,202504,2025-01-25
la,202504,521.0,Flu,202504,2025-01-25
ma,202504,991.0,Flu,202504,2025-01-25
md,202504,611.0,Flu,202504,2025-01-25
me,202504,109.0,Flu,202504,2025-01-25
mi,202504,1013.0,Flu,202504,2025-01-25
mn,202504,925.0,Flu,202504,2025-01-25
mo,202504,655.0,Flu,202504,2025-01-25
mp,202504,,Flu,202504,2025-01-25
ms,202504,350.0,Flu,202504,2025-01-25
mt,202504,68.0,Flu,202504,2025-01-25
nc,202504,1582.0,Flu,202504,2025-01-25
nd,202504,89.0,Flu,202504,2025-01-25
ne,202504,182.0,Flu,202504,2025-01-25
nh,202504,144.0,Flu,202504,2025-01-25
nj,202504,1591.0,Flu,202504,2025-01-25
nm,202504,196.0,Flu,202504,2025-01-25
nv,202504,198.0,Flu,202504,2025-01-25
ny,202504,2931.0,Flu,202504,2025-01-25
oh,202504,1735.0,Flu,202504,2025-01-25
ok,202504,692.0,Flu,202504,2025-01-25
or,202504,277.0,Flu,202504,2025-01-25
pa,202504,3179.0,Flu,202504,2025-01-25
pr,202504,505.0,Flu,202504,2025-01-25
ri,202504,114.0,Flu,202504,2025-01-25
sc,202504,833.0,Flu,202504,2025-01-25
sd,202504,88.0,Flu,202504,2025-01-25
tn,202504,646.0,Flu,202504,2025-01-25
tx,202504,3319.0,Flu,202504,2025-01-25
ut,202504,185.0,Flu,202504,2025-01-25
va,202504,685.0,Flu,202504,2025-01-25
vi,202504,0.0,Flu,202504,2025-01-25
vt,202504,58.0,Flu,202504,2025-01-25
wa,202504,417.0,Flu,202504,2025-01-25
wi,202504,857.0,Flu,202504,2025-01-25
wv,202504,160.0,Flu,202504,2025-01-25
wy,202504,89.0,Flu,202504,2025-01-25
ak,202505,30.0,Flu,202505,2025-02-01
al,202505,734.0,Flu,202505,2025-02-01
ar,202505,550.0,Flu,202505,2025-02-01
as,202505,,Flu,202505,2025-02-01
az,202505,836.0,Flu,202505,2025-02-01
ca,202505,4599.0,Flu,202505,2025-02-01
co,202505,543.0,Flu,202505,2025-02-01
ct,202505,493.0,Flu,202505,2025-02-01
dc,202505,197.0,Flu,202505,2025-02-01
de,202505,198.0,Flu,202505,2025-02-01
fl,202505,3787.0,Flu,202505,2025-02-01
ga,202505,1373.0,Flu,202505,2025-02-01
gu,202505,6.0,Flu,202505,2025-02-01
hi,202505,70.0,Flu,202505,2025-02-01
ia,202505,457.0,Flu,202505,2025-02-01
id,202505,162.0,Flu,202505,2025-02-01
il,202505,2146.0,Flu,202505,2025-02-01
in,202505,1295.0,Flu,202505,2025-02-01
ks,202505,390.0,Flu,202505,2025-02-01
ky,202505,741.0,Flu,202505,2025-02-01
la,202505,620.0,Flu,202505,2025-02-01
ma,202505,1347.0,Flu,202505,2025-02-01
md,202505,810.0,Flu,202505,2025-02-01
me,202505,151.0,Flu,202505,2025-02-01
mi,202505,1376.0,Flu,202505,2025-02-01
mn,202505,881.0,Flu,202505,2025-02-01
mo,202505,1039.0,Flu,202505,2025-02-01
mp,202505,,Flu,202505,2025-02-01
ms,202505,589.0,Flu,202505,2025-02-01
mt,202505,109.0,Flu,202505,2025-02-01
nc,202505,2082.0,Flu,202505,2025-02-01
nd,202505,103.0,Flu,202505,2025-02-01
ne,202505,308.0,Flu,202505,2025-02-01
nh,202505,174.0,Flu,202505,2025-02-01
nj,202505,1794.0,Flu,202505,2025-02-01
nm,202505,214.0,Flu,202505,2025-02-01
nv,202505,179.0,Flu,202505,2025-02-01
ny,202505,3128.0,Flu,202505,2025-02-01
oh,202505,2523.0,Flu,202505,2025-02-01
ok,202505,1114.0,Flu,202505,2025-02-01
or,202505,500.0,Flu,202505,2025-02-01
pa,202505,3852.0,Flu,202505,2025-02-01
pr,202505,348.0,Flu,202505,2025-02-01
ri,202505,173.0,Flu,202505,2025-02-01
sc,202505,1287.0,Flu,202505,2025-02-01
sd,202505,139.0,Flu,202505,2025-02-01
tn,202505,944.0,Flu,202505,2025-02-01
tx,202505,4729.0,Flu,202505,2025-02-01
ut,202505,195.0,Flu,202505,2025-02-01
va,202505,1083.0,Flu,202505,2025-02-01
vi,202505,0.0,Flu,202505,2025-02-01
vt,202505,84.0,Flu,202505,2025-02-01
wa,202505,602.0,Flu,202505,2025-02-01
wi,202505,1068.0,Flu,202505,2025-02-01
wv,202505,267.0,Flu,202505,2025-02-01
wy,202505,102.0,Flu,202505,2025-02-01
ak,202506,26.0,Flu,202506,2025-02-08
al,202506,659.0,Flu,202506,2025-02-08
ar,202506,750.0,Flu,202506,2025-02-08
as,202506,,Flu,202506,2025-02-08
az,202506,836.0,Flu,202506,2025-02-08
ca,202506,3676.0,Flu,202506,2025-02-08
co,202506,622.0,Flu,202506,2025-02-08
ct,202506,538.0,Flu,202506,2025-02-08
dc,202506,259.0,Flu,202506,2025-02-08
de,202506,231.0,Flu,202506,2025-02-08
fl,202506,3349.0,Flu,202506,2025-02-08
ga,202506,1301.0,Flu,202506,2025-02-08
gu,202506,0.0,Flu,202506,2025-02-08
hi,202506,83.0,Flu,202506,2025-02-08
ia,202506,607.0,Flu,202506,2025-02-08
id,202506,175.0,Flu,202506,2025-02-08
il,202506,2369.0,Flu,202506,2025-02-08
in,202506,1711.0,Flu,202506,2025-02-08
ks,202506,483.0,Flu,202506,2025-02-08
ky,202506,1196.0,Flu,202506,2025-02-08
la,202506,494.0,Flu,202506,2025-02-08
ma,202506,1637.0,Flu,202506,2025-02-08
md,202506,1086.0,Flu,202506,2025-02-08
me,202506,205.0,Flu,202506,2025-02-08
mi,202506,1721.0,Flu,202506,2025-02-08
mn,202506,716.0,Flu,202506,2025-02-08
mo,202506,1335.0,Flu,202506,2025-02-08
mp,202506,,Flu,202506,2025-02-08
ms,202506,503.0,Flu,202506,2025-02-08
mt,202506,161.0,Flu,202506,2025-02-08
nc,202506,2280.0,Flu,202506,2025-02-08
nd,202506,125.0,Flu,202506,2025-02-08
ne,202506,319.0,Flu,202506,2025-02-08
nh,202506,203.0,Flu,202506,2025-02-08
nj,202506,1888.0,Flu,202506,2025-02-08
nm,202506,215.0,Flu,202506,2025-02-08
nv,202506,222.0,Flu,202506,2025-02-08
ny,202506,2942.0,Flu,202506,2025-02-08
oh,202506,3269.0,Flu,202506,2025-02-08
ok,202506,1076.0,Flu,202506,2025-02-08
or,202506,566.0,Flu,202506,2025-02-08
pa,202506,4357.0,Flu,202506,2025-02-08
pr,202506,251.0,Flu,202506,2025-02-08
ri,202506,202.0,Flu,202506,2025-02-08
sc,202506,1241.0,Flu,202506,2025-02-08
sd,202506,207.0,Flu,202506,2025-02-08
tn,202506,1067.0,Flu,202506,2025-02-08
tx,202506,4261.0,Flu,202506,2025-02-08
ut,202506,218.0,Flu,202506,2025-02-08
va,202506,1315.0,Flu,202506,2025-02-08
vi,202506,0.0,Flu,202506,2025-02-08
vt,202506,134.0,Flu,202506,2025-02-08
wa,202506,747.0,Flu,202506,2025-02-08
wi,202506,1153.0,Flu,202506,2025-02-08
wv,202506,458.0,Flu,202506,2025-02-08
wy,202506,106.0,Flu,202506,2025-02-08
ak,202507,53.0,Flu,202507,2025-02-15
al,202507,415.0,Flu,202507,2025-02-15
ar,202507,542.0,Flu,202507,2025-02-15
as,202507,,Flu,202507,2025-02-15
az,202507,711.0,Flu,202507,2025-02-15
ca,202507,2800.0,Flu,202507,2025-02-15
co,202507,583.0,Flu,202507,2025-02-15
ct,202507,499.0,Flu,202507,2025-02-15
dc,202507,83.0,Flu,202507,2025-02-15
de,202507,230.0,Flu,202507,2025-02-15
fl,202507,2614.0,Flu,202507,2025-02-15
ga,202507,744.0,Flu,202507,2025-02-15
gu,202507,4.0,Flu,202507,2025-02-15
hi,202507,79.0,Flu,202507,2025-02-15
ia,202507,516.0,Flu,202507,2025-02-15
id,202507,152.0,Flu,202507,2025-02-15
il,202507,2064.0,Flu,202507,2025-02-15
in,202507,1717.0,Flu,202507,2025-02-15
ks,202507,519.0,Flu,202507,2025-02-15
ky,202507,1203.0,Flu,202507,2025-02-15
la,202507,387.0,Flu,202507,2025-02-15
ma,202507,1522.0,Flu,202507,2025-02-15
md,202507,1081.0,Flu,202507,2025-02-15
me,202507,267.0,Flu,202507,2025-02-15
mi,202507,1783.0,Flu,202507,2025-02-15
mn,202507,507.0,Flu,202507,2025-02-15
mo,202507,1425.0,Flu,202507,2025-02-15
mp,202507,,Flu,202507,2025-02-15
ms,202507,289.0,Flu,202507,2025-02-15
mt,202507,159.0,Flu,202507,2025-02-15
nc,202507,1694.0,Flu,202507,2025-02-15
nd,202507,85.0,Flu,202507,2025-02-15
ne,202507,311.0,Flu,202507,2025-02-15
nh,202507,205.0,Flu,202507,2025-02-15
nj,202507,1517.0,Flu,202507,2025-02-15
nm,202507,248.0,Flu,202507,2025-02-15
nv,202507,148.0,Flu,202507,2025-02-15
ny,202507,2492.0,Flu,202507,2025-02-15
oh,202507,3705.0,Flu,202507,2025-02-15
ok,202507,787.0,Flu,202507,2025-02-15
or,202507,502.0,Flu,202507,2025-02-15
pa,202507,4569.0,Flu,202507,2025-02-15
pr,202507,355.0,Flu,202507,2025-02-15
ri,202507,180.0,Flu,202507,2025-02-15
sc,202507,690.0,Flu,202507,2025-02-15
sd,202507,183.0,Flu,202507,2025-02-15
tn,202507,699.0,Flu,202507,2025-02-15
tx,202507,2511.0,Flu,202507,2025-02-15
ut,202507,203.0,Flu,202507,2025-02-15
va,202507,1190.0,Flu,202507,2025-02-15
vi,202507,1.0,Flu,202507,2025-02-15
vt,202507,115.0,Flu,202507,2025-02-15
wa,202507,659.0,Flu,202507,2025-02-15
wi,202507,1107.0,Flu,202507,2025-02-15
wv,202507,617.0,Flu,202507,2025-02-15
wy,202507,72.0,Flu,202507,2025-02-15
ak,202508,52.0,Flu,202508,2025-02-22
al,202508,286.0,Flu,202508,2025-02-22
ar,202508,392.0,Flu,202508,2025-02-22
as,202508,,Flu,202508,2025-02-22
az,202508,647.0,Flu,202508,2025-02-22
ca,202508,2052.0,Flu,202508,2025-02-22
co,202508,484.0,Flu,202508,2025-02-22
ct,202508,372.0,Flu,202508,2025-02-22
dc,202508,102.0,Flu,202508,2025-02-22
de,202508,164.0,Flu,202508,2025-02-22
fl,202508,2076.0,Flu,202508,2025-02-22
ga,202508,461.0,Flu,202508,2025-02-22
gu,202508,2.0,Flu,202508,2025-02-22
hi,202508,86.0,Flu,202508,2025-02-22
ia,202508,404.0,Flu,202508,2025-02-22
id,202508,152.0,Flu,202508,2025-02-22
il,202508,1706.0,Flu,202508,2025-02-22
in,202508,1649.0,Flu,202508,2025-02-22
ks,202508,413.0,Flu,202508,2025-02-22
ky,202508,896.0,Flu,202508,2025-02-22
la,202508,330.0,Flu,202508,2025-02-22
ma,202508,1381.0,Flu,202508,2025-02-22
md,202508,764.0,Flu,202508,2025-02-22
me,202508,266.0,Flu,202508,2025-02-22
mi,202508,1799.0,Flu,202508,2025-02-22
mn,202508,397.0,Flu,202508,2025-02-22
mo,202508,1380.0,Flu,202508,2025-02-22
mp,202508,,Flu,202508,2025-02-22
ms,202508,223.0,Flu,202508,2025-02-22
mt,202508,208.0,Flu,202508,2025-02-22
nc,202508,1174.0,Flu,202508,2025-02-22
nd,202508,63.0,Flu,202508,2025-02-22
ne,202508,297.0,Flu,202508,2025-02-22
nh,202508,212.0,Flu,202508,2025-02-22
nj,202508,1205.0,Flu,202508,2025-02-22
nm,202508,248.0,Flu,202508,2025-02-22
nv,202508,123.0,Flu,202508,2025-02-22
ny,202508,2035.0,Flu,202508,2025-02-22
oh,202508,3266.0,Flu,202508,2025-02-22
ok,202508,500.0,Flu,202508,2025-02-22
or,202508,486.0,Flu,202508,2025-02-22
pa,202508,3747.0,Flu,202508,2025-02-22
pr,202508,240.0,Flu,202508,2025-02-22
ri,202508,160.0,Flu,202508,2025-02-22
sc,202508,479.0,Flu,202508,2025-02-22
sd,202508,110.0,Flu,202508,2025-02-22
tn,202508,546.0,Flu,202508,2025-02-22
tx,202508,1774.0,Flu,202508,2025-02-22
ut,202508,183.0,Flu,202508,2025-02-22
va,202508,909.0,Flu,202508,2025-02-22
vi,202508,0.0,Flu,202508,2025-02-22
vt,202508,107.0,Flu,202508,2025-02-22
wa,202508,671.0,Flu,202508,2025-02-22
wi,202508,892.0,Flu,202508,2025-02-22
wv,202508,640.0,Flu,202508,2025-02-22
wy,202508,99.0,Flu,202508,2025-02-22
ak,202509,57.0,Flu,202509,2025-03-01
al,202509,329.0,Flu,202509,2025-03-01
ar,202509,361.0,Flu,202509,2025-03-01
as,202509,,Flu,202509,2025-03-01
az,202509,657.0,Flu,202509,2025-03-01
ca,202509,1466.0,Flu,202509,2025-03-01
co,202509,381.0,Flu,202509,2025-03-01
ct,202509,278.0,Flu,202509,2025-03-01
dc,202509,120.0,Flu,202509,2025-03-01
de,202509,125.0,Flu,202509,2025-03-01
fl,202509,1630.0,Flu,202509,2025-03-01
ga,202509,437.0,Flu,202509,2025-03-01
gu,202509,0.0,Flu,202509,2025-03-01
hi,202509,67.0,Flu,202509,2025-03-01
ia,202509,355.0,Flu,202509,2025-03-01
id,202509,124.0,Flu,202509,2025-03-01
il,202509,1311.0,Flu,202509,2025-03-01
in,202509,1210.0,Flu,202509,2025-03-01
ks,202509,308.0,Flu,202509,2025-03-01
ky,202509,774.0,Flu,202509,2025-03-01
la,202509,359.0,Flu,202509,2025-03-01
ma,202509,1246.0,Flu,202509,2025-03-01
md,202509,548.0,Flu,202509,2025-03-01
me,202509,205.0,Flu,202509,2025-03-01
mi,202509,1666.0,Flu,202509,2025-03-01
mn,202509,296.0,Flu,202509,2025-03-01
mo,202509,861.0,Flu,202509,2025-03-01
mp,202509,2.0,Flu,202509,2025-03-01
ms,202509,214.0,Flu,202509,2025-03-01
mt,202509,191.0,Flu,202509,2025-03-01
nc,202509,918.0,Flu,202509,2025-03-01
nd,202509,47.0,Flu,202509,2025-03-01
ne,202509,197.0,Flu,202509,2025-03-01
nh,202509,190.0,Flu,202509,2025-03-01
nj,202509,938.0,Flu,202509,2025-03-01
nm,202509,184.0,Flu,202509,2025-03-01
nv,202509,97.0,Flu,202509,2025-03-01
ny,202509,1630.0,Flu,202509,2025-03-01
oh,202509,2611.0,Flu,202509,2025-03-01
ok,202509,334.0,Flu,202509,2025-03-01
or,202509,323.0,Flu,202509,2025-03-01
pa,202509,3135.0,Flu,202509,2025-03-01
pr,202509,315.0,Flu,202509,2025-03-01
ri,202509,107.0,Flu,202509,2025-03-01
sc,202509,446.0,Flu,202509,2025-03-01
sd,202509,89.0,Flu,202509,2025-03-01
tn,202509,526.0,Flu,202509,2025-03-01
tx,202509,1553.0,Flu,202509,2025-03-01
ut,202509,123.0,Flu,202509,2025-03-01
va,202509,727.0,Flu,202509,2025-03-01
vi,202509,0.0,Flu,202509,2025-03-01
vt,202509,65.0,Flu,202509,2025-03-01
wa,202509,422.0,Flu,202509,2025-03-01
wi,202509,783.0,Flu,202509,2025-03-01
wv,202509,511.0,Flu,202509,2025-03-01
wy,202509,57.0,Flu,202509,2025-03-01
ak,202510,62.0,Flu,202510,2025-03-08
al,202510,314.0,Flu,202510,2025-03-08
ar,202510,325.0,Flu,202510,2025-03-08
as,202510,,Flu,202510,2025-03-08
az,202510,499.0,Flu,202510,2025-03-08
ca,202510,1069.0,Flu,202510,2025-03-08
co,202510,311.0,Flu,202510,2025-03-08
ct,202510,187.0,Flu,202510,2025-03-08
dc,202510,103.0,Flu,202510,2025-03-08
de,202510,81.0,Flu,202510,2025-03-08
fl,202510,1322.0,Flu,202510,2025-03-08
ga,202510,396.0,Flu,202510,2025-03-08
gu,202510,0.0,Flu,202510,2025-03-08
hi,202510,63.0,Flu,202510,2025-03-08
ia,202510,271.0,Flu,202510,2025-03-08
id,202510,95.0,Flu,202510,2025-03-08
il,202510,960.0,Flu,202510,2025-03-08
in,202510,900.0,Flu,202510,2025-03-08
ks,202510,251.0,Flu,202510,2025-03-08
ky,202510,633.0,Flu,202510,2025-03-08
la,202510,398.0,Flu,202510,2025-03-08
ma,202510,749.0,Flu,202510,2025-03-08
md,202510,379.0,Flu,202510,2025-03-08
me,202510,200.0,Flu,202510,2025-03-08
mi,202510,1261.0,Flu,202510,2025-03-08
mn,202510,213.0,Flu,202510,2025-03-08
mo,202510,693.0,Flu,202510,2025-03-08
mp,202510,3.0,Flu,202510,2025-03-08
ms,202510,181.0,Flu,202510,2025-03-08
mt,202510,159.0,Flu,202510,2025-03-08
nc,202510,822.0,Flu,202510,2025-03-08
nd,202510,31.0,Flu,202510,2025-03-08
ne,202510,153.0,Flu,202510,2025-03-08
nh,202510,145.0,Flu,202510,2025-03-08
nj,202510,630.0,Flu,202510,2025-03-08
nm,202510,178.0,Flu,202510,2025-03-08
nv,202510,79.0,Flu,202510,2025-03-08
ny,202510,1278.0,Flu,202510,2025-03-08
oh,202510,1905.0,Flu,202510,2025-03-08
ok,202510,236.0,Flu,202510,2025-03-08
or,202510,208.0,Flu,202510,2025-03-08
pa,202510,2428.0,Flu,202510,2025-03-08
pr,202510,283.0,Flu,202510,2025-03-08
ri,202510,79.0,Flu,202510,2025-03-08
sc,202510,408.0,Flu,202510,2025-03-08
sd,202510,59.0,Flu,202510,2025-03-08
tn,202510,479.0,Flu,202510,2025-03-08
tx,202510,1209.0,Flu,202510,2025-03-08
ut,202510,127.0,Flu,202510,2025-03-08
va,202510,556.0,Flu,202510,2025-03-08
vi,202510,0.0,Flu,202510,2025-03-08
vt,202510,43.0,Flu,202510,2025-03-08
wa,202510,253.0,Flu,202510,2025-03-08
wi,202510,501.0,Flu,202510,2025-03-08
wv,202510,458.0,Flu,202510,2025-03-08
wy,202510,53.0,Flu,202510,2025-03-08
ak,202511,31.0,Flu,202511,2025-03-15
al,202511,272.0,Flu,202511,2025-03-15
ar,202511,229.0,Flu,202511,2025-03-15
as,202511,4.0,Flu,202511,2025-03-15
az,202511,393.0,Flu,202511,2025-03-15
ca,202511,997.0,Flu,202511,2025-03-15
co,202511,215.0,Flu,202511,2025-03-15
ct,202511,153.0,Flu,202511,2025-03-15
dc,202511,81.0,Flu,202511,2025-03-15
de,202511,64.0,Flu,202511,2025-03-15
fl,202511,1107.0,Flu,202511,2025-03-15
ga,202511,365.0,Flu,202511,2025-03-15
gu,202511,1.0,Flu,202511,2025-03-15
hi,202511,56.0,Flu,202511,2025-03-15
ia,202511,187.0,Flu,202511,2025-03-15
id,202511,99.0,Flu,202511,2025-03-15
il,202511,718.0,Flu,202511,2025-03-15
in,202511,599.0,Flu,202511,2025-03-15
ks,202511,164.0,Flu,202511,2025-03-15
ky,202511,494.0,Flu,202511,2025-03-15
la,202511,327.0,Flu,202511,2025-03-15
ma,202511,446.0,Flu,202511,2025-03-15
md,202511,291.0,Flu,202511,2025-03-15
me,202511,115.0,Flu,202511,2025-03-15
mi,202511,849.0,Flu,202511,2025-03-15
mn,202511,176.0,Flu,202511,2025-03-15
mo,202511,440.0,Flu,202511,2025-03-15
mp,202511,0.0,Flu,202511,2025-03-15
ms,202511,196.0,Flu,202511,2025-03-15
mt,202511,125.0,Flu,202511,2025-03-15
nc,202511,667.0,Flu,202511,2025-03-15
nd,202511,36.0,Flu,202511,2025-03-15
ne,202511,80.0,Flu,202511,2025-03-15
nh,202511,79.0,Flu,202511,2025-03-15
nj,202511,465.0,Flu,202511,2025-03-15
nm,202511,146.0,Flu,202511,2025-03-15
nv,202511,88.0,Flu,202511,2025-03-15
ny,202511,1107.0,Flu,202511,2025-03-15
oh,202511,1361.0,Flu,202511,2025-03-15
ok,202511,143.0,Flu,202511,2025-03-15
or,202511,184.0,Flu,202511,2025-03-15
pa,202511,1646.0,Flu,202511,2025-03-15
pr,202511,346.0,Flu,202511,2025-03-15
ri,202511,68.0,Flu,202511,2025-03-15
sc,202511,269.0,Flu,202511,2025-03-15
sd,202511,26.0,Flu,202511,2025-03-15
tn,202511,461.0,Flu,202511,2025-03-15
tx,202511,909.0,Flu,202511,2025-03-15
ut,202511,102.0,Flu,202511,2025-03-15
va,202511,514.0,Flu,202511,2025-03-15
vi,202511,1.0,Flu,202511,2025-03-15
vt,202511,32.0,Flu,202511,2025-03-15
wa,202511,201.0,Flu,202511,2025-03-15
wi,202511,326.0,Flu,202511,2025-03-15
wv,202511,347.0,Flu,202511,2025-03-15
wy,202511,44.0,Flu,202511,2025-03-15
ak,202512,26.0,Flu,202512,2025-03-22
al,202512,192.0,Flu,202512,2025-03-22
ar,202512,164.0,Flu,202512,2025-03-22
as,202512,3.0,Flu,202512,2025-03-22
az,202512,346.0,Flu,202512,2025-03-22
ca,202512,711.0,Flu,202512,2025-03-22
co,202512,162.0,Flu,202512,2025-03-22
ct,202512,118.0,Flu,202512,2025-03-22
dc,202512,67.0,Flu,202512,2025-03-22
de,202512,48.0,Flu,202512,2025-03-22
fl,202512,920.0,Flu,202512,2025-03-22
ga,202512,235.0,Flu,202512,2025-03-22
gu,202512,1.0,Flu,202512,2025-03-22
hi,202512,42.0,Flu,202512,2025-03-22
ia,202512,99.0,Flu,202512,2025-03-22
id,202512,83.0,Flu,202512,2025-03-22
il,202512,509.0,Flu,202512,2025-03-22
in,202512,392.0,Flu,202512,2025-03-22
ks,202512,120.0,Flu,202512,2025-03-22
ky,202512,372.0,Flu,202512,2025-03-22
la,202512,230.0,Flu,202512,2025-03-22
ma,202512,320.0,Flu,202512,2025-03-22
md,202512,210.0,Flu,202512,2025-03-22
me,202512,83.0,Flu,202512,2025-03-22
mi,202512,947.0,Flu,202512,2025-03-22
mn,202512,197.0,Flu,202512,2025-03-22
mo,202512,370.0,Flu,202512,2025-03-22
mp,202512,0.0,Flu,202512,2025-03-22
ms,202512,106.0,Flu,202512,2025-03-22
mt,202512,91.0,Flu,202512,2025-03-22
nc,202512,434.0,Flu,202512,2025-03-22
nd,202512,24.0,Flu,202512,2025-03-22
ne,202512,58.0,Flu,202512,2025-03-22
nh,202512,53.0,Flu,202512,2025-03-22
nj,202512,345.0,Flu,202512,2025-03-22
nm,202512,110.0,Flu,202512,2025-03-22
nv,202512,81.0,Flu,202512,2025-03-22
ny,202512,894.0,Flu,202512,2025-03-22
oh,202512,797.0,Flu,202512,2025-03-22
ok,202512,86.0,Flu,202512,2025-03-22
or,202512,126.0,Flu,202512,2025-03-22
pa,202512,1346.0,Flu,202512,2025-03-22
pr,202512,243.0,Flu,202512,2025-03-22
ri,202512,43.0,Flu,202512,2025-03-22
sc,202512,188.0,Flu,202512,2025-03-22
sd,202512,16.0,Flu,202512,2025-03-22
tn,202512,308.0,Flu,202512,2025-03-22
tx,202512,611.0,Flu,202512,2025-03-22
ut,202512,76.0,Flu,202512,2025-03-22
va,202512,339.0,Flu,202512,2025-03-22
vi,202512,0.0,Flu,202512,2025-03-22
vt,202512,34.0,Flu,202512,2025-03-22
wa,202512,165.0,Flu,202512,2025-03-22
wi,202512,186.0,Flu,202512,2025-03-22
wv,202512,275.0,Flu,202512,2025-03-22
wy,202512,30.0,Flu,202512,2025-03-22
ak,202513,32.0,Flu,202513,2025-03-29
al,202513,169.0,Flu,202513,2025-03-29
ar,202513,111.0,Flu,202513,2025-03-29
as,202513,5.0,Flu,202513,2025-03-29
az,202513,238.0,Flu,202513,2025-03-29
ca,202513,596.0,Flu,202513,2025-03-29
co,202513,121.0,Flu,202513,2025-03-29
ct,202513,77.0,Flu,202513,2025-03-29
dc,202513,69.0,Flu,202513,2025-03-29
de,202513,34.0,Flu,202513,2025-03-29
fl,202513,724.0,Flu,202513,2025-03-29
ga,202513,190.0,Flu,202513,2025-03-29
gu,202513,1.0,Flu,202513,2025-03-29
hi,202513,31.0,Flu,202513,2025-03-29
ia,202513,55.0,Flu,202513,2025-03-29
id,202513,50.0,Flu,202513,2025-03-29
il,202513,355.0,Flu,202513,2025-03-29
in,202513,237.0,Flu,202513,2025-03-29
ks,202513,68.0,Flu,202513,2025-03-29
ky,202513,267.0,Flu,202513,2025-03-29
la,202513,178.0,Flu,202513,2025-03-29
ma,202513,223.0,Flu,202513,2025-03-29
md,202513,135.0,Flu,202513,2025-03-29
me,202513,59.0,Flu,202513,2025-03-29
mi,202513,635.0,Flu,202513,2025-03-29
mn,202513,83.0,Flu,202513,2025-03-29
mo,202513,189.0,Flu,202513,2025-03-29
mp,202513,0.0,Flu,202513,2025-03-29
ms,202513,58.0,Flu,202513,2025-03-29
mt,202513,59.0,Flu,202513,2025-03-29
nc,202513,301.0,Flu,202513,2025-03-29
nd,202513,25.0,Flu,202513,2025-03-29
ne,202513,39.0,Flu,202513,2025-03-29
nh,202513,34.0,Flu,202513,2025-03-29
nj,202513,282.0,Flu,202513,2025-03-29
nm,202513,90.0,Flu,202513,2025-03-29
nv,202513,70.0,Flu,202513,2025-03-29
ny,202513,611.0,Flu,202513,2025-03-29
oh,202513,453.0,Flu,202513,2025-03-29
ok,202513,75.0,Flu,202513,2025-03-29
or,202513,95.0,Flu,202513,2025-03-29
pa,202513,958.0,Flu,202513,2025-03-29
pr,202513,212.0,Flu,202513,2025-03-29
ri,202513,26.0,Flu,202513,2025-03-29
sc,202513,137.0,Flu,202513,2025-03-29
sd,202513,11.0,Flu,202513,2025-03-29
tn,202513,219.0,Flu,202513,2025-03-29
tx,202513,539.0,Flu,202513,2025-03-29
ut,202513,54.0,Flu,202513,2025-03-29
va,202513,213.0,Flu,202513,2025-03-29
vi,202513,1.0,Flu,202513,2025-03-29
vt,202513,26.0,Flu,202513,2025-03-29
wa,202513,113.0,Flu,202513,2025-03-29
wi,202513,136.0,Flu,202513,2025-03-29
wv,202513,168.0,Flu,202513,2025-03-29
wy,202513,23.0,Flu,202513,2025-03-29
ak,202514,17.0,Flu,202514,2025-04-05
al,202514,85.0,Flu,202514,2025-04-05
ar,202514,71.0,Flu,202514,2025-04-05
as,202514,,Flu,202514,2025-04-05
az,202514,111.0,Flu,202514,2025-04-05
ca,202514,454.0,Flu,202514,2025-04-05
co,202514,86.0,Flu,202514,2025-04-05
ct,202514,53.0,Flu,202514,2025-04-05
dc,202514,28.0,Flu,202514,2025-04-05
de,202514,24.0,Flu,202514,2025-04-05
fl,202514,591.0,Flu,202514,2025-04-05
ga,202514,162.0,Flu,202514,2025-04-05
gu,202514,0.0,Flu,202514,2025-04-05
hi,202514,39.0,Flu,202514,2025-04-05
ia,202514,43.0,Flu,202514,2025-04-05
id,202514,27.0,Flu,202514,2025-04-05
il,202514,297.0,Flu,202514,2025-04-05
in,202514,126.0,Flu,202514,2025-04-05
ks,202514,40.0,Flu,202514,2025-04-05
ky,202514,175.0,Flu,202514,2025-04-05
la,202514,121.0,Flu,202514,2025-04-05
ma,202514,143.0,Flu,202514,2025-04-05
md,202514,129.0,Flu,202514,2025-04-05
me,202514,55.0,Flu,202514,2025-04-05
mi,202514,305.0,Flu,202514,2025-04-05
mn,202514,68.0,Flu,202514,2025-04-05
mo,202514,130.0,Flu,202514,2025-04-05
mp,202514,0.0,Flu,202514,2025-04-05
ms,202514,55.0,Flu,202514,2025-04-05
mt,202514,32.0,Flu,202514,2025-04-05
nc,202514,188.0,Flu,202514,2025-04-05
nd,202514,14.0,Flu,202514,2025-04-05
ne,202514,14.0,Flu,202514,2025-04-05
nh,202514,17.0,Flu,202514,2025-04-05
nj,202514,248.0,Flu,202514,2025-04-05
nm,202514,58.0,Flu,202514,2025-04-05
nv,202514,41.0,Flu,202514,2025-04-05
ny,202514,508.0,Flu,202514,2025-04-05
oh,202514,274.0,Flu,202514,2025-04-05
ok,202514,40.0,Flu,202514,2025-04-05
or,202514,85.0,Flu,202514,2025-04-05
pa,202514,671.0,Flu,202514,2025-04-05
pr,202514,194.0,Flu,202514,2025-04-05
ri,202514,25.0,Flu,202514,2025-04-05
sc,202514,80.0,Flu,202514,2025-04-05
sd,202514,8.0,Flu,202514,2025-04-05
tn,202514,150.0,Flu,202514,2025-04-05
tx,202514,371.0,Flu,202514,2025-04-05
ut,202514,54.0,Flu,202514,2025-04-05
va,202514,153.0,Flu,202514,2025-04-05
vi,202514,0.0,Flu,202514,2025-04-05
vt,202514,28.0,Flu,202514,2025-04-05
wa,202514,101.0,Flu,202514,2025-04-05
wi,202514,77.0,Flu,202514,2025-04-05
wv,202514,102.0,Flu,202514,2025-04-05
wy,202514,12.0,Flu,202514,2025-04-05
ak,202515,16.0,Flu,202515,2025-04-12
al,202515,54.0,Flu,202515,2025-04-12
ar,202515,32.0,Flu,202515,2025-04-12
as,202515,,Flu,202515,2025-04-12
az,202515,93.0,Flu,202515,2025-04-12
ca,202515,422.0,Flu,202515,2025-04-12
co,202515,62.0,Flu,202515,2025-04-12
ct,202515,40.0,Flu,202515,2025-04-12
dc,202515,8.0,Flu,202515,2025-04-12
de,202515,14.0,Flu,202515,2025-04-12
fl,202515,409.0,Flu,202515,2025-04-12
ga,202515,84.0,Flu,202515,2025-04-12
gu,202515,1.0,Flu,202515,2025-04-12
hi,202515,24.0,Flu,202515,2025-04-12
ia,202515,24.0,Flu,202515,2025-04-12
id,202515,27.0,Flu,202515,2025-04-12
il,202515,156.0,Flu,202515,2025-04-12
in,202515,87.0,Flu,202515,2025-04-12
ks,202515,29.0,Flu,202515,2025-04-12
ky,202515,88.0,Flu,202515,2025-04-12
la,202515,80.0,Flu,202515,2025-04-12
ma,202515,119.0,Flu,202515,2025-04-12
md,202515,94.0,Flu,202515,2025-04-12
me,202515,40.0,Flu,202515,2025-04-12
mi,202515,252.0,Flu,202515,2025-04-12
mn,202515,59.0,Flu,202515,2025-04-12
mo,202515,99.0,Flu,202515,2025-04-12
mp,202515,0.0,Flu,202515,2025-04-12
ms,202515,47.0,Flu,202515,2025-04-12
mt,202515,34.0,Flu,202515,2025-04-12
nc,202515,98.0,Flu,202515,2025-04-12
nd,202515,12.0,Flu,202515,2025-04-12
ne,202515,16.0,Flu,202515,2025-04-12
nh,202515,22.0,Flu,202515,2025-04-12
nj,202515,161.0,Flu,202515,2025-04-12
nm,202515,37.0,Flu,202515,2025-04-12
nv,202515,49.0,Flu,202515,2025-04-12
ny,202515,395.0,Flu,202515,2025-04-12
oh,202515,169.0,Flu,202515,2025-04-12
ok,202515,20.0,Flu,202515,2025-04-12
or,202515,50.0,Flu,202515,2025-04-12
pa,202515,479.0,Flu,202515,2025-04-12
pr,202515,274.0,Flu,202515,2025-04-12
ri,202515,22.0,Flu,202515,2025-04-12
sc,202515,43.0,Flu,202515,2025-04-12
sd,202515,7.0,Flu,202515,2025-04-12
tn,202515,100.0,Flu,202515,2025-04-12
tx,202515,284.0,Flu,202515,2025-04-12
ut,202515,33.0,Flu,202515,2025-04-12
va,202515,93.0,Flu,202515,2025-04-12
vi,202515,0.0,Flu,202515,2025-04-12
vt,202515,8.0,Flu,202515,2025-04-12
wa,202515,74.0,Flu,202515,2025-04-12
wi,202515,66.0,Flu,202515,2025-04-12
wv,202515,47.0,Flu,202515,2025-04-12
wy,202515,4.0,Flu,202515,2025-04-12
ak,202516,12.0,Flu,202516,2025-04-19
al,202516,49.0,Flu,202516,2025-04-19
ar,202516,29.0,Flu,202516,2025-04-19
as,202516,,Flu,202516,2025-04-19
az,202516,88.0,Flu,202516,2025-04-19
ca,202516,354.0,Flu,202516,2025-04-19
co,202516,40.0,Flu,202516,2025-04-19
ct,202516,34.0,Flu,202516,2025-04-19
dc,202516,7.0,Flu,202516,2025-04-19
de,202516,10.0,Flu,202516,2025-04-19
fl,202516,343.0,Flu,202516,2025-04-19
ga,202516,64.0,Flu,202516,2025-04-19
gu,202516,3.0,Flu,202516,2025-04-19
hi,202516,24.0,Flu,202516,2025-04-19
ia,202516,11.0,Flu,202516,2025-04-19
id,202516,13.0,Flu,202516,2025-04-19
il,202516,156.0,Flu,202516,2025-04-19
in,202516,52.0,Flu,202516,2025-04-19
ks,202516,29.0,Flu,202516,2025-04-19
ky,202516,49.0,Flu,202516,2025-04-19
la,202516,70.0,Flu,202516,2025-04-19
ma,202516,86.0,Flu,202516,2025-04-19
md,202516,62.0,Flu,202516,2025-04-19
me,202516,23.0,Flu,202516,2025-04-19
mi,202516,196.0,Flu,202516,2025-04-19
mn,202516,38.0,Flu,202516,2025-04-19
mo,202516,100.0,Flu,202516,2025-04-19
mp,202516,0.0,Flu,202516,2025-04-19
ms,202516,29.0,Flu,202516,2025-04-19
mt,202516,22.0,Flu,202516,2025-04-19
nc,202516,60.0,Flu,202516,2025-04-19
nd,202516,13.0,Flu,202516,2025-04-19
ne,202516,14.0,Flu,202516,2025-04-19
nh,202516,22.0,Flu,202516,2025-04-19
nj,202516,137.0,Flu,202516,2025-04-19
nm,202516,31.0,Flu,202516,2025-04-19
nv,202516,41.0,Flu,202516,2025-04-19
ny,202516,283.0,Flu,202516,2025-04-19
oh,202516,107.0,Flu,202516,2025-04-19
ok,202516,21.0,Flu,202516,2025-04-19
or,202516,43.0,Flu,202516,2025-04-19
pa,202516,417.0,Flu,202516,2025-04-19
pr,202516,187.0,Flu,202516,2025-04-19
ri,202516,17.0,Flu,202516,2025-04-19
sc,202516,34.0,Flu,202516,2025-04-19
sd,202516,10.0,Flu,202516,2025-04-19
tn,202516,59.0,Flu,202516,2025-04-19
tx,202516,271.0,Flu,202516,2025-04-19
ut,202516,27.0,Flu,202516,2025-04-19
va,202516,56.0,Flu,202516,2025-04-19
vi,202516,0.0,Flu,202516,2025-04-19
vt,202516,12.0,Flu,202516,2025-04-19
wa,202516,42.0,Flu,202516,2025-04-19
wi,202516,40.0,Flu,202516,2025-04-19
wv,202516,26.0,Flu,202516,2025-04-19
wy,202516,3.0,Flu,202516,2025-04-19
ak,202517,9.0,Flu,202517,2025-04-26
al,202517,35.0,Flu,202517,2025-04-26
ar,202517,24.0,Flu,202517,2025-04-26
as,202517,1.0,Flu,202517,2025-04-26
az,202517,77.0,Flu,202517,2025-04-26
ca,202517,255.0,Flu,202517,2025-04-26
co,202517,42.0,Flu,202517,2025-04-26
ct,202517,53.0,Flu,202517,2025-04-26
dc,202517,7.0,Flu,202517,2025-04-26
de,202517,4.0,Flu,202517,2025-04-26
fl,202517,267.0,Flu,202517,2025-04-26
ga,202517,44.0,Flu,202517,2025-04-26
gu,202517,0.0,Flu,202517,2025-04-26
hi,202517,24.0,Flu,202517,2025-04-26
ia,202517,14.0,Flu,202517,2025-04-26
id,202517,21.0,Flu,202517,2025-04-26
il,202517,124.0,Flu,202517,2025-04-26
in,202517,43.0,Flu,202517,2025-04-26
ks,202517,9.0,Flu,202517,2025-04-26
ky,202517,39.0,Flu,202517,2025-04-26
la,202517,63.0,Flu,202517,2025-04-26
ma,202517,84.0,Flu,202517,2025-04-26
md,202517,47.0,Flu,202517,2025-04-26
me,202517,16.0,Flu,202517,2025-04-26
mi,202517,127.0,Flu,202517,2025-04-26
mn,202517,26.0,Flu,202517,2025-04-26
mo,202517,66.0,Flu,202517,2025-04-26
mp,202517,0.0,Flu,202517,2025-04-26
ms,202517,23.0,Flu,202517,2025-04-26
mt,202517,11.0,Flu,202517,2025-04-26
nc,202517,50.0,Flu,202517,2025-04-26
nd,202517,11.0,Flu,202517,2025-04-26
ne,202517,12.0,Flu,202517,2025-04-26
nh,202517,9.0,Flu,202517,2025-04-26
nj,202517,72.0,Flu,202517,2025-04-26
nm,202517,42.0,Flu,202517,2025-04-26
nv,202517,29.0,Flu,202517,2025-04-26
ny,202517,209.0,Flu,202517,2025-04-26
oh,202517,87.0,Flu,202517,2025-04-26
ok,202517,17.0,Flu,202517,2025-04-26
or,202517,33.0,Flu,202517,2025-04-26
pa,202517,474.0,Flu,202517,2025-04-26
pr,202517,187.0,Flu,202517,2025-04-26
ri,202517,4.0,Flu,202517,2025-04-26
sc,202517,33.0,Flu,202517,2025-04-26
sd,202517,8.0,Flu,202517,2025-04-26
tn,202517,65.0,Flu,202517,2025-04-26
tx,202517,230.0,Flu,202517,2025-04-26
ut,202517,19.0,Flu,202517,2025-04-26
va,202517,54.0,Flu,202517,2025-04-26
vi,202517,0.0,Flu,202517,2025-04-26
vt,202517,13.0,Flu,202517,2025-04-26
wa,202517,39.0,Flu,202517,2025-04-26
wi,202517,33.0,Flu,202517,2025-04-26
wv,202517,18.0,Flu,202517,2025-04-26
wy,202517,6.0,Flu,202517,2025-04-26
ak,202518,9.0,Flu,202518,2025-05-03
al,202518,27.0,Flu,202518,2025-05-03
ar,202518,21.0,Flu,202518,2025-05-03
as,202518,0.0,Flu,202518,2025-05-03
az,202518,80.0,Flu,202518,2025-05-03
ca,202518,243.0,Flu,202518,2025-05-03
co,202518,30.0,Flu,202518,2025-05-03
ct,202518,25.0,Flu,202518,2025-05-03
dc,202518,4.0,Flu,202518,2025-05-03
de,202518,10.0,Flu,202518,2025-05-03
fl,202518,241.0,Flu,202518,2025-05-03
ga,202518,44.0,Flu,202518,2025-05-03
gu,202518,0.0,Flu,202518,2025-05-03
hi,202518,34.0,Flu,202518,2025-05-03
ia,202518,4.0,Flu,202518,2025-05-03
id,202518,16.0,Flu,202518,2025-05-03
il,202518,81.0,Flu,202518,2025-05-03
in,202518,34.0,Flu,202518,2025-05-03
ks,202518,6.0,Flu,202518,2025-05-03
ky,202518,21.0,Flu,202518,2025-05-03
la,202518,44.0,Flu,202518,2025-05-03
ma,202518,73.0,Flu,202518,2025-05-03
md,202518,41.0,Flu,202518,2025-05-03
me,202518,10.0,Flu,202518,2025-05-03
mi,202518,117.0,Flu,202518,2025-05-03
mn,202518,31.0,Flu,202518,2025-05-03
mo,202518,59.0,Flu,202518,2025-05-03
mp,202518,0.0,Flu,202518,2025-05-03
ms,202518,15.0,Flu,202518,2025-05-03
mt,202518,6.0,Flu,202518,2025-05-03
nc,202518,39.0,Flu,202518,2025-05-03
nd,202518,8.0,Flu,202518,2025-05-03
ne,202518,3.0,Flu,202518,2025-05-03
nh,202518,6.0,Flu,202518,2025-05-03
nj,202518,70.0,Flu,202518,2025-05-03
nm,202518,32.0,Flu,202518,2025-05-03
nv,202518,19.0,Flu,202518,2025-05-03
ny,202518,157.0,Flu,202518,2025-05-03
oh,202518,47.0,Flu,202518,2025-05-03
ok,202518,16.0,Flu,202518,2025-05-03
or,202518,36.0,Flu,202518,2025-05-03
pa,202518,256.0,Flu,202518,2025-05-03
pr,202518,138.0,Flu,202518,2025-05-03
ri,202518,8.0,Flu,202518,2025-05-03
sc,202518,16.0,Flu,202518,2025-05-03
sd,202518,4.0,Flu,202518,2025-05-03
tn,202518,46.0,Flu,202518,2025-05-03
tx,202518,193.0,Flu,202518,2025-05-03
ut,202518,17.0,Flu,202518,2025-05-03
va,202518,40.0,Flu,202518,2025-05-03
vi,202518,0.0,Flu,202518,2025-05-03
vt,202518,3.0,Flu,202518,2025-05-03
wa,202518,20.0,Flu,202518,2025-05-03
wi,202518,30.0,Flu,202518,2025-05-03
wv,202518,10.0,Flu,202518,2025-05-03
wy,202518,1.0,Flu,202518,2025-05-03
ak,202519,5.0,Flu,202519,2025-05-10
al,202519,33.0,Flu,202519,2025-05-10
ar,202519,13.0,Flu,202519,2025-05-10
as,202519,0.0,Flu,202519,2025-05-10
az,202519,53.0,Flu,202519,2025-05-10
ca,202519,182.0,Flu,202519,2025-05-10
co,202519,36.0,Flu,202519,2025-05-10
ct,202519,9.0,Flu,202519,2025-05-10
dc,202519,6.0,Flu,202519,2025-05-10
de,202519,5.0,Flu,202519,2025-05-10
fl,202519,239.0,Flu,202519,2025-05-10
ga,202519,44.0,Flu,202519,2025-05-10
gu,202519,2.0,Flu,202519,2025-05-10
hi,202519,30.0,Flu,202519,2025-05-10
ia,202519,4.0,Flu,202519,2025-05-10
id,202519,11.0,Flu,202519,2025-05-10
il,202519,58.0,Flu,202519,2025-05-10
in,202519,27.0,Flu,202519,2025-05-10
ks,202519,4.0,Flu,202519,2025-05-10
ky,202519,19.0,Flu,202519,2025-05-10
la,202519,33.0,Flu,202519,2025-05-10
ma,202519,39.0,Flu,202519,2025-05-10
md,202519,21.0,Flu,202519,2025-05-10
me,202519,3.0,Flu,202519,2025-05-10
mi,202519,93.0,Flu,202519,2025-05-10
mn,202519,23.0,Flu,202519,2025-05-10
mo,202519,49.0,Flu,202519,2025-05-10
mp,202519,0.0,Flu,202519,2025-05-10
ms,202519,19.0,Flu,202519,2025-05-10
mt,202519,0.0,Flu,202519,2025-05-10
nc,202519,28.0,Flu,202519,2025-05-10
nd,202519,5.0,Flu,202519,2025-05-10
ne,202519,10.0,Flu,202519,2025-05-10
nh,202519,8.0,Flu,202519,2025-05-10
nj,202519,40.0,Flu,202519,2025-05-10
nm,202519,25.0,Flu,202519,2025-05-10
nv,202519,21.0,Flu,202519,2025-05-10
ny,202519,105.0,Flu,202519,2025-05-10
oh,202519,33.0,Flu,202519,2025-05-10
ok,202519,13.0,Flu,202519,2025-05-10
or,202519,27.0,Flu,202519,2025-05-10
pa,202519,262.0,Flu,202519,2025-05-10
pr,202519,210.0,Flu,202519,2025-05-10
ri,202519,3.0,Flu,202519,2025-05-10
sc,202519,13.0,Flu,202519,2025-05-10
sd,202519,1.0,Flu,202519,2025-05-10
tn,202519,32.0,Flu,202519,2025-05-10
tx,202519,176.0,Flu,202519,2025-05-10
ut,202519,14.0,Flu,202519,2025-05-10
va,202519,35.0,Flu,202519,2025-05-10
vi,202519,0.0,Flu,202519,2025-05-10
vt,202519,1.0,Flu,202519,2025-05-10
wa,202519,24.0,Flu,202519,2025-05-10
wi,202519,27.0,Flu,202519,2025-05-10
wv,202519,6.0,Flu,202519,2025-05-10
wy,202519,4.0,Flu,202519,2025-05-10
ak,202520,6.0,Flu,202520,2025-05-17
al,202520,37.0,Flu,202520,2025-05-17
ar,202520,13.0,Flu,202520,2025-05-17
as,202520,,Flu,202520,2025-05-17
az,202520,69.0,Flu,202520,2025-05-17
ca,202520,173.0,Flu,202520,2025-05-17
co,202520,19.0,Flu,202520,2025-05-17
ct,202520,17.0,Flu,202520,2025-05-17
dc,202520,2.0,Flu,202520,2025-05-17
de,202520,0.0,Flu,202520,2025-05-17
fl,202520,219.0,Flu,202520,2025-05-17
ga,202520,34.0,Flu,202520,2025-05-17
gu,202520,1.0,Flu,202520,2025-05-17
hi,202520,25.0,Flu,202520,2025-05-17
ia,202520,1.0,Flu,202520,2025-05-17
id,202520,11.0,Flu,202520,2025-05-17
il,202520,52.0,Flu,202520,2025-05-17
in,202520,25.0,Flu,202520,2025-05-17
ks,202520,8.0,Flu,202520,2025-05-17
ky,202520,15.0,Flu,202520,2025-05-17
la,202520,41.0,Flu,202520,2025-05-17
ma,202520,30.0,Flu,202520,2025-05-17
md,202520,10.0,Flu,202520,2025-05-17
me,202520,2.0,Flu,202520,2025-05-17
mi,202520,62.0,Flu,202520,2025-05-17
mn,202520,8.0,Flu,202520,2025-05-17
mo,202520,53.0,Flu,202520,2025-05-17
mp,202520,1.0,Flu,202520,2025-05-17
ms,202520,16.0,Flu,202520,2025-05-17
mt,202520,0.0,Flu,202520,2025-05-17
nc,202520,18.0,Flu,202520,2025-05-17
nd,202520,7.0,Flu,202520,2025-05-17
ne,202520,5.0,Flu,202520,2025-05-17
nh,202520,3.0,Flu,202520,2025-05-17
nj,202520,43.0,Flu,202520,2025-05-17
nm,202520,11.0,Flu,202520,2025-05-17
nv,202520,16.0,Flu,202520,2025-05-17
ny,202520,63.0,Flu,202520,2025-05-17
oh,202520,25.0,Flu,202520,2025-05-17
ok,202520,19.0,Flu,202520,2025-05-17
or,202520,19.0,Flu,202520,2025-05-17
pa,202520,173.0,Flu,202520,2025-05-17
pr,202520,202.0,Flu,202520,2025-05-17
ri,202520,2.0,Flu,202520,2025-05-17
sc,202520,15.0,Flu,202520,2025-05-17
sd,202520,5.0,Flu,202520,2025-05-17
tn,202520,50.0,Flu,202520,2025-05-17
tx,202520,203.0,Flu,202520,2025-05-17
ut,202520,12.0,Flu,202520,2025-05-17
va,202520,16.0,Flu,202520,2025-05-17
vi,202520,0.0,Flu,202520,2025-05-17
vt,202520,2.0,Flu,202520,2025-05-17
wa,202520,16.0,Flu,202520,2025-05-17
wi,202520,15.0,Flu,202520,2025-05-17
wv,202520,5.0,Flu,202520,2025-05-17
wy,202520,3.0,Flu,202520,2025-05-17
ak,202521,10.0,Flu,202521,2025-05-24
al,202521,28.0,Flu,202521,2025-05-24
ar,202521,14.0,Flu,202521,2025-05-24
as,202521,,Flu,202521,2025-05-24
az,202521,38.0,Flu,202521,2025-05-24
ca,202521,186.0,Flu,202521,2025-05-24
co,202521,15.0,Flu,202521,2025-05-24
ct,202521,14.0,Flu,202521,2025-05-24
dc,202521,2.0,Flu,202521,2025-05-24
de,202521,1.0,Flu,202521,2025-05-24
fl,202521,215.0,Flu,202521,2025-05-24
ga,202521,21.0,Flu,202521,2025-05-24
gu,202521,0.0,Flu,202521,2025-05-24
hi,202521,18.0,Flu,202521,2025-05-24
ia,202521,5.0,Flu,202521,2025-05-24
id,202521,11.0,Flu,202521,2025-05-24
il,202521,74.0,Flu,202521,2025-05-24
in,202521,18.0,Flu,202521,2025-05-24
ks,202521,11.0,Flu,202521,2025-05-24
ky,202521,18.0,Flu,202521,2025-05-24
la,202521,34.0,Flu,202521,2025-05-24
ma,202521,29.0,Flu,202521,2025-05-24
md,202521,26.0,Flu,202521,2025-05-24
me,202521,2.0,Flu,202521,2025-05-24
mi,202521,51.0,Flu,202521,2025-05-24
mn,202521,9.0,Flu,202521,2025-05-24
mo,202521,42.0,Flu,202521,2025-05-24
mp,202521,0.0,Flu,202521,2025-05-24
ms,202521,15.0,Flu,202521,2025-05-24
mt,202521,2.0,Flu,202521,2025-05-24
nc,202521,19.0,Flu,202521,2025-05-24
nd,202521,3.0,Flu,202521,2025-05-24
ne,202521,2.0,Flu,202521,2025-05-24
nh,202521,1.0,Flu,202521,2025-05-24
nj,202521,25.0,Flu,202521,2025-05-24
nm,202521,14.0,Flu,202521,2025-05-24
nv,202521,26.0,Flu,202521,2025-05-24
ny,202521,50.0,Flu,202521,2025-05-24
oh,202521,20.0,Flu,202521,2025-05-24
ok,202521,13.0,Flu,202521,2025-05-24
or,202521,20.0,Flu,202521,2025-05-24
pa,202521,172.0,Flu,202521,2025-05-24
pr,202521,174.0,Flu,202521,2025-05-24
ri,202521,2.0,Flu,202521,2025-05-24
sc,202521,17.0,Flu,202521,2025-05-24
sd,202521,7.0,Flu,202521,2025-05-24
tn,202521,36.0,Flu,202521,2025-05-24
tx,202521,143.0,Flu,202521,2025-05-24
ut,202521,14.0,Flu,202521,2025-05-24
va,202521,33.0,Flu,202521,2025-05-24
vi,202521,0.0,Flu,202521,2025-05-24
vt,202521,1.0,Flu,202521,2025-05-24
wa,202521,29.0,Flu,202521,2025-05-24
wi,202521,10.0,Flu,202521,2025-05-24
wv,202521,1.0,Flu,202521,2025-05-24
wy,202521,3.0,Flu,202521,2025-05-24
ak,202522,8.0,Flu,202522,2025-05-31
al,202522,11.0,Flu,202522,2025-05-31
ar,202522,14.0,Flu,202522,2025-05-31
as,202522,1.0,Flu,202522,2025-05-31
az,202522,55.0,Flu,202522,2025-05-31
ca,202522,193.0,Flu,202522,2025-05-31
co,202522,19.0,Flu,202522,2025-05-31
ct,202522,16.0,Flu,202522,2025-05-31
dc,202522,5.0,Flu,202522,2025-05-31
de,202522,0.0,Flu,202522,2025-05-31
fl,202522,232.0,Flu,202522,2025-05-31
ga,202522,26.0,Flu,202522,2025-05-31
gu,202522,1.0,Flu,202522,2025-05-31
hi,202522,19.0,Flu,202522,2025-05-31
ia,202522,4.0,Flu,202522,2025-05-31
id,202522,5.0,Flu,202522,2025-05-31
il,202522,56.0,Flu,202522,2025-05-31
in,202522,20.0,Flu,202522,2025-05-31
ks,202522,9.0,Flu,202522,2025-05-31
ky,202522,21.0,Flu,202522,2025-05-31
la,202522,37.0,Flu,202522,2025-05-31
ma,202522,26.0,Flu,202522,2025-05-31
md,202522,38.0,Flu,202522,2025-05-31
me,202522,1.0,Flu,202522,2025-05-31
mi,202522,52.0,Flu,202522,2025-05-31
mn,202522,13.0,Flu,202522,2025-05-31
mo,202522,44.0,Flu,202522,2025-05-31
mp,202522,0.0,Flu,202522,2025-05-31
ms,202522,20.0,Flu,202522,2025-05-31
mt,202522,4.0,Flu,202522,2025-05-31
nc,202522,18.0,Flu,202522,2025-05-31
nd,202522,1.0,Flu,202522,2025-05-31
ne,202522,2.0,Flu,202522,2025-05-31
nh,202522,3.0,Flu,202522,2025-05-31
nj,202522,30.0,Flu,202522,2025-05-31
nm,202522,7.0,Flu,202522,2025-05-31
nv,202522,15.0,Flu,202522,2025-05-31
ny,202522,41.0,Flu,202522,2025-05-31
oh,202522,19.0,Flu,202522,2025-05-31
ok,202522,8.0,Flu,202522,2025-05-31
or,202522,14.0,Flu,202522,2025-05-31
pa,202522,187.0,Flu,202522,2025-05-31
pr,202522,255.0,Flu,202522,2025-05-31
ri,202522,2.0,Flu,202522,2025-05-31
sc,202522,18.0,Flu,202522,2025-05-31
sd,202522,5.0,Flu,202522,2025-05-31
tn,202522,35.0,Flu,202522,2025-05-31
tx,202522,165.0,Flu,202522,2025-05-31
ut,202522,13.0,Flu,202522,2025-05-31
va,202522,27.0,Flu,202522,2025-05-31
vi,202522,0.0,Flu,202522,2025-05-31
vt,202522,1.0,Flu,202522,2025-05-31
wa,202522,26.0,Flu,202522,2025-05-31
wi,202522,4.0,Flu,202522,2025-05-31
wv,202522,1.0,Flu,202522,2025-05-31
wy,202522,3.0,Flu,202522,2025-05-31
ak,202523,11.0,Flu,202523,2025-06-07
al,202523,14.0,Flu,202523,2025-06-07
ar,202523,14.0,Flu,202523,2025-06-07
as,202523,0.0,Flu,202523,2025-06-07
az,202523,32.0,Flu,202523,2025-06-07
ca,202523,149.0,Flu,202523,2025-06-07
co,202523,20.0,Flu,202523,2025-06-07
ct,202523,8.0,Flu,202523,2025-06-07
dc,202523,4.0,Flu,202523,2025-06-07
de,202523,0.0,Flu,202523,2025-06-07
fl,202523,212.0,Flu,202523,2025-06-07
ga,202523,28.0,Flu,202523,2025-06-07
gu,202523,2.0,Flu,202523,2025-06-07
hi,202523,10.0,Flu,202523,2025-06-07
ia,202523,6.0,Flu,202523,2025-06-07
id,202523,7.0,Flu,202523,2025-06-07
il,202523,28.0,Flu,202523,2025-06-07
in,202523,15.0,Flu,202523,2025-06-07
ks,202523,2.0,Flu,202523,2025-06-07
ky,202523,20.0,Flu,202523,2025-06-07
la,202523,36.0,Flu,202523,2025-06-07
ma,202523,19.0,Flu,202523,2025-06-07
md,202523,34.0,Flu,202523,2025-06-07
me,202523,0.0,Flu,202523,2025-06-07
mi,202523,32.0,Flu,202523,2025-06-07
mn,202523,6.0,Flu,202523,2025-06-07
mo,202523,33.0,Flu,202523,2025-06-07
mp,202523,0.0,Flu,202523,2025-06-07
ms,202523,17.0,Flu,202523,2025-06-07
mt,202523,2.0,Flu,202523,2025-06-07
nc,202523,25.0,Flu,202523,2025-06-07
nd,202523,5.0,Flu,202523,2025-06-07
ne,202523,4.0,Flu,202523,2025-06-07
nh,202523,1.0,Flu,202523,2025-06-07
nj,202523,26.0,Flu,202523,2025-06-07
nm,202523,10.0,Flu,202523,2025-06-07
nv,202523,13.0,Flu,202523,2025-06-07
ny,202523,27.0,Flu,202523,2025-06-07
oh,202523,21.0,Flu,202523,2025-06-07
ok,202523,12.0,Flu,202523,2025-06-07
or,202523,16.0,Flu,202523,2025-06-07
pa,202523,162.0,Flu,202523,2025-06-07
pr,202523,185.0,Flu,202523,2025-06-07
ri,202523,3.0,Flu,202523,2025-06-07
sc,202523,9.0,Flu,202523,2025-06-07
sd,202523,3.0,Flu,202523,2025-06-07
tn,202523,35.0,Flu,202523,2025-06-07
tx,202523,147.0,Flu,202523,2025-06-07
ut,202523,7.0,Flu,202523,2025-06-07
va,202523,20.0,Flu,202523,2025-06-07
vi,202523,0.0,Flu,202523,2025-06-07
vt,202523,0.0,Flu,202523,2025-06-07
wa,202523,31.0,Flu,202523,2025-06-07
wi,202523,2.0,Flu,202523,2025-06-07
wv,202523,7.0,Flu,202523,2025-06-07
wy,202523,2.0,Flu,202523,2025-06-07
ak,202524,11.0,Flu,202524,2025-06-14
al,202524,18.0,Flu,202524,2025-06-14
ar,202524,12.0,Flu,202524,2025-06-14
as,202524,2.0,Flu,202524,2025-06-14
az,202524,35.0,Flu,202524,2025-06-14
ca,202524,158.0,Flu,202524,2025-06-14
co,202524,17.0,Flu,202524,2025-06-14
ct,202524,4.0,Flu,202524,2025-06-14
dc,202524,2.0,Flu,202524,2025-06-14
de,202524,5.0,Flu,202524,2025-06-14
fl,202524,227.0,Flu,202524,2025-06-14
ga,202524,31.0,Flu,202524,2025-06-14
gu,202524,2.0,Flu,202524,2025-06-14
hi,202524,14.0,Flu,202524,2025-06-14
ia,202524,1.0,Flu,202524,2025-06-14
id,202524,9.0,Flu,202524,2025-06-14
il,202524,24.0,Flu,202524,2025-06-14
in,202524,5.0,Flu,202524,2025-06-14
ks,202524,1.0,Flu,202524,2025-06-14
ky,202524,19.0,Flu,202524,2025-06-14
la,202524,37.0,Flu,202524,2025-06-14
ma,202524,23.0,Flu,202524,2025-06-14
md,202524,13.0,Flu,202524,2025-06-14
me,202524,2.0,Flu,202524,2025-06-14
mi,202524,34.0,Flu,202524,2025-06-14
mn,202524,12.0,Flu,202524,2025-06-14
mo,202524,42.0,Flu,202524,2025-06-14
mp,202524,0.0,Flu,202524,2025-06-14
ms,202524,17.0,Flu,202524,2025-06-14
mt,202524,1.0,Flu,202524,2025-06-14
nc,202524,18.0,Flu,202524,2025-06-14
nd,202524,4.0,Flu,202524,2025-06-14
ne,202524,0.0,Flu,202524,2025-06-14
nh,202524,2.0,Flu,202524,2025-06-14
nj,202524,24.0,Flu,202524,2025-06-14
nm,202524,6.0,Flu,202524,2025-06-14
nv,202524,16.0,Flu,202524,2025-06-14
ny,202524,29.0,Flu,202524,2025-06-14
oh,202524,15.0,Flu,202524,2025-06-14
ok,202524,12.0,Flu,202524,2025-06-14
or,202524,17.0,Flu,202524,2025-06-14
pa,202524,156.0,Flu,202524,2025-06-14
pr,202524,190.0,Flu,202524,2025-06-14
ri,202524,0.0,Flu,202524,2025-06-14
sc,202524,8.0,Flu,202524,2025-06-14
sd,202524,7.0,Flu,202524,2025-06-14
tn,202524,45.0,Flu,202524,2025-06-14
tx,202524,135.0,Flu,202524,2025-06-14
ut,202524,9.0,Flu,202524,2025-06-14
va,202524,19.0,Flu,202524,2025-06-14
vi,202524,0.0,Flu,202524,2025-06-14
vt,202524,0.0,Flu,202524,2025-06-14
wa,202524,23.0,Flu,202524,2025-06-14
wi,202524,4.0,Flu,202524,2025-06-14
wv,202524,0.0,Flu,202524,2025-06-14
wy,202524,1.0,Flu,202524,2025-06-14
ak,202525,17.0,Flu,202525,2025-06-21
al,202525,22.0,Flu,202525,2025-06-21
ar,202525,14.0,Flu,202525,2025-06-21
as,202525,0.0,Flu,202525,2025-06-21
az,202525,18.0,Flu,202525,2025-06-21
ca,202525,124.0,Flu,202525,2025-06-21
co,202525,4.0,Flu,202525,2025-06-21
ct,202525,4.0,Flu,202525,2025-06-21
dc,202525,1.0,Flu,202525,2025-06-21
de,202525,3.0,Flu,202525,2025-06-21
fl,202525,217.0,Flu,202525,2025-06-21
ga,202525,18.0,Flu,202525,2025-06-21
gu,202525,0.0,Flu,202525,2025-06-21
hi,202525,5.0,Flu,202525,2025-06-21
ia,202525,3.0,Flu,202525,2025-06-21
id,202525,7.0,Flu,202525,2025-06-21
il,202525,23.0,Flu,202525,2025-06-21
in,202525,11.0,Flu,202525,2025-06-21
ks,202525,5.0,Flu,202525,2025-06-21
ky,202525,13.0,Flu,202525,2025-06-21
la,202525,39.0,Flu,202525,2025-06-21
ma,202525,8.0,Flu,202525,2025-06-21
md,202525,6.0,Flu,202525,2025-06-21
me,202525,2.0,Flu,202525,2025-06-21
mi,202525,30.0,Flu,202525,2025-06-21
mn,202525,7.0,Flu,202525,2025-06-21
mo,202525,39.0,Flu,202525,2025-06-21
mp,202525,0.0,Flu,202525,2025-06-21
ms,202525,19.0,Flu,202525,2025-06-21
mt,202525,2.0,Flu,202525,2025-06-21
nc,202525,22.0,Flu,202525,2025-06-21
nd,202525,3.0,Flu,202525,2025-06-21
ne,202525,0.0,Flu,202525,2025-06-21
nh,202525,2.0,Flu,202525,2025-06-21
nj,202525,20.0,Flu,202525,2025-06-21
nm,202525,8.0,Flu,202525,2025-06-21
nv,202525,12.0,Flu,202525,2025-06-21
ny,202525,27.0,Flu,202525,2025-06-21
oh,202525,17.0,Flu,202525,2025-06-21
ok,202525,11.0,Flu,202525,2025-06-21
or,202525,11.0,Flu,202525,2025-06-21
pa,202525,153.0,Flu,202525,2025-06-21
pr,202525,209.0,Flu,202525,2025-06-21
ri,202525,0.0,Flu,202525,2025-06-21
sc,202525,10.0,Flu,202525,2025-06-21
sd,202525,6.0,Flu,202525,2025-06-21
tn,202525,33.0,Flu,202525,2025-06-21
tx,202525,121.0,Flu,202525,2025-06-21
ut,202525,1.0,Flu,202525,2025-06-21
va,202525,11.0,Flu,202525,2025-06-21
vi,202525,0.0,Flu,202525,2025-06-21
vt,202525,0.0,Flu,202525,2025-06-21
wa,202525,14.0,Flu,202525,2025-06-21
wi,202525,6.0,Flu,202525,2025-06-21
wv,202525,2.0,Flu,202525,2025-06-21
wy,202525,2.0,Flu,202525,2025-06-21
ak,202526,5.0,Flu,202526,2025-06-28
al,202526,27.0,Flu,202526,2025-06-28
ar,202526,20.0,Flu,202526,2025-06-28
as,202526,1.0,Flu,202526,2025-06-28
az,202526,11.0,Flu,202526,2025-06-28
ca,202526,98.0,Flu,202526,2025-06-28
co,202526,4.0,Flu,202526,2025-06-28
ct,202526,1.0,Flu,202526,2025-06-28
dc,202526,2.0,Flu,202526,2025-06-28
de,202526,1.0,Flu,202526,2025-06-28
fl,202526,193.0,Flu,202526,2025-06-28
ga,202526,24.0,Flu,202526,2025-06-28
gu,202526,0.0,Flu,202526,2025-06-28
hi,202526,8.0,Flu,202526,2025-06-28
ia,202526,2.0,Flu,202526,2025-06-28
id,202526,1.0,Flu,202526,2025-06-28
il,202526,33.0,Flu,202526,2025-06-28
in,202526,15.0,Flu,202526,2025-06-28
ks,202526,6.0,Flu,202526,2025-06-28
ky,202526,12.0,Flu,202526,2025-06-28
la,202526,29.0,Flu,202526,2025-06-28
ma,202526,17.0,Flu,202526,2025-06-28
md,202526,6.0,Flu,202526,2025-06-28
me,202526,0.0,Flu,202526,2025-06-28
mi,202526,32.0,Flu,202526,2025-06-28
mn,202526,4.0,Flu,202526,2025-06-28
mo,202526,33.0,Flu,202526,2025-06-28
mp,202526,0.0,Flu,202526,2025-06-28
ms,202526,12.0,Flu,202526,2025-06-28
mt,202526,1.0,Flu,202526,2025-06-28
nc,202526,23.0,Flu,202526,2025-06-28
nd,202526,1.0,Flu,202526,2025-06-28
ne,202526,0.0,Flu,202526,2025-06-28
nh,202526,0.0,Flu,202526,2025-06-28
nj,202526,25.0,Flu,202526,2025-06-28
nm,202526,3.0,Flu,202526,2025-06-28
nv,202526,10.0,Flu,202526,2025-06-28
ny,202526,22.0,Flu,202526,2025-06-28
oh,202526,14.0,Flu,202526,2025-06-28
ok,202526,14.0,Flu,202526,2025-06-28
or,202526,12.0,Flu,202526,2025-06-28
pa,202526,144.0,Flu,202526,2025-06-28
pr,202526,114.0,Flu,202526,2025-06-28
ri,202526,0.0,Flu,202526,2025-06-28
sc,202526,16.0,Flu,202526,2025-06-28
sd,202526,2.0,Flu,202526,2025-06-28
tn,202526,19.0,Flu,202526,2025-06-28
tx,202526,105.0,Flu,202526,2025-06-28
ut,202526,3.0,Flu,202526,2025-06-28
va,202526,12.0,Flu,202526,2025-06-28
vi,202526,0.0,Flu,202526,2025-06-28
vt,202526,0.0,Flu,202526,2025-06-28
wa,202526,13.0,Flu,202526,2025-06-28
wi,202526,3.0,Flu,202526,2025-06-28
wv,202526,1.0,Flu,202526,2025-06-28
wy,202526,1.0,Flu,202526,2025-06-28
ak,202527,4.0,Flu,202527,2025-07-05
al,202527,15.0,Flu,202527,2025-07-05
ar,202527,5.0,Flu,202527,2025-07-05
as,202527,0.0,Flu,202527,2025-07-05
az,202527,24.0,Flu,202527,2025-07-05
ca,202527,86.0,Flu,202527,2025-07-05
co,202527,5.0,Flu,202527,2025-07-05
ct,202527,2.0,Flu,202527,2025-07-05
dc,202527,0.0,Flu,202527,2025-07-05
de,202527,3.0,Flu,202527,2025-07-05
fl,202527,181.0,Flu,202527,2025-07-05
ga,202527,9.0,Flu,202527,2025-07-05
gu,202527,0.0,Flu,202527,2025-07-05
hi,202527,9.0,Flu,202527,2025-07-05
ia,202527,2.0,Flu,202527,2025-07-05
id,202527,5.0,Flu,202527,2025-07-05
il,202527,42.0,Flu,202527,2025-07-05
in,202527,10.0,Flu,202527,2025-07-05
ks,202527,3.0,Flu,202527,2025-07-05
ky,202527,11.0,Flu,202527,2025-07-05
la,202527,21.0,Flu,202527,2025-07-05
ma,202527,17.0,Flu,202527,2025-07-05
md,202527,7.0,Flu,202527,2025-07-05
me,202527,1.0,Flu,202527,2025-07-05
mi,202527,19.0,Flu,202527,2025-07-05
mn,202527,7.0,Flu,202527,2025-07-05
mo,202527,11.0,Flu,202527,2025-07-05
mp,202527,0.0,Flu,202527,2025-07-05
ms,202527,10.0,Flu,202527,2025-07-05
mt,202527,2.0,Flu,202527,2025-07-05
nc,202527,15.0,Flu,202527,2025-07-05
nd,202527,4.0,Flu,202527,2025-07-05
ne,202527,1.0,Flu,202527,2025-07-05
nh,202527,1.0,Flu,202527,2025-07-05
nj,202527,23.0,Flu,202527,2025-07-05
nm,202527,4.0,Flu,202527,2025-07-05
nv,202527,8.0,Flu,202527,2025-07-05
ny,202527,22.0,Flu,202527,2025-07-05
oh,202527,18.0,Flu,202527,2025-07-05
ok,202527,8.0,Flu,202527,2025-07-05
or,202527,13.0,Flu,202527,2025-07-05
pa,202527,104.0,Flu,202527,2025-07-05
pr,202527,126.0,Flu,202527,2025-07-05
ri,202527,0.0,Flu,202527,2025-07-05
sc,202527,11.0,Flu,202527,2025-07-05
sd,202527,1.0,Flu,202527,2025-07-05
tn,202527,13.0,Flu,202527,2025-07-05
tx,202527,80.0,Flu,202527,2025-07-05
ut,202527,6.0,Flu,202527,2025-07-05
va,202527,14.0,Flu,202527,2025-07-05
vi,202527,0.0,Flu,202527,2025-07-05
vt,202527,0.0,Flu,202527,2025-07-05
wa,202527,14.0,Flu,202527,2025-07-05
wi,202527,2.0,Flu,202527,2025-07-05
wv,202527,1.0,Flu,202527,2025-07-05
wy,202527,1.0,Flu,202527,2025-07-05
ak,202528,2.0,Flu,202528,2025-07-12
al,202528,11.0,Flu,202528,2025-07-12
ar,202528,8.0,Flu,202528,2025-07-12
as,202528,0.0,Flu,202528,2025-07-12
az,202528,15.0,Flu,202528,2025-07-12
ca,202528,105.0,Flu,202528,2025-07-12
co,202528,8.0,Flu,202528,2025-07-12
ct,202528,5.0,Flu,202528,2025-07-12
dc,202528,0.0,Flu,202528,2025-07-12
de,202528,2.0,Flu,202528,2025-07-12
fl,202528,178.0,Flu,202528,2025-07-12
ga,202528,17.0,Flu,202528,2025-07-12
gu,202528,0.0,Flu,202528,2025-07-12
hi,202528,4.0,Flu,202528,2025-07-12
ia,202528,0.0,Flu,202528,2025-07-12
id,202528,4.0,Flu,202528,2025-07-12
il,202528,30.0,Flu,202528,2025-07-12
in,202528,4.0,Flu,202528,2025-07-12
ks,202528,2.0,Flu,202528,2025-07-12
ky,202528,8.0,Flu,202528,2025-07-12
la,202528,19.0,Flu,202528,2025-07-12
ma,202528,14.0,Flu,202528,2025-07-12
md,202528,4.0,Flu,202528,2025-07-12
me,202528,1.0,Flu,202528,2025-07-12
mi,202528,19.0,Flu,202528,2025-07-12
mn,202528,7.0,Flu,202528,2025-07-12
mo,202528,12.0,Flu,202528,2025-07-12
mp,202528,0.0,Flu,202528,2025-07-12
ms,202528,15.0,Flu,202528,2025-07-12
mt,202528,3.0,Flu,202528,2025-07-12
nc,202528,12.0,Flu,202528,2025-07-12
nd,202528,0.0,Flu,202528,2025-07-12
ne,202528,1.0,Flu,202528,2025-07-12
nh,202528,3.0,Flu,202528,2025-07-12
nj,202528,18.0,Flu,202528,2025-07-12
nm,202528,3.0,Flu,202528,2025-07-12
nv,202528,4.0,Flu,202528,2025-07-12
ny,202528,24.0,Flu,202528,2025-07-12
oh,202528,11.0,Flu,202528,2025-07-12
ok,202528,2.0,Flu,202528,2025-07-12
or,202528,7.0,Flu,202528,2025-07-12
pa,202528,127.0,Flu,202528,2025-07-12
pr,202528,104.0,Flu,202528,2025-07-12
ri,202528,1.0,Flu,202528,2025-07-12
sc,202528,4.0,Flu,202528,2025-07-12
sd,202528,0.0,Flu,202528,2025-07-12
tn,202528,33.0,Flu,202528,2025-07-12
tx,202528,89.0,Flu,202528,2025-07-12
ut,202528,7.0,Flu,202528,2025-07-12
va,202528,10.0,Flu,202528,2025-07-12
vi,202528,0.0,Flu,202528,2025-07-12
vt,202528,0.0,Flu,202528,2025-07-12
wa,202528,8.0,Flu,202528,2025-07-12
wi,202528,1.0,Flu,202528,2025-07-12
wv,202528,3.0,Flu,202528,2025-07-12
wy,202528,1.0,Flu,202528,2025-07-12
ak,202529,6.0,Flu,202529,2025-07-19
al,202529,13.0,Flu,202529,2025-07-19
ar,202529,4.0,Flu,202529,2025-07-19
as,202529,1.0,Flu,202529,2025-07-19
az,202529,10.0,Flu,202529,2025-07-19
ca,202529,73.0,Flu,202529,2025-07-19
co,202529,4.0,Flu,202529,2025-07-19
ct,202529,4.0,Flu,202529,2025-07-19
dc,202529,2.0,Flu,202529,2025-07-19
de,202529,1.0,Flu,202529,2025-07-19
fl,202529,172.0,Flu,202529,2025-07-19
ga,202529,21.0,Flu,202529,2025-07-19
gu,202529,0.0,Flu,202529,2025-07-19
hi,202529,3.0,Flu,202529,2025-07-19
ia,202529,3.0,Flu,202529,2025-07-19
id,202529,2.0,Flu,202529,2025-07-19
il,202529,11.0,Flu,202529,2025-07-19
in,202529,7.0,Flu,202529,2025-07-19
ks,202529,3.0,Flu,202529,2025-07-19
ky,202529,9.0,Flu,202529,2025-07-19
la,202529,21.0,Flu,202529,2025-07-19
ma,202529,10.0,Flu,202529,2025-07-19
md,202529,4.0,Flu,202529,2025-07-19
me,202529,1.0,Flu,202529,2025-07-19
mi,202529,16.0,Flu,202529,2025-07-19
mn,202529,4.0,Flu,202529,2025-07-19
mo,202529,12.0,Flu,202529,2025-07-19
mp,202529,0.0,Flu,202529,2025-07-19
ms,202529,12.0,Flu,202529,2025-07-19
mt,202529,2.0,Flu,202529,2025-07-19
nc,202529,12.0,Flu,202529,2025-07-19
nd,202529,1.0,Flu,202529,2025-07-19
ne,202529,2.0,Flu,202529,2025-07-19
nh,202529,1.0,Flu,202529,2025-07-19
nj,202529,13.0,Flu,202529,2025-07-19
nm,202529,3.0,Flu,202529,2025-07-19
nv,202529,9.0,Flu,202529,2025-07-19
ny,202529,19.0,Flu,202529,2025-07-19
oh,202529,15.0,Flu,202529,2025-07-19
ok,202529,4.0,Flu,202529,2025-07-19
or,202529,7.0,Flu,202529,2025-07-19
pa,202529,106.0,Flu,202529,2025-07-19
pr,202529,99.0,Flu,202529,2025-07-19
ri,202529,0.0,Flu,202529,2025-07-19
sc,202529,3.0,Flu,202529,2025-07-19
sd,202529,0.0,Flu,202529,2025-07-19
tn,202529,34.0,Flu,202529,2025-07-19
tx,202529,82.0,Flu,202529,2025-07-19
ut,202529,4.0,Flu,202529,2025-07-19
va,202529,5.0,Flu,202529,2025-07-19
vi,202529,0.0,Flu,202529,2025-07-19
vt,202529,0.0,Flu,202529,2025-07-19
wa,202529,5.0,Flu,202529,2025-07-19
wi,202529,7.0,Flu,202529,2025-07-19
wv,202529,0.0,Flu,202529,2025-07-19
wy,202529,0.0,Flu,202529,2025-07-19
ak,202530,4.0,Flu,202530,2025-07-26
al,202530,16.0,Flu,202530,2025-07-26
ar,202530,4.0,Flu,202530,2025-07-26
as,202530,0.0,Flu,202530,2025-07-26
az,202530,6.0,Flu,202530,2025-07-26
ca,202530,67.0,Flu,202530,2025-07-26
co,202530,2.0,Flu,202530,2025-07-26
ct,202530,4.0,Flu,202530,2025-07-26
dc,202530,0.0,Flu,202530,2025-07-26
de,202530,0.0,Flu,202530,2025-07-26
fl,202530,174.0,Flu,202530,2025-07-26
ga,202530,14.0,Flu,202530,2025-07-26
gu,202530,0.0,Flu,202530,2025-07-26
hi,202530,6.0,Flu,202530,2025-07-26
ia,202530,0.0,Flu,202530,2025-07-26
id,202530,2.0,Flu,202530,2025-07-26
il,202530,7.0,Flu,202530,2025-07-26
in,202530,6.0,Flu,202530,2025-07-26
ks,202530,3.0,Flu,202530,2025-07-26
ky,202530,16.0,Flu,202530,2025-07-26
la,202530,17.0,Flu,202530,2025-07-26
ma,202530,4.0,Flu,202530,2025-07-26
md,202530,18.0,Flu,202530,2025-07-26
me,202530,1.0,Flu,202530,2025-07-26
mi,202530,21.0,Flu,202530,2025-07-26
mn,202530,4.0,Flu,202530,2025-07-26
mo,202530,13.0,Flu,202530,2025-07-26
mp,202530,0.0,Flu,202530,2025-07-26
ms,202530,12.0,Flu,202530,2025-07-26
mt,202530,0.0,Flu,202530,2025-07-26
nc,202530,14.0,Flu,202530,2025-07-26
nd,202530,0.0,Flu,202530,2025-07-26
ne,202530,2.0,Flu,202530,2025-07-26
nh,202530,3.0,Flu,202530,2025-07-26
nj,202530,10.0,Flu,202530,2025-07-26
nm,202530,3.0,Flu,202530,2025-07-26
nv,202530,6.0,Flu,202530,2025-07-26
ny,202530,19.0,Flu,202530,2025-07-26
oh,202530,19.0,Flu,202530,2025-07-26
ok,202530,10.0,Flu,202530,2025-07-26
or,202530,9.0,Flu,202530,2025-07-26
pa,202530,119.0,Flu,202530,2025-07-26
pr,202530,110.0,Flu,202530,2025-07-26
ri,202530,0.0,Flu,202530,2025-07-26
sc,202530,5.0,Flu,202530,2025-07-26
sd,202530,4.0,Flu,202530,2025-07-26
tn,202530,23.0,Flu,202530,2025-07-26
tx,202530,90.0,Flu,202530,2025-07-26
ut,202530,4.0,Flu,202530,2025-07-26
va,202530,12.0,Flu,202530,2025-07-26
vi,202530,0.0,Flu,202530,2025-07-26
vt,202530,0.0,Flu,202530,2025-07-26
wa,202530,6.0,Flu,202530,2025-07-26
wi,202530,3.0,Flu,202530,2025-07-26
wv,202530,0.0,Flu,202530,2025-07-26
wy,202530,0.0,Flu,202530,2025-07-26
ak,202531,2.0,Flu,202531,2025-08-02
al,202531,19.0,Flu,202531,2025-08-02
ar,202531,2.0,Flu,202531,2025-08-02
as,202531,0.0,Flu,202531,2025-08-02
az,202531,5.0,Flu,202531,2025-08-02
ca,202531,71.0,Flu,202531,2025-08-02
co,202531,3.0,Flu,202531,2025-08-02
ct,202531,5.0,Flu,202531,2025-08-02
dc,202531,0.0,Flu,202531,2025-08-02
de,202531,0.0,Flu,202531,2025-08-02
fl,202531,151.0,Flu,202531,2025-08-02
ga,202531,22.0,Flu,202531,2025-08-02
gu,202531,3.0,Flu,202531,2025-08-02
hi,202531,4.0,Flu,202531,2025-08-02
ia,202531,2.0,Flu,202531,2025-08-02
id,202531,2.0,Flu,202531,2025-08-02
il,202531,14.0,Flu,202531,2025-08-02
in,202531,7.0,Flu,202531,2025-08-02
ks,202531,3.0,Flu,202531,2025-08-02
ky,202531,5.0,Flu,202531,2025-08-02
la,202531,25.0,Flu,202531,2025-08-02
ma,202531,8.0,Flu,202531,2025-08-02
md,202531,6.0,Flu,202531,2025-08-02
me,202531,0.0,Flu,202531,2025-08-02
mi,202531,17.0,Flu,202531,2025-08-02
mn,202531,4.0,Flu,202531,2025-08-02
mo,202531,8.0,Flu,202531,2025-08-02
mp,202531,0.0,Flu,202531,2025-08-02
ms,202531,5.0,Flu,202531,2025-08-02
mt,202531,0.0,Flu,202531,2025-08-02
nc,202531,12.0,Flu,202531,2025-08-02
nd,202531,2.0,Flu,202531,2025-08-02
ne,202531,1.0,Flu,202531,2025-08-02
nh,202531,3.0,Flu,202531,2025-08-02
nj,202531,7.0,Flu,202531,2025-08-02
nm,202531,1.0,Flu,202531,2025-08-02
nv,202531,14.0,Flu,202531,2025-08-02
ny,202531,13.0,Flu,202531,2025-08-02
oh,202531,16.0,Flu,202531,2025-08-02
ok,202531,5.0,Flu,202531,2025-08-02
or,202531,4.0,Flu,202531,2025-08-02
pa,202531,92.0,Flu,202531,2025-08-02
pr,202531,101.0,Flu,202531,2025-08-02
ri,202531,1.0,Flu,202531,2025-08-02
sc,202531,6.0,Flu,202531,2025-08-02
sd,202531,2.0,Flu,202531,2025-08-02
tn,202531,17.0,Flu,202531,2025-08-02
tx,202531,85.0,Flu,202531,2025-08-02
ut,202531,1.0,Flu,202531,2025-08-02
va,202531,10.0,Flu,202531,2025-08-02
vi,202531,0.0,Flu,202531,2025-08-02
vt,202531,0.0,Flu,202531,2025-08-02
wa,202531,4.0,Flu,202531,2025-08-02
wi,202531,5.0,Flu,202531,2025-08-02
wv,202531,1.0,Flu,202531,2025-08-02
wy,202531,2.0,Flu,202531,2025-08-02
ak,202532,2.0,Flu,202532,2025-08-09
al,202532,17.0,Flu,202532,2025-08-09
ar,202532,2.0,Flu,202532,2025-08-09
as,202532,0.0,Flu,202532,2025-08-09
az,202532,11.0,Flu,202532,2025-08-09
ca,202532,66.0,Flu,202532,2025-08-09
co,202532,5.0,Flu,202532,2025-08-09
ct,202532,9.0,Flu,202532,2025-08-09
dc,202532,2.0,Flu,202532,2025-08-09
de,202532,0.0,Flu,202532,2025-08-09
fl,202532,132.0,Flu,202532,2025-08-09
ga,202532,11.0,Flu,202532,2025-08-09
gu,202532,0.0,Flu,202532,2025-08-09
hi,202532,6.0,Flu,202532,2025-08-09
ia,202532,1.0,Flu,202532,2025-08-09
id,202532,2.0,Flu,202532,2025-08-09
il,202532,11.0,Flu,202532,2025-08-09
in,202532,12.0,Flu,202532,2025-08-09
ks,202532,1.0,Flu,202532,2025-08-09
ky,202532,2.0,Flu,202532,2025-08-09
la,202532,21.0,Flu,202532,2025-08-09
ma,202532,6.0,Flu,202532,2025-08-09
md,202532,3.0,Flu,202532,2025-08-09
me,202532,0.0,Flu,202532,2025-08-09
mi,202532,16.0,Flu,202532,2025-08-09
mn,202532,1.0,Flu,202532,2025-08-09
mo,202532,8.0,Flu,202532,2025-08-09
mp,202532,2.0,Flu,202532,2025-08-09
ms,202532,12.0,Flu,202532,2025-08-09
mt,202532,1.0,Flu,202532,2025-08-09
nc,202532,12.0,Flu,202532,2025-08-09
nd,202532,4.0,Flu,202532,2025-08-09
ne,202532,0.0,Flu,202532,2025-08-09
nh,202532,3.0,Flu,202532,2025-08-09
nj,202532,9.0,Flu,202532,2025-08-09
nm,202532,1.0,Flu,202532,2025-08-09
nv,202532,4.0,Flu,202532,2025-08-09
ny,202532,12.0,Flu,202532,2025-08-09
oh,202532,3.0,Flu,202532,2025-08-09
ok,202532,7.0,Flu,202532,2025-08-09
or,202532,4.0,Flu,202532,2025-08-09
pa,202532,92.0,Flu,202532,2025-08-09
pr,202532,99.0,Flu,202532,2025-08-09
ri,202532,2.0,Flu,202532,2025-08-09
sc,202532,5.0,Flu,202532,2025-08-09
sd,202532,1.0,Flu,202532,2025-08-09
tn,202532,32.0,Flu,202532,2025-08-09
tx,202532,80.0,Flu,202532,2025-08-09
ut,202532,8.0,Flu,202532,2025-08-09
va,202532,10.0,Flu,202532,2025-08-09
vi,202532,0.0,Flu,202532,2025-08-09
vt,202532,0.0,Flu,202532,2025-08-09
wa,202532,7.0,Flu,202532,2025-08-09
wi,202532,3.0,Flu,202532,2025-08-09
wv,202532,2.0,Flu,202532,2025-08-09
wy,202532,0.0,Flu,202532,2025-08-09
ak,202533,4.0,Flu,202533,2025-08-16
al,202533,27.0,Flu,202533,2025-08-16
ar,202533,4.0,Flu,202533,2025-08-16
as,202533,0.0,Flu,202533,2025-08-16
az,202533,18.0,Flu,202533,2025-08-16
ca,202533,74.0,Flu,202533,2025-08-16
co,202533,3.0,Flu,202533,2025-08-16
ct,202533,7.0,Flu,202533,2025-08-16
dc,202533,1.0,Flu,202533,2025-08-16
de,202533,0.0,Flu,202533,2025-08-16
fl,202533,140.0,Flu,202533,2025-08-16
ga,202533,19.0,Flu,202533,2025-08-16
gu,202533,0.0,Flu,202533,2025-08-16
hi,202533,4.0,Flu,202533,2025-08-16
ia,202533,2.0,Flu,202533,2025-08-16
id,202533,1.0,Flu,202533,2025-08-16
il,202533,16.0,Flu,202533,2025-08-16
in,202533,8.0,Flu,202533,2025-08-16
ks,202533,0.0,Flu,202533,2025-08-16
ky,202533,6.0,Flu,202533,2025-08-16
la,202533,22.0,Flu,202533,2025-08-16
ma,202533,8.0,Flu,202533,2025-08-16
md,202533,6.0,Flu,202533,2025-08-16
me,202533,0.0,Flu,202533,2025-08-16
mi,202533,21.0,Flu,202533,2025-08-16
mn,202533,0.0,Flu,202533,2025-08-16
mo,202533,8.0,Flu,202533,2025-08-16
mp,202533,0.0,Flu,202533,2025-08-16
ms,202533,15.0,Flu,202533,2025-08-16
mt,202533,1.0,Flu,202533,2025-08-16
nc,202533,11.0,Flu,202533,2025-08-16
nd,202533,3.0,Flu,202533,2025-08-16
ne,202533,1.0,Flu,202533,2025-08-16
nh,202533,5.0,Flu,202533,2025-08-16
nj,202533,12.0,Flu,202533,2025-08-16
nm,202533,1.0,Flu,202533,2025-08-16
nv,202533,7.0,Flu,202533,2025-08-16
ny,202533,14.0,Flu,202533,2025-08-16
oh,202533,5.0,Flu,202533,2025-08-16
ok,202533,5.0,Flu,202533,2025-08-16
or,202533,2.0,Flu,202533,2025-08-16
pa,202533,105.0,Flu,202533,2025-08-16
pr,202533,44.0,Flu,202533,2025-08-16
ri,202533,1.0,Flu,202533,2025-08-16
sc,202533,2.0,Flu,202533,2025-08-16
sd,202533,1.0,Flu,202533,2025-08-16
tn,202533,23.0,Flu,202533,2025-08-16
tx,202533,91.0,Flu,202533,2025-08-16
ut,202533,3.0,Flu,202533,2025-08-16
va,202533,9.0,Flu,202533,2025-08-16
vi,202533,0.0,Flu,202533,2025-08-16
vt,202533,0.0,Flu,202533,2025-08-16
wa,202533,10.0,Flu,202533,2025-08-16
wi,202533,1.0,Flu,202533,2025-08-16
wv,202533,0.0,Flu,202533,2025-08-16
wy,202533,0.0,Flu,202533,2025-08-16
ak,202534,2.0,Flu,202534,2025-08-23
al,202534,24.0,Flu,202534,2025-08-23
ar,202534,3.0,Flu,202534,2025-08-23
as,202534,0.0,Flu,202534,2025-08-23
az,202534,6.0,Flu,202534,2025-08-23
ca,202534,72.0,Flu,202534,2025-08-23
co,202534,0.0,Flu,202534,2025-08-23
ct,202534,4.0,Flu,202534,2025-08-23
dc,202534,0.0,Flu,202534,2025-08-23
de,202534,0.0,Flu,202534,2025-08-23
fl,202534,126.0,Flu,202534,2025-08-23
ga,202534,19.0,Flu,202534,2025-08-23
gu,202534,1.0,Flu,202534,2025-08-23
hi,202534,0.0,Flu,202534,2025-08-23
ia,202534,3.0,Flu,202534,2025-08-23
id,202534,1.0,Flu,202534,2025-08-23
il,202534,11.0,Flu,202534,2025-08-23
in,202534,9.0,Flu,202534,2025-08-23
ks,202534,1.0,Flu,202534,2025-08-23
ky,202534,4.0,Flu,202534,2025-08-23
la,202534,27.0,Flu,202534,2025-08-23
ma,202534,6.0,Flu,202534,2025-08-23
md,202534,7.0,Flu,202534,2025-08-23
me,202534,1.0,Flu,202534,2025-08-23
mi,202534,28.0,Flu,202534,2025-08-23
mn,202534,2.0,Flu,202534,2025-08-23
mo,202534,12.0,Flu,202534,2025-08-23
mp,202534,0.0,Flu,202534,2025-08-23
ms,202534,16.0,Flu,202534,2025-08-23
mt,202534,0.0,Flu,202534,2025-08-23
nc,202534,11.0,Flu,202534,2025-08-23
nd,202534,0.0,Flu,202534,2025-08-23
ne,202534,2.0,Flu,202534,2025-08-23
nh,202534,0.0,Flu,202534,2025-08-23
nj,202534,11.0,Flu,202534,2025-08-23
nm,202534,2.0,Flu,202534,2025-08-23
nv,202534,3.0,Flu,202534,2025-08-23
ny,202534,21.0,Flu,202534,2025-08-23
oh,202534,10.0,Flu,202534,2025-08-23
ok,202534,11.0,Flu,202534,2025-08-23
or,202534,5.0,Flu,202534,2025-08-23
pa,202534,100.0,Flu,202534,2025-08-23
pr,202534,86.0,Flu,202534,2025-08-23
ri,202534,1.0,Flu,202534,2025-08-23
sc,202534,8.0,Flu,202534,2025-08-23
sd,202534,3.0,Flu,202534,2025-08-23
tn,202534,25.0,Flu,202534,2025-08-23
tx,202534,92.0,Flu,202534,2025-08-23
ut,202534,3.0,Flu,202534,2025-08-23
va,202534,8.0,Flu,202534,2025-08-23
vi,202534,0.0,Flu,202534,2025-08-23
vt,202534,0.0,Flu,202534,2025-08-23
wa,202534,10.0,Flu,202534,2025-08-23
wi,202534,4.0,Flu,202534,2025-08-23
wv,202534,0.0,Flu,202534,2025-08-23
wy,202534,0.0,Flu,202534,2025-08-23
ak,202535,2.0,Flu,202535,2025-08-30
al,202535,29.0,Flu,202535,2025-08-30
ar,202535,1.0,Flu,202535,2025-08-30
as,202535,0.0,Flu,202535,2025-08-30
az,202535,27.0,Flu,202535,2025-08-30
ca,202535,90.0,Flu,202535,2025-08-30
co,202535,4.0,Flu,202535,2025-08-30
ct,202535,6.0,Flu,202535,2025-08-30
dc,202535,1.0,Flu,202535,2025-08-30
de,202535,2.0,Flu,202535,2025-08-30
fl,202535,189.0,Flu,202535,2025-08-30
ga,202535,19.0,Flu,202535,2025-08-30
gu,202535,0.0,Flu,202535,2025-08-30
hi,202535,4.0,Flu,202535,2025-08-30
ia,202535,1.0,Flu,202535,2025-08-30
id,202535,3.0,Flu,202535,2025-08-30
il,202535,7.0,Flu,202535,2025-08-30
in,202535,10.0,Flu,202535,2025-08-30
ks,202535,1.0,Flu,202535,2025-08-30
ky,202535,7.0,Flu,202535,2025-08-30
la,202535,27.0,Flu,202535,2025-08-30
ma,202535,8.0,Flu,202535,2025-08-30
md,202535,6.0,Flu,202535,2025-08-30
me,202535,1.0,Flu,202535,2025-08-30
mi,202535,29.0,Flu,202535,2025-08-30
mn,202535,3.0,Flu,202535,2025-08-30
mo,202535,6.0,Flu,202535,2025-08-30
mp,202535,0.0,Flu,202535,2025-08-30
ms,202535,19.0,Flu,202535,2025-08-30
mt,202535,3.0,Flu,202535,2025-08-30
nc,202535,11.0,Flu,202535,2025-08-30
nd,202535,1.0,Flu,202535,2025-08-30
ne,202535,5.0,Flu,202535,2025-08-30
nh,202535,2.0,Flu,202535,2025-08-30
nj,202535,10.0,Flu,202535,2025-08-30
nm,202535,1.0,Flu,202535,2025-08-30
nv,202535,3.0,Flu,202535,2025-08-30
ny,202535,17.0,Flu,202535,2025-08-30
oh,202535,10.0,Flu,202535,2025-08-30
ok,202535,4.0,Flu,202535,2025-08-30
or,202535,0.0,Flu,202535,2025-08-30
pa,202535,93.0,Flu,202535,2025-08-30
pr,202535,83.0,Flu,202535,2025-08-30
ri,202535,0.0,Flu,202535,2025-08-30
sc,202535,11.0,Flu,202535,2025-08-30
sd,202535,2.0,Flu,202535,2025-08-30
tn,202535,25.0,Flu,202535,2025-08-30
tx,202535,105.0,Flu,202535,2025-08-30
ut,202535,4.0,Flu,202535,2025-08-30
va,202535,9.0,Flu,202535,2025-08-30
vi,202535,0.0,Flu,202535,2025-08-30
vt,202535,1.0,Flu,202535,2025-08-30
wa,202535,4.0,Flu,202535,2025-08-30
wi,202535,4.0,Flu,202535,2025-08-30
wv,202535,0.0,Flu,202535,2025-08-30
wy,202535,1.0,Flu,202535,2025-08-30
ak,202536,3.0,Flu,202536,2025-09-06
al,202536,23.0,Flu,202536,2025-09-06
ar,202536,2.0,Flu,202536,2025-09-06
as,202536,0.0,Flu,202536,2025-09-06
az,202536,11.0,Flu,202536,2025-09-06
ca,202536,91.0,Flu,202536,2025-09-06
co,202536,3.0,Flu,202536,2025-09-06
ct,202536,6.0,Flu,202536,2025-09-06
dc,202536,0.0,Flu,202536,2025-09-06
de,202536,0.0,Flu,202536,2025-09-06
fl,202536,185.0,Flu,202536,2025-09-06
ga,202536,13.0,Flu,202536,2025-09-06
gu,202536,2.0,Flu,202536,2025-09-06
hi,202536,4.0,Flu,202536,2025-09-06
ia,202536,2.0,Flu,202536,2025-09-06
id,202536,0.0,Flu,202536,2025-09-06
il,202536,5.0,Flu,202536,2025-09-06
in,202536,13.0,Flu,202536,2025-09-06
ks,202536,3.0,Flu,202536,2025-09-06
ky,202536,8.0,Flu,202536,2025-09-06
la,202536,20.0,Flu,202536,2025-09-06
ma,202536,14.0,Flu,202536,2025-09-06
md,202536,3.0,Flu,202536,2025-09-06
me,202536,1.0,Flu,202536,2025-09-06
mi,202536,26.0,Flu,202536,2025-09-06
mn,202536,2.0,Flu,202536,2025-09-06
mo,202536,7.0,Flu,202536,2025-09-06
mp,202536,3.0,Flu,202536,2025-09-06
ms,202536,17.0,Flu,202536,2025-09-06
mt,202536,5.0,Flu,202536,2025-09-06
nc,202536,11.0,Flu,202536,2025-09-06
nd,202536,2.0,Flu,202536,2025-09-06
ne,202536,3.0,Flu,202536,2025-09-06
nh,202536,0.0,Flu,202536,2025-09-06
nj,202536,14.0,Flu,202536,2025-09-06
nm,202536,4.0,Flu,202536,2025-09-06
nv,202536,5.0,Flu,202536,2025-09-06
ny,202536,19.0,Flu,202536,2025-09-06
oh,202536,6.0,Flu,202536,2025-09-06
ok,202536,13.0,Flu,202536,2025-09-06
or,202536,3.0,Flu,202536,2025-09-06
pa,202536,90.0,Flu,202536,2025-09-06
pr,202536,139.0,Flu,202536,2025-09-06
ri,202536,0.0,Flu,202536,2025-09-06
sc,202536,7.0,Flu,202536,2025-09-06
sd,202536,1.0,Flu,202536,2025-09-06
tn,202536,28.0,Flu,202536,2025-09-06
tx,202536,124.0,Flu,202536,2025-09-06
ut,202536,2.0,Flu,202536,2025-09-06
va,202536,12.0,Flu,202536,2025-09-06
vi,202536,0.0,Flu,202536,2025-09-06
vt,202536,0.0,Flu,202536,2025-09-06
wa,202536,13.0,Flu,202536,2025-09-06
wi,202536,10.0,Flu,202536,2025-09-06
wv,202536,0.0,Flu,202536,2025-09-06
wy,202536,1.0,Flu,202536,2025-09-06
ak,202537,12.0,Flu,202537,2025-09-13
al,202537,31.0,Flu,202537,2025-09-13
ar,202537,1.0,Flu,202537,2025-09-13
as,202537,0.0,Flu,202537,2025-09-13
az,202537,14.0,Flu,202537,2025-09-13
ca,202537,90.0,Flu,202537,2025-09-13
co,202537,1.0,Flu,202537,2025-09-13
ct,202537,10.0,Flu,202537,2025-09-13
dc,202537,0.0,Flu,202537,2025-09-13
de,202537,0.0,Flu,202537,2025-09-13
fl,202537,145.0,Flu,202537,2025-09-13
ga,202537,17.0,Flu,202537,2025-09-13
gu,202537,2.0,Flu,202537,2025-09-13
hi,202537,6.0,Flu,202537,2025-09-13
ia,202537,0.0,Flu,202537,2025-09-13
id,202537,3.0,Flu,202537,2025-09-13
il,202537,12.0,Flu,202537,2025-09-13
in,202537,11.0,Flu,202537,2025-09-13
ks,202537,5.0,Flu,202537,2025-09-13
ky,202537,19.0,Flu,202537,2025-09-13
la,202537,19.0,Flu,202537,2025-09-13
ma,202537,13.0,Flu,202537,2025-09-13
md,202537,6.0,Flu,202537,2025-09-13
me,202537,2.0,Flu,202537,2025-09-13
mi,202537,29.0,Flu,202537,2025-09-13
mn,202537,6.0,Flu,202537,2025-09-13
mo,202537,12.0,Flu,202537,2025-09-13
mp,202537,1.0,Flu,202537,2025-09-13
ms,202537,15.0,Flu,202537,2025-09-13
mt,202537,1.0,Flu,202537,2025-09-13
nc,202537,7.0,Flu,202537,2025-09-13
nd,202537,4.0,Flu,202537,2025-09-13
ne,202537,3.0,Flu,202537,2025-09-13
nh,202537,0.0,Flu,202537,2025-09-13
nj,202537,10.0,Flu,202537,2025-09-13
nm,202537,1.0,Flu,202537,2025-09-13
nv,202537,8.0,Flu,202537,2025-09-13
ny,202537,15.0,Flu,202537,2025-09-13
oh,202537,16.0,Flu,202537,2025-09-13
ok,202537,9.0,Flu,202537,2025-09-13
or,202537,3.0,Flu,202537,2025-09-13
pa,202537,120.0,Flu,202537,2025-09-13
pr,202537,122.0,Flu,202537,2025-09-13
ri,202537,0.0,Flu,202537,2025-09-13
sc,202537,15.0,Flu,202537,2025-09-13
sd,202537,2.0,Flu,202537,2025-09-13
tn,202537,36.0,Flu,202537,2025-09-13
tx,202537,117.0,Flu,202537,2025-09-13
ut,202537,4.0,Flu,202537,2025-09-13
va,202537,12.0,Flu,202537,2025-09-13
vi,202537,0.0,Flu,202537,2025-09-13
vt,202537,1.0,Flu,202537,2025-09-13
wa,202537,14.0,Flu,202537,2025-09-13
wi,202537,8.0,Flu,202537,2025-09-13
wv,202537,1.0,Flu,202537,2025-09-13
wy,202537,1.0,Flu,202537,2025-09-13
ak,202538,1.0,Flu,202538,2025-09-20
al,202538,15.0,Flu,202538,2025-09-20
ar,202538,3.0,Flu,202538,2025-09-20
as,202538,0.0,Flu,202538,2025-09-20
az,202538,16.0,Flu,202538,2025-09-20
ca,202538,83.0,Flu,202538,2025-09-20
co,202538,4.0,Flu,202538,2025-09-20
ct,202538,8.0,Flu,202538,2025-09-20
dc,202538,0.0,Flu,202538,2025-09-20
de,202538,2.0,Flu,202538,2025-09-20
fl,202538,150.0,Flu,202538,2025-09-20
ga,202538,20.0,Flu,202538,2025-09-20
gu,202538,5.0,Flu,202538,2025-09-20
hi,202538,1.0,Flu,202538,2025-09-20
ia,202538,3.0,Flu,202538,2025-09-20
id,202538,1.0,Flu,202538,2025-09-20
il,202538,9.0,Flu,202538,2025-09-20
in,202538,13.0,Flu,202538,2025-09-20
ks,202538,6.0,Flu,202538,2025-09-20
ky,202538,14.0,Flu,202538,2025-09-20
la,202538,25.0,Flu,202538,2025-09-20
ma,202538,10.0,Flu,202538,2025-09-20
md,202538,6.0,Flu,202538,2025-09-20
me,202538,0.0,Flu,202538,2025-09-20
mi,202538,20.0,Flu,202538,2025-09-20
mn,202538,4.0,Flu,202538,2025-09-20
mo,202538,16.0,Flu,202538,2025-09-20
mp,202538,0.0,Flu,202538,2025-09-20
ms,202538,13.0,Flu,202538,2025-09-20
mt,202538,0.0,Flu,202538,2025-09-20
nc,202538,19.0,Flu,202538,2025-09-20
nd,202538,2.0,Flu,202538,2025-09-20
ne,202538,3.0,Flu,202538,2025-09-20
nh,202538,1.0,Flu,202538,2025-09-20
nj,202538,11.0,Flu,202538,2025-09-20
nm,202538,1.0,Flu,202538,2025-09-20
nv,202538,9.0,Flu,202538,2025-09-20
ny,202538,9.0,Flu,202538,2025-09-20
oh,202538,14.0,Flu,202538,2025-09-20
ok,202538,8.0,Flu,202538,2025-09-20
or,202538,1.0,Flu,202538,2025-09-20
pa,202538,121.0,Flu,202538,2025-09-20
pr,202538,77.0,Flu,202538,2025-09-20
ri,202538,3.0,Flu,202538,2025-09-20
sc,202538,5.0,Flu,202538,2025-09-20
sd,202538,2.0,Flu,202538,2025-09-20
tn,202538,40.0,Flu,202538,2025-09-20
tx,202538,106.0,Flu,202538,2025-09-20
ut,202538,1.0,Flu,202538,2025-09-20
va,202538,12.0,Flu,202538,2025-09-20
vi,202538,0.0,Flu,202538,2025-09-20
vt,202538,0.0,Flu,202538,2025-09-20
wa,202538,6.0,Flu,202538,2025-09-20
wi,202538,4.0,Flu,202538,2025-09-20
wv,202538,0.0,Flu,202538,2025-09-20
wy,202538,1.0,Flu,202538,2025-09-20
ak,202539,1.0,Flu,202539,2025-09-27
al,202539,18.0,Flu,202539,2025-09-27
ar,202539,9.0,Flu,202539,2025-09-27
as,202539,0.0,Flu,202539,2025-09-27
az,202539,13.0,Flu,202539,2025-09-27
ca,202539,105.0,Flu,202539,2025-09-27
co,202539,9.0,Flu,202539,2025-09-27
ct,202539,7.0,Flu,202539,2025-09-27
dc,202539,1.0,Flu,202539,2025-09-27
de,202539,0.0,Flu,202539,2025-09-27
fl,202539,181.0,Flu,202539,2025-09-27
ga,202539,22.0,Flu,202539,2025-09-27
gu,202539,3.0,Flu,202539,2025-09-27
hi,202539,3.0,Flu,202539,2025-09-27
ia,202539,6.0,Flu,202539,2025-09-27
id,202539,0.0,Flu,202539,2025-09-27
il,202539,7.0,Flu,202539,2025-09-27
in,202539,7.0,Flu,202539,2025-09-27
ks,202539,7.0,Flu,202539,2025-09-27
ky,202539,17.0,Flu,202539,2025-09-27
la,202539,31.0,Flu,202539,2025-09-27
ma,202539,13.0,Flu,202539,2025-09-27
md,202539,4.0,Flu,202539,2025-09-27
me,202539,0.0,Flu,202539,2025-09-27
mi,202539,22.0,Flu,202539,2025-09-27
mn,202539,2.0,Flu,202539,2025-09-27
mo,202539,18.0,Flu,202539,2025-09-27
mp,202539,3.0,Flu,202539,2025-09-27
ms,202539,10.0,Flu,202539,2025-09-27
mt,202539,0.0,Flu,202539,2025-09-27
nc,202539,19.0,Flu,202539,2025-09-27
nd,202539,0.0,Flu,202539,2025-09-27
ne,202539,3.0,Flu,202539,2025-09-27
nh,202539,0.0,Flu,202539,2025-09-27
nj,202539,19.0,Flu,202539,2025-09-27
nm,202539,3.0,Flu,202539,2025-09-27
nv,202539,4.0,Flu,202539,2025-09-27
ny,202539,27.0,Flu,202539,2025-09-27
oh,202539,13.0,Flu,202539,2025-09-27
ok,202539,9.0,Flu,202539,2025-09-27
or,202539,3.0,Flu,202539,2025-09-27
pa,202539,119.0,Flu,202539,2025-09-27
pr,202539,52.0,Flu,202539,2025-09-27
ri,202539,4.0,Flu,202539,2025-09-27
sc,202539,19.0,Flu,202539,2025-09-27
sd,202539,1.0,Flu,202539,2025-09-27
tn,202539,41.0,Flu,202539,2025-09-27
tx,202539,134.0,Flu,202539,2025-09-27
ut,202539,2.0,Flu,202539,2025-09-27
va,202539,15.0,Flu,202539,2025-09-27
vi,202539,0.0,Flu,202539,2025-09-27
vt,202539,0.0,Flu,202539,2025-09-27
wa,202539,8.0,Flu,202539,2025-09-27
wi,202539,7.0,Flu,202539,2025-09-27
wv,202539,2.0,Flu,202539,2025-09-27
wy,202539,1.0,Flu,202539,2025-09-27
ak,202540,2.0,Flu,202540,2025-10-04
al,202540,21.0,Flu,202540,2025-10-04
ar,202540,4.0,Flu,202540,2025-10-04
as,202540,0.0,Flu,202540,2025-10-04
az,202540,19.0,Flu,202540,2025-10-04
ca,202540,92.0,Flu,202540,2025-10-04
co,202540,8.0,Flu,202540,2025-10-04
ct,202540,8.0,Flu,202540,2025-10-04
dc,202540,6.0,Flu,202540,2025-10-04
de,202540,1.0,Flu,202540,2025-10-04
fl,202540,142.0,Flu,202540,2025-10-04
ga,202540,27.0,Flu,202540,2025-10-04
gu,202540,7.0,Flu,202540,2025-10-04
hi,202540,1.0,Flu,202540,2025-10-04
ia,202540,1.0,Flu,202540,2025-10-04
id,202540,2.0,Flu,202540,2025-10-04
il,202540,14.0,Flu,202540,2025-10-04
in,202540,18.0,Flu,202540,2025-10-04
ks,202540,10.0,Flu,202540,2025-10-04
ky,202540,15.0,Flu,202540,2025-10-04
la,202540,33.0,Flu,202540,2025-10-04
ma,202540,17.0,Flu,202540,2025-10-04
md,202540,3.0,Flu,202540,2025-10-04
me,202540,1.0,Flu,202540,2025-10-04
mi,202540,14.0,Flu,202540,2025-10-04
mn,202540,0.0,Flu,202540,2025-10-04
mo,202540,19.0,Flu,202540,2025-10-04
mp,202540,5.0,Flu,202540,2025-10-04
ms,202540,15.0,Flu,202540,2025-10-04
mt,202540,6.0,Flu,202540,2025-10-04
nc,202540,19.0,Flu,202540,2025-10-04
nd,202540,3.0,Flu,202540,2025-10-04
ne,202540,1.0,Flu,202540,2025-10-04
nh,202540,4.0,Flu,202540,2025-10-04
nj,202540,16.0,Flu,202540,2025-10-04
nm,202540,0.0,Flu,202540,2025-10-04
nv,202540,5.0,Flu,202540,2025-10-04
ny,202540,22.0,Flu,202540,2025-10-04
oh,202540,17.0,Flu,202540,2025-10-04
ok,202540,18.0,Flu,202540,2025-10-04
or,202540,3.0,Flu,202540,2025-10-04
pa,202540,112.0,Flu,202540,2025-10-04
pr,202540,65.0,Flu,202540,2025-10-04
ri,202540,3.0,Flu,202540,2025-10-04
sc,202540,17.0,Flu,202540,2025-10-04
sd,202540,1.0,Flu,202540,2025-10-04
tn,202540,26.0,Flu,202540,2025-10-04
tx,202540,101.0,Flu,202540,2025-10-04
ut,202540,2.0,Flu,202540,2025-10-04
va,202540,15.0,Flu,202540,2025-10-04
vi,202540,0.0,Flu,202540,2025-10-04
vt,202540,0.0,Flu,202540,2025-10-04
wa,202540,6.0,Flu,202540,2025-10-04
wi,202540,7.0,Flu,202540,2025-10-04
wv,202540,0.0,Flu,202540,2025-10-04
wy,202540,2.0,Flu,202540,2025-10-04
ak,202541,0.0,Flu,202541,2025-10-11
al,202541,14.0,Flu,202541,2025-10-11
ar,202541,5.0,Flu,202541,2025-10-11
as,202541,0.0,Flu,202541,2025-10-11
az,202541,9.0,Flu,202541,2025-10-11
ca,202541,96.0,Flu,202541,2025-10-11
co,202541,6.0,Flu,202541,2025-10-11
ct,202541,2.0,Flu,202541,2025-10-11
dc,202541,3.0,Flu,202541,2025-10-11
de,202541,7.0,Flu,202541,2025-10-11
fl,202541,173.0,Flu,202541,2025-10-11
ga,202541,15.0,Flu,202541,2025-10-11
gu,202541,5.0,Flu,202541,2025-10-11
hi,202541,4.0,Flu,202541,2025-10-11
ia,202541,4.0,Flu,202541,2025-10-11
id,202541,1.0,Flu,202541,2025-10-11
il,202541,15.0,Flu,202541,2025-10-11
in,202541,12.0,Flu,202541,2025-10-11
ks,202541,13.0,Flu,202541,2025-10-11
ky,202541,23.0,Flu,202541,2025-10-11
la,202541,36.0,Flu,202541,2025-10-11
ma,202541,5.0,Flu,202541,2025-10-11
md,202541,9.0,Flu,202541,2025-10-11
me,202541,1.0,Flu,202541,2025-10-11
mi,202541,15.0,Flu,202541,2025-10-11
mn,202541,7.0,Flu,202541,2025-10-11
mo,202541,24.0,Flu,202541,2025-10-11
mp,202541,0.0,Flu,202541,2025-10-11
ms,202541,16.0,Flu,202541,2025-10-11
mt,202541,2.0,Flu,202541,2025-10-11
nc,202541,22.0,Flu,202541,2025-10-11
nd,202541,3.0,Flu,202541,2025-10-11
ne,202541,5.0,Flu,202541,2025-10-11
nh,202541,4.0,Flu,202541,2025-10-11
nj,202541,14.0,Flu,202541,2025-10-11
nm,202541,6.0,Flu,202541,2025-10-11
nv,202541,3.0,Flu,202541,2025-10-11
ny,202541,23.0,Flu,202541,2025-10-11
oh,202541,13.0,Flu,202541,2025-10-11
ok,202541,8.0,Flu,202541,2025-10-11
or,202541,5.0,Flu,202541,2025-10-11
pa,202541,119.0,Flu,202541,2025-10-11
pr,202541,53.0,Flu,202541,2025-10-11
ri,202541,7.0,Flu,202541,2025-10-11
sc,202541,19.0,Flu,202541,2025-10-11
sd,202541,2.0,Flu,202541,2025-10-11
tn,202541,26.0,Flu,202541,2025-10-11
tx,202541,131.0,Flu,202541,2025-10-11
ut,202541,1.0,Flu,202541,2025-10-11
va,202541,18.0,Flu,202541,2025-10-11
vi,202541,1.0,Flu,202541,2025-10-11
vt,202541,0.0,Flu,202541,2025-10-11
wa,202541,7.0,Flu,202541,2025-10-11
wi,202541,3.0,Flu,202541,2025-10-11
wv,202541,3.0,Flu,202541,2025-10-11
wy,202541,0.0,Flu,202541,2025-10-11
ak,202542,0.0,Flu,202542,2025-10-18
al,202542,12.0,Flu,202542,2025-10-18
ar,202542,2.0,Flu,202542,2025-10-18
as,202542,0.0,Flu,202542,2025-10-18
az,202542,12.0,Flu,202542,2025-10-18
ca,202542,102.0,Flu,202542,2025-10-18
co,202542,7.0,Flu,202542,2025-10-18
ct,202542,3.0,Flu,202542,2025-10-18
dc,202542,2.0,Flu,202542,2025-10-18
de,202542,1.0,Flu,202542,2025-10-18
fl,202542,199.0,Flu,202542,2025-10-18
ga,202542,25.0,Flu,202542,2025-10-18
gu,202542,6.0,Flu,202542,2025-10-18
hi,202542,5.0,Flu,202542,2025-10-18
ia,202542,1.0,Flu,202542,2025-10-18
id,202542,4.0,Flu,202542,2025-10-18
il,202542,27.0,Flu,202542,2025-10-18
in,202542,17.0,Flu,202542,2025-10-18
ks,202542,9.0,Flu,202542,2025-10-18
ky,202542,19.0,Flu,202542,2025-10-18
la,202542,43.0,Flu,202542,2025-10-18
ma,202542,10.0,Flu,202542,2025-10-18
md,202542,6.0,Flu,202542,2025-10-18
me,202542,3.0,Flu,202542,2025-10-18
mi,202542,17.0,Flu,202542,2025-10-18
mn,202542,1.0,Flu,202542,2025-10-18
mo,202542,24.0,Flu,202542,2025-10-18
mp,202542,0.0,Flu,202542,2025-10-18
ms,202542,18.0,Flu,202542,2025-10-18
mt,202542,5.0,Flu,202542,2025-10-18
nc,202542,23.0,Flu,202542,2025-10-18
nd,202542,1.0,Flu,202542,2025-10-18
ne,202542,0.0,Flu,202542,2025-10-18
nh,202542,2.0,Flu,202542,2025-10-18
nj,202542,30.0,Flu,202542,2025-10-18
nm,202542,3.0,Flu,202542,2025-10-18
nv,202542,10.0,Flu,202542,2025-10-18
ny,202542,30.0,Flu,202542,2025-10-18
oh,202542,13.0,Flu,202542,2025-10-18
ok,202542,7.0,Flu,202542,2025-10-18
or,202542,5.0,Flu,202542,2025-10-18
pa,202542,104.0,Flu,202542,2025-10-18
pr,202542,91.0,Flu,202542,2025-10-18
ri,202542,6.0,Flu,202542,2025-10-18
sc,202542,6.0,Flu,202542,2025-10-18
sd,202542,2.0,Flu,202542,2025-10-18
tn,202542,40.0,Flu,202542,2025-10-18
tx,202542,135.0,Flu,202542,2025-10-18
ut,202542,2.0,Flu,202542,2025-10-18
va,202542,13.0,Flu,202542,2025-10-18
vi,202542,0.0,Flu,202542,2025-10-18
vt,202542,0.0,Flu,202542,2025-10-18
wa,202542,11.0,Flu,202542,2025-10-18
wi,202542,7.0,Flu,202542,2025-10-18
wv,202542,1.0,Flu,202542,2025-10-18
wy,202542,0.0,Flu,202542,2025-10-18
ak,202543,1.0,Flu,202543,2025-10-25
al,202543,11.0,Flu,202543,2025-10-25
ar,202543,3.0,Flu,202543,2025-10-25
as,202543,,Flu,202543,2025-10-25
az,202543,15.0,Flu,202543,2025-10-25
ca,202543,102.0,Flu,202543,2025-10-25
co,202543,9.0,Flu,202543,2025-10-25
ct,202543,10.0,Flu,202543,2025-10-25
dc,202543,3.0,Flu,202543,2025-10-25
de,202543,0.0,Flu,202543,2025-10-25
fl,202543,221.0,Flu,202543,2025-10-25
ga,202543,32.0,Flu,202543,2025-10-25
gu,202543,17.0,Flu,202543,2025-10-25
hi,202543,10.0,Flu,202543,2025-10-25
ia,202543,1.0,Flu,202543,2025-10-25
id,202543,4.0,Flu,202543,2025-10-25
il,202543,21.0,Flu,202543,2025-10-25
in,202543,17.0,Flu,202543,2025-10-25
ks,202543,16.0,Flu,202543,2025-10-25
ky,202543,14.0,Flu,202543,2025-10-25
la,202543,53.0,Flu,202543,2025-10-25
ma,202543,13.0,Flu,202543,2025-10-25
md,202543,17.0,Flu,202543,2025-10-25
me,202543,3.0,Flu,202543,2025-10-25
mi,202543,17.0,Flu,202543,2025-10-25
mn,202543,5.0,Flu,202543,2025-10-25
mo,202543,24.0,Flu,202543,2025-10-25
mp,202543,4.0,Flu,202543,2025-10-25
ms,202543,16.0,Flu,202543,2025-10-25
mt,202543,6.0,Flu,202543,2025-10-25
nc,202543,22.0,Flu,202543,2025-10-25
nd,202543,2.0,Flu,202543,2025-10-25
ne,202543,3.0,Flu,202543,2025-10-25
nh,202543,0.0,Flu,202543,2025-10-25
nj,202543,28.0,Flu,202543,2025-10-25
nm,202543,5.0,Flu,202543,2025-10-25
nv,202543,10.0,Flu,202543,2025-10-25
ny,202543,31.0,Flu,202543,2025-10-25
oh,202543,15.0,Flu,202543,2025-10-25
ok,202543,18.0,Flu,202543,2025-10-25
or,202543,6.0,Flu,202543,2025-10-25
pa,202543,132.0,Flu,202543,2025-10-25
pr,202543,50.0,Flu,202543,2025-10-25
ri,202543,3.0,Flu,202543,2025-10-25
sc,202543,6.0,Flu,202543,2025-10-25
sd,202543,2.0,Flu,202543,2025-10-25
tn,202543,22.0,Flu,202543,2025-10-25
tx,202543,139.0,Flu,202543,2025-10-25
ut,202543,1.0,Flu,202543,2025-10-25
va,202543,12.0,Flu,202543,2025-10-25
vi,202543,0.0,Flu,202543,2025-10-25
vt,202543,1.0,Flu,202543,2025-10-25
wa,202543,12.0,Flu,202543,2025-10-25
wi,202543,8.0,Flu,202543,2025-10-25
wv,202543,1.0,Flu,202543,2025-10-25
wy,202543,4.0,Flu,202543,2025-10-25
ak,202544,0.0,Flu,202544,2025-11-01
al,202544,15.0,Flu,202544,2025-11-01
ar,202544,9.0,Flu,202544,2025-11-01
as,202544,,Flu,202544,2025-11-01
az,202544,11.0,Flu,202544,2025-11-01
ca,202544,139.0,Flu,202544,2025-11-01
co,202544,18.0,Flu,202544,2025-11-01
ct,202544,8.0,Flu,202544,2025-11-01
dc,202544,0.0,Flu,202544,2025-11-01
de,202544,3.0,Flu,202544,2025-11-01
fl,202544,239.0,Flu,202544,2025-11-01
ga,202544,31.0,Flu,202544,2025-11-01
gu,202544,23.0,Flu,202544,2025-11-01
hi,202544,7.0,Flu,202544,2025-11-01
ia,202544,3.0,Flu,202544,2025-11-01
id,202544,8.0,Flu,202544,2025-11-01
il,202544,38.0,Flu,202544,2025-11-01
in,202544,19.0,Flu,202544,2025-11-01
ks,202544,11.0,Flu,202544,2025-11-01
ky,202544,13.0,Flu,202544,2025-11-01
la,202544,44.0,Flu,202544,2025-11-01
ma,202544,18.0,Flu,202544,2025-11-01
md,202544,14.0,Flu,202544,2025-11-01
me,202544,2.0,Flu,202544,2025-11-01
mi,202544,12.0,Flu,202544,2025-11-01
mn,202544,4.0,Flu,202544,2025-11-01
mo,202544,25.0,Flu,202544,2025-11-01
mp,202544,3.0,Flu,202544,2025-11-01
ms,202544,16.0,Flu,202544,2025-11-01
mt,202544,1.0,Flu,202544,2025-11-01
nc,202544,27.0,Flu,202544,2025-11-01
nd,202544,2.0,Flu,202544,2025-11-01
ne,202544,1.0,Flu,202544,2025-11-01
nh,202544,2.0,Flu,202544,2025-11-01
nj,202544,35.0,Flu,202544,2025-11-01
nm,202544,6.0,Flu,202544,2025-11-01
nv,202544,6.0,Flu,202544,2025-11-01
ny,202544,59.0,Flu,202544,2025-11-01
oh,202544,22.0,Flu,202544,2025-11-01
ok,202544,13.0,Flu,202544,2025-11-01
or,202544,4.0,Flu,202544,2025-11-01
pa,202544,117.0,Flu,202544,2025-11-01
pr,202544,61.0,Flu,202544,2025-11-01
ri,202544,10.0,Flu,202544,2025-11-01
sc,202544,12.0,Flu,202544,2025-11-01
sd,202544,0.0,Flu,202544,2025-11-01
tn,202544,34.0,Flu,202544,2025-11-01
tx,202544,169.0,Flu,202544,2025-11-01
ut,202544,1.0,Flu,202544,2025-11-01
va,202544,15.0,Flu,202544,2025-11-01
vi,202544,0.0,Flu,202544,2025-11-01
vt,202544,0.0,Flu,202544,2025-11-01
wa,202544,16.0,Flu,202544,2025-11-01
wi,202544,6.0,Flu,202544,2025-11-01
wv,202544,1.0,Flu,202544,2025-11-01
wy,202544,5.0,Flu,202544,2025-11-01
ak,202545,3.0,Flu,202545,2025-11-08
al,202545,18.0,Flu,202545,2025-11-08
ar,202545,9.0,Flu,202545,2025-11-08
as,202545,4.0,Flu,202545,2025-11-08
az,202545,17.0,Flu,202545,2025-11-08
ca,202545,151.0,Flu,202545,2025-11-08
co,202545,28.0,Flu,202545,2025-11-08
ct,202545,16.0,Flu,202545,2025-11-08
dc,202545,0.0,Flu,202545,2025-11-08
de,202545,4.0,Flu,202545,2025-11-08
fl,202545,304.0,Flu,202545,2025-11-08
ga,202545,47.0,Flu,202545,2025-11-08
gu,202545,18.0,Flu,202545,2025-11-08
hi,202545,5.0,Flu,202545,2025-11-08
ia,202545,9.0,Flu,202545,2025-11-08
id,202545,20.0,Flu,202545,2025-11-08
il,202545,29.0,Flu,202545,2025-11-08
in,202545,22.0,Flu,202545,2025-11-08
ks,202545,6.0,Flu,202545,2025-11-08
ky,202545,22.0,Flu,202545,2025-11-08
la,202545,83.0,Flu,202545,2025-11-08
ma,202545,20.0,Flu,202545,2025-11-08
md,202545,20.0,Flu,202545,2025-11-08
me,202545,3.0,Flu,202545,2025-11-08
mi,202545,27.0,Flu,202545,2025-11-08
mn,202545,9.0,Flu,202545,2025-11-08
mo,202545,28.0,Flu,202545,2025-11-08
mp,202545,2.0,Flu,202545,2025-11-08
ms,202545,17.0,Flu,202545,2025-11-08
mt,202545,1.0,Flu,202545,2025-11-08
nc,202545,43.0,Flu,202545,2025-11-08
nd,202545,5.0,Flu,202545,2025-11-08
ne,202545,2.0,Flu,202545,2025-11-08
nh,202545,0.0,Flu,202545,2025-11-08
nj,202545,47.0,Flu,202545,2025-11-08
nm,202545,7.0,Flu,202545,2025-11-08
nv,202545,13.0,Flu,202545,2025-11-08
ny,202545,80.0,Flu,202545,2025-11-08
oh,202545,42.0,Flu,202545,2025-11-08
ok,202545,18.0,Flu,202545,2025-11-08
or,202545,9.0,Flu,202545,2025-11-08
pa,202545,113.0,Flu,202545,2025-11-08
pr,202545,92.0,Flu,202545,2025-11-08
ri,202545,9.0,Flu,202545,2025-11-08
sc,202545,16.0,Flu,202545,2025-11-08
sd,202545,0.0,Flu,202545,2025-11-08
tn,202545,56.0,Flu,202545,2025-11-08
tx,202545,232.0,Flu,202545,2025-11-08
ut,202545,2.0,Flu,202545,2025-11-08
va,202545,30.0,Flu,202545,2025-11-08
vi,202545,1.0,Flu,202545,2025-11-08
vt,202545,4.0,Flu,202545,2025-11-08
wa,202545,13.0,Flu,202545,2025-11-08
wi,202545,6.0,Flu,202545,2025-11-08
wv,202545,2.0,Flu,202545,2025-11-08
wy,202545,2.0,Flu,202545,2025-11-08
ak,202546,0.0,Flu,202546,2025-11-15
al,202546,31.0,Flu,202546,2025-11-15
ar,202546,27.0,Flu,202546,2025-11-15
as,202546,0.0,Flu,202546,2025-11-15
az,202546,18.0,Flu,202546,2025-11-15
ca,202546,149.0,Flu,202546,2025-11-15
co,202546,47.0,Flu,202546,2025-11-15
ct,202546,11.0,Flu,202546,2025-11-15
dc,202546,7.0,Flu,202546,2025-11-15
de,202546,7.0,Flu,202546,2025-11-15
fl,202546,393.0,Flu,202546,2025-11-15
ga,202546,62.0,Flu,202546,2025-11-15
gu,202546,14.0,Flu,202546,2025-11-15
hi,202546,16.0,Flu,202546,2025-11-15
ia,202546,8.0,Flu,202546,2025-11-15
id,202546,11.0,Flu,202546,2025-11-15
il,202546,47.0,Flu,202546,2025-11-15
in,202546,41.0,Flu,202546,2025-11-15
ks,202546,10.0,Flu,202546,2025-11-15
ky,202546,25.0,Flu,202546,2025-11-15
la,202546,107.0,Flu,202546,2025-11-15
ma,202546,36.0,Flu,202546,2025-11-15
md,202546,35.0,Flu,202546,2025-11-15
me,202546,4.0,Flu,202546,2025-11-15
mi,202546,44.0,Flu,202546,2025-11-15
mn,202546,17.0,Flu,202546,2025-11-15
mo,202546,37.0,Flu,202546,2025-11-15
mp,202546,4.0,Flu,202546,2025-11-15
ms,202546,21.0,Flu,202546,2025-11-15
mt,202546,7.0,Flu,202546,2025-11-15
nc,202546,174.0,Flu,202546,2025-11-15
nd,202546,1.0,Flu,202546,2025-11-15
ne,202546,1.0,Flu,202546,2025-11-15
nh,202546,5.0,Flu,202546,2025-11-15
nj,202546,56.0,Flu,202546,2025-11-15
nm,202546,14.0,Flu,202546,2025-11-15
nv,202546,18.0,Flu,202546,2025-11-15
ny,202546,186.0,Flu,202546,2025-11-15
oh,202546,48.0,Flu,202546,2025-11-15
ok,202546,10.0,Flu,202546,2025-11-15
or,202546,12.0,Flu,202546,2025-11-15
pa,202546,157.0,Flu,202546,2025-11-15
pr,202546,121.0,Flu,202546,2025-11-15
ri,202546,10.0,Flu,202546,2025-11-15
sc,202546,20.0,Flu,202546,2025-11-15
sd,202546,1.0,Flu,202546,2025-11-15
tn,202546,39.0,Flu,202546,2025-11-15
tx,202546,295.0,Flu,202546,2025-11-15
ut,202546,11.0,Flu,202546,2025-11-15
va,202546,34.0,Flu,202546,2025-11-15
vi,202546,0.0,Flu,202546,2025-11-15
vt,202546,3.0,Flu,202546,2025-11-15
wa,202546,19.0,Flu,202546,2025-11-15
wi,202546,7.0,Flu,202546,2025-11-15
wv,202546,0.0,Flu,202546,2025-11-15
wy,202546,6.0,Flu,202546,2025-11-15
ak,202547,3.0,Flu,202547,2025-11-22
al,202547,37.0,Flu,202547,2025-11-22
ar,202547,18.0,Flu,202547,2025-11-22
as,202547,,Flu,202547,2025-11-22
az,202547,47.0,Flu,202547,2025-11-22
ca,202547,148.0,Flu,202547,2025-11-22
co,202547,97.0,Flu,202547,2025-11-22
ct,202547,30.0,Flu,202547,2025-11-22
dc,202547,14.0,Flu,202547,2025-11-22
de,202547,13.0,Flu,202547,2025-11-22
fl,202547,623.0,Flu,202547,2025-11-22
ga,202547,106.0,Flu,202547,2025-11-22
gu,202547,8.0,Flu,202547,2025-11-22
hi,202547,42.0,Flu,202547,2025-11-22
ia,202547,5.0,Flu,202547,2025-11-22
id,202547,27.0,Flu,202547,2025-11-22
il,202547,87.0,Flu,202547,2025-11-22
in,202547,60.0,Flu,202547,2025-11-22
ks,202547,8.0,Flu,202547,2025-11-22
ky,202547,28.0,Flu,202547,2025-11-22
la,202547,117.0,Flu,202547,2025-11-22
ma,202547,50.0,Flu,202547,2025-11-22
md,202547,66.0,Flu,202547,2025-11-22
me,202547,8.0,Flu,202547,2025-11-22
mi,202547,53.0,Flu,202547,2025-11-22
mn,202547,34.0,Flu,202547,2025-11-22
mo,202547,39.0,Flu,202547,2025-11-22
mp,202547,3.0,Flu,202547,2025-11-22
ms,202547,27.0,Flu,202547,2025-11-22
mt,202547,4.0,Flu,202547,2025-11-22
nc,202547,115.0,Flu,202547,2025-11-22
nd,202547,2.0,Flu,202547,2025-11-22
ne,202547,2.0,Flu,202547,2025-11-22
nh,202547,12.0,Flu,202547,2025-11-22
nj,202547,73.0,Flu,202547,2025-11-22
nm,202547,17.0,Flu,202547,2025-11-22
nv,202547,12.0,Flu,202547,2025-11-22
ny,202547,355.0,Flu,202547,2025-11-22
oh,202547,90.0,Flu,202547,2025-11-22
ok,202547,15.0,Flu,202547,2025-11-22
or,202547,20.0,Flu,202547,2025-11-22
pa,202547,221.0,Flu,202547,2025-11-22
pr,202547,154.0,Flu,202547,2025-11-22
ri,202547,11.0,Flu,202547,2025-11-22
sc,202547,41.0,Flu,202547,2025-11-22
sd,202547,3.0,Flu,202547,2025-11-22
tn,202547,57.0,Flu,202547,2025-11-22
tx,202547,442.0,Flu,202547,2025-11-22
ut,202547,15.0,Flu,202547,2025-11-22
va,202547,62.0,Flu,202547,2025-11-22
vi,202547,0.0,Flu,202547,2025-11-22
vt,202547,0.0,Flu,202547,2025-11-22
wa,202547,37.0,Flu,202547,2025-11-22
wi,202547,19.0,Flu,202547,2025-11-22
wv,202547,2.0,Flu,202547,2025-11-22
wy,202547,2.0,Flu,202547,2025-11-22
ak,202548,8.0,Flu,202548,2025-11-29
al,202548,46.0,Flu,202548,2025-11-29
ar,202548,78.0,Flu,202548,2025-11-29
as,202548,,Flu,202548,2025-11-29
az,202548,47.0,Flu,202548,2025-11-29
ca,202548,217.0,Flu,202548,2025-11-29
co,202548,149.0,Flu,202548,2025-11-29
ct,202548,74.0,Flu,202548,2025-11-29
dc,202548,14.0,Flu,202548,2025-11-29
de,202548,13.0,Flu,202548,2025-11-29
fl,202548,738.0,Flu,202548,2025-11-29
ga,202548,166.0,Flu,202548,2025-11-29
gu,202548,7.0,Flu,202548,2025-11-29
hi,202548,29.0,Flu,202548,2025-11-29
ia,202548,19.0,Flu,202548,2025-11-29
id,202548,29.0,Flu,202548,2025-11-29
il,202548,132.0,Flu,202548,2025-11-29
in,202548,86.0,Flu,202548,2025-11-29
ks,202548,13.0,Flu,202548,2025-11-29
ky,202548,49.0,Flu,202548,2025-11-29
la,202548,116.0,Flu,202548,2025-11-29
ma,202548,72.0,Flu,202548,2025-11-29
md,202548,101.0,Flu,202548,2025-11-29
me,202548,13.0,Flu,202548,2025-11-29
mi,202548,76.0,Flu,202548,2025-11-29
mn,202548,74.0,Flu,202548,2025-11-29
mo,202548,57.0,Flu,202548,2025-11-29
mp,202548,0.0,Flu,202548,2025-11-29
ms,202548,24.0,Flu,202548,2025-11-29
mt,202548,13.0,Flu,202548,2025-11-29
nc,202548,159.0,Flu,202548,2025-11-29
nd,202548,10.0,Flu,202548,2025-11-29
ne,202548,13.0,Flu,202548,2025-11-29
nh,202548,11.0,Flu,202548,2025-11-29
nj,202548,154.0,Flu,202548,2025-11-29
nm,202548,39.0,Flu,202548,2025-11-29
nv,202548,13.0,Flu,202548,2025-11-29
ny,202548,701.0,Flu,202548,2025-11-29
oh,202548,125.0,Flu,202548,2025-11-29
ok,202548,21.0,Flu,202548,2025-11-29
or,202548,29.0,Flu,202548,2025-11-29
pa,202548,349.0,Flu,202548,2025-11-29
pr,202548,173.0,Flu,202548,2025-11-29
ri,202548,19.0,Flu,202548,2025-11-29
sc,202548,53.0,Flu,202548,2025-11-29
sd,202548,1.0,Flu,202548,2025-11-29
tn,202548,62.0,Flu,202548,2025-11-29
tx,202548,591.0,Flu,202548,2025-11-29
ut,202548,32.0,Flu,202548,2025-11-29
va,202548,99.0,Flu,202548,2025-11-29
vi,202548,0.0,Flu,202548,2025-11-29
vt,202548,0.0,Flu,202548,2025-11-29
wa,202548,36.0,Flu,202548,2025-11-29
wi,202548,51.0,Flu,202548,2025-11-29
wv,202548,10.0,Flu,202548,2025-11-29
wy,202548,10.0,Flu,202548,2025-11-29
ak,202549,13.0,Flu,202549,2025-12-06
al,202549,67.0,Flu,202549,2025-12-06
ar,202549,56.0,Flu,202549,2025-12-06
as,202549,,Flu,202549,2025-12-06
az,202549,41.0,Flu,202549,2025-12-06
ca,202549,262.0,Flu,202549,2025-12-06
co,202549,222.0,Flu,202549,2025-12-06
ct,202549,125.0,Flu,202549,2025-12-06
dc,202549,26.0,Flu,202549,2025-12-06
de,202549,17.0,Flu,202549,2025-12-06
fl,202549,890.0,Flu,202549,2025-12-06
ga,202549,182.0,Flu,202549,2025-12-06
gu,202549,4.0,Flu,202549,2025-12-06
hi,202549,40.0,Flu,202549,2025-12-06
ia,202549,22.0,Flu,202549,2025-12-06
id,202549,45.0,Flu,202549,2025-12-06
il,202549,200.0,Flu,202549,2025-12-06
in,202549,118.0,Flu,202549,2025-12-06
ks,202549,22.0,Flu,202549,2025-12-06
ky,202549,67.0,Flu,202549,2025-12-06
la,202549,180.0,Flu,202549,2025-12-06
ma,202549,129.0,Flu,202549,2025-12-06
md,202549,140.0,Flu,202549,2025-12-06
me,202549,20.0,Flu,202549,2025-12-06
mi,202549,94.0,Flu,202549,2025-12-06
mn,202549,105.0,Flu,202549,2025-12-06
mo,202549,86.0,Flu,202549,2025-12-06
mp,202549,0.0,Flu,202549,2025-12-06
ms,202549,42.0,Flu,202549,2025-12-06
mt,202549,16.0,Flu,202549,2025-12-06
nc,202549,305.0,Flu,202549,2025-12-06
nd,202549,9.0,Flu,202549,2025-12-06
ne,202549,15.0,Flu,202549,2025-12-06
nh,202549,25.0,Flu,202549,2025-12-06
nj,202549,277.0,Flu,202549,2025-12-06
nm,202549,39.0,Flu,202549,2025-12-06
nv,202549,32.0,Flu,202549,2025-12-06
ny,202549,1184.0,Flu,202549,2025-12-06
oh,202549,176.0,Flu,202549,2025-12-06
ok,202549,25.0,Flu,202549,2025-12-06
or,202549,41.0,Flu,202549,2025-12-06
pa,202549,513.0,Flu,202549,2025-12-06
pr,202549,256.0,Flu,202549,2025-12-06
ri,202549,38.0,Flu,202549,2025-12-06
sc,202549,86.0,Flu,202549,2025-12-06
sd,202549,5.0,Flu,202549,2025-12-06
tn,202549,106.0,Flu,202549,2025-12-06
tx,202549,694.0,Flu,202549,2025-12-06
ut,202549,47.0,Flu,202549,2025-12-06
va,202549,167.0,Flu,202549,2025-12-06
vi,202549,0.0,Flu,202549,2025-12-06
vt,202549,5.0,Flu,202549,2025-12-06
wa,202549,61.0,Flu,202549,2025-12-06
wi,202549,84.0,Flu,202549,2025-12-06
wv,202549,19.0,Flu,202549,2025-12-06
wy,202549,10.0,Flu,202549,2025-12-06
ak,202550,13.0,Flu,202550,2025-12-13
al,202550,104.0,Flu,202550,2025-12-13
ar,202550,87.0,Flu,202550,2025-12-13
as,202550,,Flu,202550,2025-12-13
az,202550,80.0,Flu,202550,2025-12-13
ca,202550,426.0,Flu,202550,2025-12-13
co,202550,282.0,Flu,202550,2025-12-13
ct,202550,206.0,Flu,202550,2025-12-13
dc,202550,33.0,Flu,202550,2025-12-13
de,202550,39.0,Flu,202550,2025-12-13
fl,202550,929.0,Flu,202550,2025-12-13
ga,202550,330.0,Flu,202550,2025-12-13
gu,202550,2.0,Flu,202550,2025-12-13
hi,202550,71.0,Flu,202550,2025-12-13
ia,202550,30.0,Flu,202550,2025-12-13
id,202550,35.0,Flu,202550,2025-12-13
il,202550,264.0,Flu,202550,2025-12-13
in,202550,163.0,Flu,202550,2025-12-13
ks,202550,30.0,Flu,202550,2025-12-13
ky,202550,104.0,Flu,202550,2025-12-13
la,202550,248.0,Flu,202550,2025-12-13
ma,202550,220.0,Flu,202550,2025-12-13
md,202550,242.0,Flu,202550,2025-12-13
me,202550,31.0,Flu,202550,2025-12-13
mi,202550,210.0,Flu,202550,2025-12-13
mn,202550,257.0,Flu,202550,2025-12-13
mo,202550,118.0,Flu,202550,2025-12-13
mp,202550,0.0,Flu,202550,2025-12-13
ms,202550,74.0,Flu,202550,2025-12-13
mt,202550,24.0,Flu,202550,2025-12-13
nc,202550,525.0,Flu,202550,2025-12-13
nd,202550,21.0,Flu,202550,2025-12-13
ne,202550,28.0,Flu,202550,2025-12-13
nh,202550,46.0,Flu,202550,2025-12-13
nj,202550,588.0,Flu,202550,2025-12-13
nm,202550,69.0,Flu,202550,2025-12-13
nv,202550,54.0,Flu,202550,2025-12-13
ny,202550,1935.0,Flu,202550,2025-12-13
oh,202550,329.0,Flu,202550,2025-12-13
ok,202550,53.0,Flu,202550,2025-12-13
or,202550,40.0,Flu,202550,2025-12-13
pa,202550,707.0,Flu,202550,2025-12-13
pr,202550,212.0,Flu,202550,2025-12-13
ri,202550,84.0,Flu,202550,2025-12-13
sc,202550,123.0,Flu,202550,2025-12-13
sd,202550,10.0,Flu,202550,2025-12-13
tn,202550,166.0,Flu,202550,2025-12-13
tx,202550,960.0,Flu,202550,2025-12-13
ut,202550,64.0,Flu,202550,2025-12-13
va,202550,195.0,Flu,202550,2025-12-13
vi,202550,0.0,Flu,202550,2025-12-13
vt,202550,9.0,Flu,202550,2025-12-13
wa,202550,59.0,Flu,202550,2025-12-13
wi,202550,161.0,Flu,202550,2025-12-13
wv,202550,26.0,Flu,202550,2025-12-13
wy,202550,21.0,Flu,202550,2025-12-13
ak,202551,45.0,Flu,202551,2025-12-20
al,202551,275.0,Flu,202551,2025-12-20
ar,202551,145.0,Flu,202551,2025-12-20
as,202551,,Flu,202551,2025-12-20
az,202551,132.0,Flu,202551,2025-12-20
ca,202551,719.0,Flu,202551,2025-12-20
co,202551,517.0,Flu,202551,2025-12-20
ct,202551,447.0,Flu,202551,2025-12-20
dc,202551,47.0,Flu,202551,2025-12-20
de,202551,99.0,Flu,202551,2025-12-20
fl,202551,1557.0,Flu,202551,2025-12-20
ga,202551,675.0,Flu,202551,2025-12-20
gu,202551,1.0,Flu,202551,2025-12-20
hi,202551,83.0,Flu,202551,2025-12-20
ia,202551,90.0,Flu,202551,2025-12-20
id,202551,102.0,Flu,202551,2025-12-20
il,202551,611.0,Flu,202551,2025-12-20
in,202551,351.0,Flu,202551,2025-12-20
ks,202551,101.0,Flu,202551,2025-12-20
ky,202551,231.0,Flu,202551,2025-12-20
la,202551,433.0,Flu,202551,2025-12-20
ma,202551,455.0,Flu,202551,2025-12-20
md,202551,409.0,Flu,202551,2025-12-20
me,202551,82.0,Flu,202551,2025-12-20
mi,202551,470.0,Flu,202551,2025-12-20
mn,202551,542.0,Flu,202551,2025-12-20
mo,202551,261.0,Flu,202551,2025-12-20
mp,202551,0.0,Flu,202551,2025-12-20
ms,202551,147.0,Flu,202551,2025-12-20
mt,202551,40.0,Flu,202551,2025-12-20
nc,202551,1201.0,Flu,202551,2025-12-20
nd,202551,54.0,Flu,202551,2025-12-20
ne,202551,72.0,Flu,202551,2025-12-20
nh,202551,95.0,Flu,202551,2025-12-20
nj,202551,1082.0,Flu,202551,2025-12-20
nm,202551,170.0,Flu,202551,2025-12-20
nv,202551,128.0,Flu,202551,2025-12-20
ny,202551,3178.0,Flu,202551,2025-12-20
oh,202551,745.0,Flu,202551,2025-12-20
ok,202551,87.0,Flu,202551,2025-12-20
or,202551,57.0,Flu,202551,2025-12-20
pa,202551,1256.0,Flu,202551,2025-12-20
pr,202551,244.0,Flu,202551,2025-12-20
ri,202551,141.0,Flu,202551,2025-12-20
sc,202551,391.0,Flu,202551,2025-12-20
sd,202551,26.0,Flu,202551,2025-12-20
tn,202551,346.0,Flu,202551,2025-12-20
tx,202551,1685.0,Flu,202551,2025-12-20
ut,202551,130.0,Flu,202551,2025-12-20
va,202551,357.0,Flu,202551,2025-12-20
vi,202551,0.0,Flu,202551,2025-12-20
vt,202551,13.0,Flu,202551,2025-12-20
wa,202551,116.0,Flu,202551,2025-12-20
wi,202551,322.0,Flu,202551,2025-12-20
wv,202551,65.0,Flu,202551,2025-12-20
wy,202551,29.0,Flu,202551,2025-12-20
ak,202552,86.0,Flu,202552,2025-12-27
al,202552,498.0,Flu,202552,2025-12-27
ar,202552,297.0,Flu,202552,2025-12-27
as,202552,,Flu,202552,2025-12-27
az,202552,316.0,Flu,202552,2025-12-27
ca,202552,1247.0,Flu,202552,2025-12-27
co,202552,818.0,Flu,202552,2025-12-27
ct,202552,652.0,Flu,202552,2025-12-27
dc,202552,98.0,Flu,202552,2025-12-27
de,202552,211.0,Flu,202552,2025-12-27
fl,202552,2220.0,Flu,202552,2025-12-27
ga,202552,1400.0,Flu,202552,2025-12-27
gu,202552,0.0,Flu,202552,2025-12-27
hi,202552,88.0,Flu,202552,2025-12-27
ia,202552,263.0,Flu,202552,2025-12-27
id,202552,152.0,Flu,202552,2025-12-27
il,202552,1491.0,Flu,202552,2025-12-27
in,202552,699.0,Flu,202552,2025-12-27
ks,202552,269.0,Flu,202552,2025-12-27
ky,202552,547.0,Flu,202552,2025-12-27
la,202552,688.0,Flu,202552,2025-12-27
ma,202552,878.0,Flu,202552,2025-12-27
md,202552,666.0,Flu,202552,2025-12-27
me,202552,147.0,Flu,202552,2025-12-27
mi,202552,905.0,Flu,202552,2025-12-27
mn,202552,944.0,Flu,202552,2025-12-27
mo,202552,809.0,Flu,202552,2025-12-27
mp,202552,1.0,Flu,202552,2025-12-27
ms,202552,247.0,Flu,202552,2025-12-27
mt,202552,122.0,Flu,202552,2025-12-27
nc,202552,2461.0,Flu,202552,2025-12-27
nd,202552,102.0,Flu,202552,2025-12-27
ne,202552,167.0,Flu,202552,2025-12-27
nh,202552,196.0,Flu,202552,2025-12-27
nj,202552,1466.0,Flu,202552,2025-12-27
nm,202552,386.0,Flu,202552,2025-12-27
nv,202552,273.0,Flu,202552,2025-12-27
ny,202552,3870.0,Flu,202552,2025-12-27
oh,202552,1610.0,Flu,202552,2025-12-27
ok,202552,231.0,Flu,202552,2025-12-27
or,202552,137.0,Flu,202552,2025-12-27
pa,202552,2377.0,Flu,202552,2025-12-27
pr,202552,359.0,Flu,202552,2025-12-27
ri,202552,197.0,Flu,202552,2025-12-27
sc,202552,856.0,Flu,202552,2025-12-27
sd,202552,60.0,Flu,202552,2025-12-27
tn,202552,861.0,Flu,202552,2025-12-27
tx,202552,2847.0,Flu,202552,2025-12-27
ut,202552,234.0,Flu,202552,2025-12-27
va,202552,843.0,Flu,202552,2025-12-27
vi,202552,0.0,Flu,202552,2025-12-27
vt,202552,43.0,Flu,202552,2025-12-27
wa,202552,164.0,Flu,202552,2025-12-27
wi,202552,757.0,Flu,202552,2025-12-27
wv,202552,192.0,Flu,202552,2025-12-27
wy,202552,57.0,Flu,202552,2025-12-27
ak,202553,75.0,Flu,202553,2026-01-03
al,202553,501.0,Flu,202553,2026-01-03
ar,202553,278.0,Flu,202553,2026-01-03
as,202553,,Flu,202553,2026-01-03
az,202553,362.0,Flu,202553,2026-01-03
ca,202553,1568.0,Flu,202553,2026-01-03
co,202553,830.0,Flu,202553,2026-01-03
ct,202553,778.0,Flu,202553,2026-01-03
dc,202553,106.0,Flu,202553,2026-01-03
de,202553,209.0,Flu,202553,2026-01-03
fl,202553,2657.0,Flu,202553,2026-01-03
ga,202553,1317.0,Flu,202553,2026-01-03
gu,202553,1.0,Flu,202553,2026-01-03
hi,202553,110.0,Flu,202553,2026-01-03
ia,202553,382.0,Flu,202553,2026-01-03
id,202553,235.0,Flu,202553,2026-01-03
il,202553,1741.0,Flu,202553,2026-01-03
in,202553,906.0,Flu,202553,2026-01-03
ks,202553,353.0,Flu,202553,2026-01-03
ky,202553,631.0,Flu,202553,2026-01-03
la,202553,662.0,Flu,202553,2026-01-03
ma,202553,1197.0,Flu,202553,2026-01-03
md,202553,828.0,Flu,202553,2026-01-03
me,202553,255.0,Flu,202553,2026-01-03
mi,202553,1258.0,Flu,202553,2026-01-03
mn,202553,1063.0,Flu,202553,2026-01-03
mo,202553,941.0,Flu,202553,2026-01-03
mp,202553,2.0,Flu,202553,2026-01-03
ms,202553,230.0,Flu,202553,2026-01-03
mt,202553,151.0,Flu,202553,2026-01-03
nc,202553,2374.0,Flu,202553,2026-01-03
nd,202553,159.0,Flu,202553,2026-01-03
ne,202553,202.0,Flu,202553,2026-01-03
nh,202553,290.0,Flu,202553,2026-01-03
nj,202553,1724.0,Flu,202553,2026-01-03
nm,202553,409.0,Flu,202553,2026-01-03
nv,202553,249.0,Flu,202553,2026-01-03
ny,202553,3800.0,Flu,202553,2026-01-03
oh,202553,1958.0,Flu,202553,2026-01-03
ok,202553,245.0,Flu,202553,2026-01-03
or,202553,198.0,Flu,202553,2026-01-03
pa,202553,3316.0,Flu,202553,2026-01-03
pr,202553,383.0,Flu,202553,2026-01-03
ri,202553,285.0,Flu,202553,2026-01-03
sc,202553,891.0,Flu,202553,2026-01-03
sd,202553,108.0,Flu,202553,2026-01-03
tn,202553,863.0,Flu,202553,2026-01-03
tx,202553,2372.0,Flu,202553,2026-01-03
ut,202553,262.0,Flu,202553,2026-01-03
va,202553,1141.0,Flu,202553,2026-01-03
vi,202553,0.0,Flu,202553,2026-01-03
vt,202553,58.0,Flu,202553,2026-01-03
wa,202553,250.0,Flu,202553,2026-01-03
wi,202553,1059.0,Flu,202553,2026-01-03
wv,202553,229.0,Flu,202553,2026-01-03
wy,202553,58.0,Flu,202553,2026-01-03
ak,202601,46.0,Flu,202601,2026-01-10
al,202601,316.0,Flu,202601,2026-01-10
ar,202601,163.0,Flu,202601,2026-01-10
as,202601,,Flu,202601,2026-01-10
az,202601,224.0,Flu,202601,2026-01-10
ca,202601,1494.0,Flu,202601,2026-01-10
co,202601,475.0,Flu,202601,2026-01-10
ct,202601,478.0,Flu,202601,2026-01-10
dc,202601,83.0,Flu,202601,2026-01-10
de,202601,174.0,Flu,202601,2026-01-10
fl,202601,2526.0,Flu,202601,2026-01-10
ga,202601,707.0,Flu,202601,2026-01-10
gu,202601,1.0,Flu,202601,2026-01-10
hi,202601,83.0,Flu,202601,2026-01-10
ia,202601,280.0,Flu,202601,2026-01-10
id,202601,157.0,Flu,202601,2026-01-10
il,202601,1193.0,Flu,202601,2026-01-10
in,202601,642.0,Flu,202601,2026-01-10
ks,202601,268.0,Flu,202601,2026-01-10
ky,202601,438.0,Flu,202601,2026-01-10
la,202601,438.0,Flu,202601,2026-01-10
ma,202601,856.0,Flu,202601,2026-01-10
md,202601,609.0,Flu,202601,2026-01-10
me,202601,172.0,Flu,202601,2026-01-10
mi,202601,921.0,Flu,202601,2026-01-10
mn,202601,705.0,Flu,202601,2026-01-10
mo,202601,522.0,Flu,202601,2026-01-10
mp,202601,5.0,Flu,202601,2026-01-10
ms,202601,194.0,Flu,202601,2026-01-10
mt,202601,123.0,Flu,202601,2026-01-10
nc,202601,1360.0,Flu,202601,2026-01-10
nd,202601,103.0,Flu,202601,2026-01-10
ne,202601,165.0,Flu,202601,2026-01-10
nh,202601,224.0,Flu,202601,2026-01-10
nj,202601,1208.0,Flu,202601,2026-01-10
nm,202601,247.0,Flu,202601,2026-01-10
nv,202601,199.0,Flu,202601,2026-01-10
ny,202601,2387.0,Flu,202601,2026-01-10
oh,202601,1377.0,Flu,202601,2026-01-10
ok,202601,169.0,Flu,202601,2026-01-10
or,202601,170.0,Flu,202601,2026-01-10
pa,202601,2248.0,Flu,202601,2026-01-10
pr,202601,309.0,Flu,202601,2026-01-10
ri,202601,159.0,Flu,202601,2026-01-10
sc,202601,559.0,Flu,202601,2026-01-10
sd,202601,64.0,Flu,202601,2026-01-10
tn,202601,519.0,Flu,202601,2026-01-10
tx,202601,1845.0,Flu,202601,2026-01-10
ut,202601,160.0,Flu,202601,2026-01-10
va,202601,862.0,Flu,202601,2026-01-10
vi,202601,0.0,Flu,202601,2026-01-10
vt,202601,48.0,Flu,202601,2026-01-10
wa,202601,261.0,Flu,202601,2026-01-10
wi,202601,717.0,Flu,202601,2026-01-10
wv,202601,203.0,Flu,202601,2026-01-10
wy,202601,56.0,Flu,202601,2026-01-10
ak,202602,38.0,Flu,202602,2026-01-17
al,202602,206.0,Flu,202602,2026-01-17
ar,202602,142.0,Flu,202602,2026-01-17
as,202602,,Flu,202602,2026-01-17
az,202602,145.0,Flu,202602,2026-01-17
ca,202602,1396.0,Flu,202602,2026-01-17
co,202602,270.0,Flu,202602,2026-01-17
ct,202602,240.0,Flu,202602,2026-01-17
dc,202602,50.0,Flu,202602,2026-01-17
de,202602,134.0,Flu,202602,2026-01-17
fl,202602,1824.0,Flu,202602,2026-01-17
ga,202602,349.0,Flu,202602,2026-01-17
gu,202602,3.0,Flu,202602,2026-01-17
hi,202602,50.0,Flu,202602,2026-01-17
ia,202602,261.0,Flu,202602,2026-01-17
id,202602,120.0,Flu,202602,2026-01-17
il,202602,751.0,Flu,202602,2026-01-17
in,202602,383.0,Flu,202602,2026-01-17
ks,202602,189.0,Flu,202602,2026-01-17
ky,202602,329.0,Flu,202602,2026-01-17
la,202602,296.0,Flu,202602,2026-01-17
ma,202602,479.0,Flu,202602,2026-01-17
md,202602,295.0,Flu,202602,2026-01-17
me,202602,118.0,Flu,202602,2026-01-17
mi,202602,526.0,Flu,202602,2026-01-17
mn,202602,415.0,Flu,202602,2026-01-17
mo,202602,523.0,Flu,202602,2026-01-17
mp,202602,1.0,Flu,202602,2026-01-17
ms,202602,142.0,Flu,202602,2026-01-17
mt,202602,82.0,Flu,202602,2026-01-17
nc,202602,617.0,Flu,202602,2026-01-17
nd,202602,94.0,Flu,202602,2026-01-17
ne,202602,125.0,Flu,202602,2026-01-17
nh,202602,154.0,Flu,202602,2026-01-17
nj,202602,653.0,Flu,202602,2026-01-17
nm,202602,147.0,Flu,202602,2026-01-17
nv,202602,127.0,Flu,202602,2026-01-17
ny,202602,1233.0,Flu,202602,2026-01-17
oh,202602,858.0,Flu,202602,2026-01-17
ok,202602,168.0,Flu,202602,2026-01-17
or,202602,203.0,Flu,202602,2026-01-17
pa,202602,1870.0,Flu,202602,2026-01-17
pr,202602,297.0,Flu,202602,2026-01-17
ri,202602,83.0,Flu,202602,2026-01-17
sc,202602,300.0,Flu,202602,2026-01-17
sd,202602,78.0,Flu,202602,2026-01-17
tn,202602,315.0,Flu,202602,2026-01-17
tx,202602,1214.0,Flu,202602,2026-01-17
ut,202602,95.0,Flu,202602,2026-01-17
va,202602,461.0,Flu,202602,2026-01-17
vi,202602,0.0,Flu,202602,2026-01-17
vt,202602,34.0,Flu,202602,2026-01-17
wa,202602,206.0,Flu,202602,2026-01-17
wi,202602,450.0,Flu,202602,2026-01-17
wv,202602,170.0,Flu,202602,2026-01-17
wy,202602,26.0,Flu,202602,2026-01-17
ak,202603,26.0,Flu,202603,2026-01-24
al,202603,250.0,Flu,202603,2026-01-24
ar,202603,167.0,Flu,202603,2026-01-24
as,202603,,Flu,202603,2026-01-24
az,202603,199.0,Flu,202603,2026-01-24
ca,202603,1624.0,Flu,202603,2026-01-24
co,202603,183.0,Flu,202603,2026-01-24
ct,202603,117.0,Flu,202603,2026-01-24
dc,202603,33.0,Flu,202603,2026-01-24
de,202603,101.0,Flu,202603,2026-01-24
fl,202603,1567.0,Flu,202603,2026-01-24
ga,202603,342.0,Flu,202603,2026-01-24
gu,202603,1.0,Flu,202603,2026-01-24
hi,202603,45.0,Flu,202603,2026-01-24
ia,202603,241.0,Flu,202603,2026-01-24
id,202603,97.0,Flu,202603,2026-01-24
il,202603,654.0,Flu,202603,2026-01-24
in,202603,316.0,Flu,202603,2026-01-24
ks,202603,213.0,Flu,202603,2026-01-24
ky,202603,283.0,Flu,202603,2026-01-24
la,202603,334.0,Flu,202603,2026-01-24
ma,202603,243.0,Flu,202603,2026-01-24
md,202603,170.0,Flu,202603,2026-01-24
me,202603,81.0,Flu,202603,2026-01-24
mi,202603,408.0,Flu,202603,2026-01-24
mn,202603,329.0,Flu,202603,2026-01-24
mo,202603,454.0,Flu,202603,2026-01-24
mp,202603,2.0,Flu,202603,2026-01-24
ms,202603,115.0,Flu,202603,2026-01-24
mt,202603,64.0,Flu,202603,2026-01-24
nc,202603,497.0,Flu,202603,2026-01-24
nd,202603,72.0,Flu,202603,2026-01-24
ne,202603,145.0,Flu,202603,2026-01-24
nh,202603,118.0,Flu,202603,2026-01-24
nj,202603,399.0,Flu,202603,2026-01-24
nm,202603,138.0,Flu,202603,2026-01-24
nv,202603,95.0,Flu,202603,2026-01-24
ny,202603,692.0,Flu,202603,2026-01-24
oh,202603,724.0,Flu,202603,2026-01-24
ok,202603,166.0,Flu,202603,2026-01-24
or,202603,245.0,Flu,202603,2026-01-24
pa,202603,1233.0,Flu,202603,2026-01-24
pr,202603,212.0,Flu,202603,2026-01-24
ri,202603,61.0,Flu,202603,2026-01-24
sc,202603,241.0,Flu,202603,2026-01-24
sd,202603,67.0,Flu,202603,2026-01-24
tn,202603,312.0,Flu,202603,2026-01-24
tx,202603,1388.0,Flu,202603,2026-01-24
ut,202603,77.0,Flu,202603,2026-01-24
va,202603,449.0,Flu,202603,2026-01-24
vi,202603,0.0,Flu,202603,2026-01-24
vt,202603,28.0,Flu,202603,2026-01-24
wa,202603,236.0,Flu,202603,2026-01-24
wi,202603,361.0,Flu,202603,2026-01-24
wv,202603,186.0,Flu,202603,2026-01-24
wy,202603,18.0,Flu,202603,2026-01-24
ak,202604,28.0,Flu,202604,2026-01-31
al,202604,262.0,Flu,202604,2026-01-31
ar,202604,209.0,Flu,202604,2026-01-31
as,202604,,Flu,202604,2026-01-31
az,202604,264.0,Flu,202604,2026-01-31
ca,202604,1649.0,Flu,202604,2026-01-31
co,202604,149.0,Flu,202604,2026-01-31
ct,202604,83.0,Flu,202604,2026-01-31
dc,202604,15.0,Flu,202604,2026-01-31
de,202604,74.0,Flu,202604,2026-01-31
fl,202604,1606.0,Flu,202604,2026-01-31
ga,202604,341.0,Flu,202604,2026-01-31
gu,202604,0.0,Flu,202604,2026-01-31
hi,202604,26.0,Flu,202604,2026-01-31
ia,202604,223.0,Flu,202604,2026-01-31
id,202604,101.0,Flu,202604,2026-01-31
il,202604,554.0,Flu,202604,2026-01-31
in,202604,335.0,Flu,202604,2026-01-31
ks,202604,214.0,Flu,202604,2026-01-31
ky,202604,289.0,Flu,202604,2026-01-31
la,202604,318.0,Flu,202604,2026-01-31
ma,202604,222.0,Flu,202604,2026-01-31
md,202604,114.0,Flu,202604,2026-01-31
me,202604,69.0,Flu,202604,2026-01-31
mi,202604,331.0,Flu,202604,2026-01-31
mn,202604,211.0,Flu,202604,2026-01-31
mo,202604,437.0,Flu,202604,2026-01-31
mp,202604,0.0,Flu,202604,2026-01-31
ms,202604,132.0,Flu,202604,2026-01-31
mt,202604,79.0,Flu,202604,2026-01-31
nc,202604,418.0,Flu,202604,2026-01-31
nd,202604,61.0,Flu,202604,2026-01-31
ne,202604,129.0,Flu,202604,2026-01-31
nh,202604,49.0,Flu,202604,2026-01-31
nj,202604,298.0,Flu,202604,2026-01-31
nm,202604,105.0,Flu,202604,2026-01-31
nv,202604,115.0,Flu,202604,2026-01-31
ny,202604,411.0,Flu,202604,2026-01-31
oh,202604,610.0,Flu,202604,2026-01-31
ok,202604,239.0,Flu,202604,2026-01-31
or,202604,432.0,Flu,202604,2026-01-31
pa,202604,1035.0,Flu,202604,2026-01-31
pr,202604,189.0,Flu,202604,2026-01-31
ri,202604,30.0,Flu,202604,2026-01-31
sc,202604,260.0,Flu,202604,2026-01-31
sd,202604,61.0,Flu,202604,2026-01-31
tn,202604,373.0,Flu,202604,2026-01-31
tx,202604,1326.0,Flu,202604,2026-01-31
ut,202604,66.0,Flu,202604,2026-01-31
va,202604,381.0,Flu,202604,2026-01-31
vi,202604,0.0,Flu,202604,2026-01-31
vt,202604,27.0,Flu,202604,2026-01-31
wa,202604,298.0,Flu,202604,2026-01-31
wi,202604,267.0,Flu,202604,2026-01-31
wv,202604,218.0,Flu,202604,2026-01-31
wy,202604,10.0,Flu,202604,2026-01-31
ak,202605,16.0,Flu,202605,2026-02-07
al,202605,355.0,Flu,202605,2026-02-07
ar,202605,213.0,Flu,202605,2026-02-07
as,202605,,Flu,202605,2026-02-07
az,202605,347.0,Flu,202605,2026-02-07
ca,202605,2074.0,Flu,202605,2026-02-07
co,202605,112.0,Flu,202605,2026-02-07
ct,202605,55.0,Flu,202605,2026-02-07
dc,202605,10.0,Flu,202605,2026-02-07
de,202605,51.0,Flu,202605,2026-02-07
fl,202605,1960.0,Flu,202605,2026-02-07
ga,202605,363.0,Flu,202605,2026-02-07
gu,202605,0.0,Flu,202605,2026-02-07
hi,202605,32.0,Flu,202605,2026-02-07
ia,202605,231.0,Flu,202605,2026-02-07
id,202605,107.0,Flu,202605,2026-02-07
il,202605,532.0,Flu,202605,2026-02-07
in,202605,350.0,Flu,202605,2026-02-07
ks,202605,220.0,Flu,202605,2026-02-07
ky,202605,260.0,Flu,202605,2026-02-07
la,202605,326.0,Flu,202605,2026-02-07
ma,202605,113.0,Flu,202605,2026-02-07
md,202605,90.0,Flu,202605,2026-02-07
me,202605,68.0,Flu,202605,2026-02-07
mi,202605,302.0,Flu,202605,2026-02-07
mn,202605,183.0,Flu,202605,2026-02-07
mo,202605,505.0,Flu,202605,2026-02-07
mp,202605,3.0,Flu,202605,2026-02-07
ms,202605,200.0,Flu,202605,2026-02-07
mt,202605,84.0,Flu,202605,2026-02-07
nc,202605,369.0,Flu,202605,2026-02-07
nd,202605,42.0,Flu,202605,2026-02-07
ne,202605,143.0,Flu,202605,2026-02-07
nh,202605,61.0,Flu,202605,2026-02-07
nj,202605,202.0,Flu,202605,2026-02-07
nm,202605,166.0,Flu,202605,2026-02-07
nv,202605,104.0,Flu,202605,2026-02-07
ny,202605,298.0,Flu,202605,2026-02-07
oh,202605,514.0,Flu,202605,2026-02-07
ok,202605,263.0,Flu,202605,2026-02-07
or,202605,573.0,Flu,202605,2026-02-07
pa,202605,841.0,Flu,202605,2026-02-07
pr,202605,150.0,Flu,202605,2026-02-07
ri,202605,24.0,Flu,202605,2026-02-07
sc,202605,255.0,Flu,202605,2026-02-07
sd,202605,57.0,Flu,202605,2026-02-07
tn,202605,318.0,Flu,202605,2026-02-07
tx,202605,1395.0,Flu,202605,2026-02-07
ut,202605,91.0,Flu,202605,2026-02-07
va,202605,279.0,Flu,202605,2026-02-07
vi,202605,1.0,Flu,202605,2026-02-07
vt,202605,32.0,Flu,202605,2026-02-07
wa,202605,334.0,Flu,202605,2026-02-07
wi,202605,279.0,Flu,202605,2026-02-07
wv,202605,154.0,Flu,202605,2026-02-07
wy,202605,21.0,Flu,202605,2026-02-07
ak,202606,15.0,Flu,202606,2026-02-14
al,202606,437.0,Flu,202606,2026-02-14
ar,202606,274.0,Flu,202606,2026-02-14
as,202606,,Flu,202606,2026-02-14
az,202606,415.0,Flu,202606,2026-02-14
ca,202606,2151.0,Flu,202606,2026-02-14
co,202606,128.0,Flu,202606,2026-02-14
ct,202606,32.0,Flu,202606,2026-02-14
dc,202606,9.0,Flu,202606,2026-02-14
de,202606,48.0,Flu,202606,2026-02-14
fl,202606,2515.0,Flu,202606,2026-02-14
ga,202606,443.0,Flu,202606,2026-02-14
gu,202606,1.0,Flu,202606,2026-02-14
hi,202606,23.0,Flu,202606,2026-02-14
ia,202606,222.0,Flu,202606,2026-02-14
id,202606,116.0,Flu,202606,2026-02-14
il,202606,557.0,Flu,202606,2026-02-14
in,202606,276.0,Flu,202606,2026-02-14
ks,202606,218.0,Flu,202606,2026-02-14
ky,202606,223.0,Flu,202606,2026-02-14
la,202606,425.0,Flu,202606,2026-02-14
ma,202606,80.0,Flu,202606,2026-02-14
md,202606,85.0,Flu,202606,2026-02-14
me,202606,47.0,Flu,202606,2026-02-14
mi,202606,281.0,Flu,202606,2026-02-14
mn,202606,200.0,Flu,202606,2026-02-14
mo,202606,580.0,Flu,202606,2026-02-14
mp,202606,1.0,Flu,202606,2026-02-14
ms,202606,243.0,Flu,202606,2026-02-14
mt,202606,92.0,Flu,202606,2026-02-14
nc,202606,266.0,Flu,202606,2026-02-14
nd,202606,30.0,Flu,202606,2026-02-14
ne,202606,152.0,Flu,202606,2026-02-14
nh,202606,60.0,Flu,202606,2026-02-14
nj,202606,193.0,Flu,202606,2026-02-14
nm,202606,78.0,Flu,202606,2026-02-14
nv,202606,120.0,Flu,202606,2026-02-14
ny,202606,270.0,Flu,202606,2026-02-14
oh,202606,528.0,Flu,202606,2026-02-14
ok,202606,345.0,Flu,202606,2026-02-14
or,202606,400.0,Flu,202606,2026-02-14
pa,202606,785.0,Flu,202606,2026-02-14
pr,202606,137.0,Flu,202606,2026-02-14
ri,202606,14.0,Flu,202606,2026-02-14
sc,202606,234.0,Flu,202606,2026-02-14
sd,202606,47.0,Flu,202606,2026-02-14
tn,202606,323.0,Flu,202606,2026-02-14
tx,202606,1352.0,Flu,202606,2026-02-14
ut,202606,74.0,Flu,202606,2026-02-14
va,202606,217.0,Flu,202606,2026-02-14
vi,202606,0.0,Flu,202606,2026-02-14
vt,202606,25.0,Flu,202606,2026-02-14
wa,202606,275.0,Flu,202606,2026-02-14
wi,202606,259.0,Flu,202606,2026-02-14
wv,202606,123.0,Flu,202606,2026-02-14
wy,202606,29.0,Flu,202606,2026-02-14
ak,202607,8.0,Flu,202607,2026-02-21
al,202607,333.0,Flu,202607,2026-02-21
ar,202607,173.0,Flu,202607,2026-02-21
as,202607,,Flu,202607,2026-02-21
az,202607,354.0,Flu,202607,2026-02-21
ca,202607,1566.0,Flu,202607,2026-02-21
co,202607,119.0,Flu,202607,2026-02-21
ct,202607,33.0,Flu,202607,2026-02-21
dc,202607,7.0,Flu,202607,2026-02-21
de,202607,49.0,Flu,202607,2026-02-21
fl,202607,2043.0,Flu,202607,2026-02-21
ga,202607,384.0,Flu,202607,2026-02-21
gu,202607,1.0,Flu,202607,2026-02-21
hi,202607,20.0,Flu,202607,2026-02-21
ia,202607,199.0,Flu,202607,2026-02-21
id,202607,119.0,Flu,202607,2026-02-21
il,202607,579.0,Flu,202607,2026-02-21
in,202607,359.0,Flu,202607,2026-02-21
ks,202607,190.0,Flu,202607,2026-02-21
ky,202607,243.0,Flu,202607,2026-02-21
la,202607,342.0,Flu,202607,2026-02-21
ma,202607,84.0,Flu,202607,2026-02-21
md,202607,72.0,Flu,202607,2026-02-21
me,202607,59.0,Flu,202607,2026-02-21
mi,202607,340.0,Flu,202607,2026-02-21
mn,202607,196.0,Flu,202607,2026-02-21
mo,202607,441.0,Flu,202607,2026-02-21
mp,202607,1.0,Flu,202607,2026-02-21
ms,202607,227.0,Flu,202607,2026-02-21
mt,202607,53.0,Flu,202607,2026-02-21
nc,202607,298.0,Flu,202607,2026-02-21
nd,202607,22.0,Flu,202607,2026-02-21
ne,202607,141.0,Flu,202607,2026-02-21
nh,202607,55.0,Flu,202607,2026-02-21
nj,202607,231.0,Flu,202607,2026-02-21
nm,202607,94.0,Flu,202607,2026-02-21
nv,202607,90.0,Flu,202607,2026-02-21
ny,202607,326.0,Flu,202607,2026-02-21
oh,202607,663.0,Flu,202607,2026-02-21
ok,202607,254.0,Flu,202607,2026-02-21
or,202607,309.0,Flu,202607,2026-02-21
pa,202607,774.0,Flu,202607,2026-02-21
pr,202607,177.0,Flu,202607,2026-02-21
ri,202607,21.0,Flu,202607,2026-02-21
sc,202607,258.0,Flu,202607,2026-02-21
sd,202607,55.0,Flu,202607,2026-02-21
tn,202607,321.0,Flu,202607,2026-02-21
tx,202607,1041.0,Flu,202607,2026-02-21
ut,202607,65.0,Flu,202607,2026-02-21
va,202607,284.0,Flu,202607,2026-02-21
vi,202607,0.0,Flu,202607,2026-02-21
vt,202607,22.0,Flu,202607,2026-02-21
wa,202607,230.0,Flu,202607,2026-02-21
wi,202607,253.0,Flu,202607,2026-02-21
wv,202607,147.0,Flu,202607,2026-02-21
wy,202607,13.0,Flu,202607,2026-02-21
ak,202608,5.0,Flu,202608,2026-02-28
al,202608,180.0,Flu,202608,2026-02-28
ar,202608,125.0,Flu,202608,2026-02-28
as,202608,0.0,Flu,202608,2026-02-28
az,202608,284.0,Flu,202608,2026-02-28
ca,202608,1314.0,Flu,202608,2026-02-28
co,202608,118.0,Flu,202608,2026-02-28
ct,202608,39.0,Flu,202608,2026-02-28
dc,202608,5.0,Flu,202608,2026-02-28
de,202608,40.0,Flu,202608,2026-02-28
fl,202608,1325.0,Flu,202608,2026-02-28
ga,202608,249.0,Flu,202608,2026-02-28
gu,202608,1.0,Flu,202608,2026-02-28
hi,202608,9.0,Flu,202608,2026-02-28
ia,202608,119.0,Flu,202608,2026-02-28
id,202608,106.0,Flu,202608,2026-02-28
il,202608,355.0,Flu,202608,2026-02-28
in,202608,292.0,Flu,202608,2026-02-28
ks,202608,130.0,Flu,202608,2026-02-28
ky,202608,195.0,Flu,202608,2026-02-28
la,202608,215.0,Flu,202608,2026-02-28
ma,202608,75.0,Flu,202608,2026-02-28
md,202608,40.0,Flu,202608,2026-02-28
me,202608,43.0,Flu,202608,2026-02-28
mi,202608,290.0,Flu,202608,2026-02-28
mn,202608,136.0,Flu,202608,2026-02-28
mo,202608,305.0,Flu,202608,2026-02-28
mp,202608,1.0,Flu,202608,2026-02-28
ms,202608,151.0,Flu,202608,2026-02-28
mt,202608,47.0,Flu,202608,2026-02-28
nc,202608,233.0,Flu,202608,2026-02-28
nd,202608,18.0,Flu,202608,2026-02-28
ne,202608,84.0,Flu,202608,2026-02-28
nh,202608,32.0,Flu,202608,2026-02-28
nj,202608,220.0,Flu,202608,2026-02-28
nm,202608,94.0,Flu,202608,2026-02-28
nv,202608,68.0,Flu,202608,2026-02-28
ny,202608,318.0,Flu,202608,2026-02-28
oh,202608,522.0,Flu,202608,2026-02-28
ok,202608,183.0,Flu,202608,2026-02-28
or,202608,197.0,Flu,202608,2026-02-28
pa,202608,806.0,Flu,202608,2026-02-28
pr,202608,109.0,Flu,202608,2026-02-28
ri,202608,23.0,Flu,202608,2026-02-28
sc,202608,184.0,Flu,202608,2026-02-28
sd,202608,49.0,Flu,202608,2026-02-28
tn,202608,248.0,Flu,202608,2026-02-28
tx,202608,784.0,Flu,202608,2026-02-28
ut,202608,43.0,Flu,202608,2026-02-28
va,202608,211.0,Flu,202608,2026-02-28
vi,202608,0.0,Flu,202608,2026-02-28
vt,202608,14.0,Flu,202608,2026-02-28
wa,202608,190.0,Flu,202608,2026-02-28
wi,202608,207.0,Flu,202608,2026-02-28
wv,202608,133.0,Flu,202608,2026-02-28
wy,202608,15.0,Flu,202608,2026-02-28
ak,202609,16.0,Flu,202609,2026-03-07
al,202609,145.0,Flu,202609,2026-03-07
ar,202609,107.0,Flu,202609,2026-03-07
as,202609,,Flu,202609,2026-03-07
az,202609,237.0,Flu,202609,2026-03-07
ca,202609,974.0,Flu,202609,2026-03-07
co,202609,99.0,Flu,202609,2026-03-07
ct,202609,36.0,Flu,202609,2026-03-07
dc,202609,12.0,Flu,202609,2026-03-07
de,202609,31.0,Flu,202609,2026-03-07
fl,202609,1042.0,Flu,202609,2026-03-07
ga,202609,226.0,Flu,202609,2026-03-07
gu,202609,0.0,Flu,202609,2026-03-07
hi,202609,18.0,Flu,202609,2026-03-07
ia,202609,77.0,Flu,202609,2026-03-07
id,202609,68.0,Flu,202609,2026-03-07
il,202609,381.0,Flu,202609,2026-03-07
in,202609,288.0,Flu,202609,2026-03-07
ks,202609,102.0,Flu,202609,2026-03-07
ky,202609,241.0,Flu,202609,2026-03-07
la,202609,186.0,Flu,202609,2026-03-07
ma,202609,77.0,Flu,202609,2026-03-07
md,202609,52.0,Flu,202609,2026-03-07
me,202609,35.0,Flu,202609,2026-03-07
mi,202609,247.0,Flu,202609,2026-03-07
mn,202609,157.0,Flu,202609,2026-03-07
mo,202609,250.0,Flu,202609,2026-03-07
mp,202609,2.0,Flu,202609,2026-03-07
ms,202609,135.0,Flu,202609,2026-03-07
mt,202609,38.0,Flu,202609,2026-03-07
nc,202609,199.0,Flu,202609,2026-03-07
nd,202609,27.0,Flu,202609,2026-03-07
ne,202609,59.0,Flu,202609,2026-03-07
nh,202609,35.0,Flu,202609,2026-03-07
nj,202609,173.0,Flu,202609,2026-03-07
nm,202609,68.0,Flu,202609,2026-03-07
nv,202609,60.0,Flu,202609,2026-03-07
ny,202609,261.0,Flu,202609,2026-03-07
oh,202609,459.0,Flu,202609,2026-03-07
ok,202609,156.0,Flu,202609,2026-03-07
or,202609,147.0,Flu,202609,2026-03-07
pa,202609,854.0,Flu,202609,2026-03-07
pr,202609,89.0,Flu,202609,2026-03-07
ri,202609,17.0,Flu,202609,2026-03-07
sc,202609,96.0,Flu,202609,2026-03-07
sd,202609,40.0,Flu,202609,2026-03-07
tn,202609,199.0,Flu,202609,2026-03-07
tx,202609,729.0,Flu,202609,2026-03-07
ut,202609,19.0,Flu,202609,2026-03-07
va,202609,187.0,Flu,202609,2026-03-07
vi,202609,0.0,Flu,202609,2026-03-07
vt,202609,15.0,Flu,202609,2026-03-07
wa,202609,158.0,Flu,202609,2026-03-07
wi,202609,166.0,Flu,202609,2026-03-07
wv,202609,102.0,Flu,202609,2026-03-07
wy,202609,10.0,Flu,202609,2026-03-07
ak,202610,13.0,Flu,202610,2026-03-14
al,202610,105.0,Flu,202610,2026-03-14
ar,202610,78.0,Flu,202610,2026-03-14
as,202610,,Flu,202610,2026-03-14
az,202610,196.0,Flu,202610,2026-03-14
ca,202610,671.0,Flu,202610,2026-03-14
co,202610,110.0,Flu,202610,2026-03-14
ct,202610,36.0,Flu,202610,2026-03-14
dc,202610,8.0,Flu,202610,2026-03-14
de,202610,38.0,Flu,202610,2026-03-14
fl,202610,741.0,Flu,202610,2026-03-14
ga,202610,152.0,Flu,202610,2026-03-14
gu,202610,0.0,Flu,202610,2026-03-14
hi,202610,19.0,Flu,202610,2026-03-14
ia,202610,112.0,Flu,202610,2026-03-14
id,202610,75.0,Flu,202610,2026-03-14
il,202610,240.0,Flu,202610,2026-03-14
in,202610,246.0,Flu,202610,2026-03-14
ks,202610,62.0,Flu,202610,2026-03-14
ky,202610,221.0,Flu,202610,2026-03-14
la,202610,139.0,Flu,202610,2026-03-14
ma,202610,54.0,Flu,202610,2026-03-14
md,202610,55.0,Flu,202610,2026-03-14
me,202610,30.0,Flu,202610,2026-03-14
mi,202610,217.0,Flu,202610,2026-03-14
mn,202610,130.0,Flu,202610,2026-03-14
mo,202610,221.0,Flu,202610,2026-03-14
mp,202610,6.0,Flu,202610,2026-03-14
ms,202610,100.0,Flu,202610,2026-03-14
mt,202610,51.0,Flu,202610,2026-03-14
nc,202610,137.0,Flu,202610,2026-03-14
nd,202610,22.0,Flu,202610,2026-03-14
ne,202610,54.0,Flu,202610,2026-03-14
nh,202610,21.0,Flu,202610,2026-03-14
nj,202610,171.0,Flu,202610,2026-03-14
nm,202610,61.0,Flu,202610,2026-03-14
nv,202610,51.0,Flu,202610,2026-03-14
ny,202610,272.0,Flu,202610,2026-03-14
oh,202610,417.0,Flu,202610,2026-03-14
ok,202610,117.0,Flu,202610,2026-03-14
or,202610,102.0,Flu,202610,2026-03-14
pa,202610,892.0,Flu,202610,2026-03-14
pr,202610,123.0,Flu,202610,2026-03-14
ri,202610,14.0,Flu,202610,2026-03-14
sc,202610,72.0,Flu,202610,2026-03-14
sd,202610,21.0,Flu,202610,2026-03-14
tn,202610,176.0,Flu,202610,2026-03-14
tx,202610,444.0,Flu,202610,2026-03-14
ut,202610,19.0,Flu,202610,2026-03-14
va,202610,123.0,Flu,202610,2026-03-14
vi,202610,0.0,Flu,202610,2026-03-14
vt,202610,12.0,Flu,202610,2026-03-14
wa,202610,91.0,Flu,202610,2026-03-14
wi,202610,148.0,Flu,202610,2026-03-14
wv,202610,105.0,Flu,202610,2026-03-14
wy,202610,11.0,Flu,202610,2026-03-14
ak,202611,10.0,Flu,202611,2026-03-21
al,202611,58.0,Flu,202611,2026-03-21
ar,202611,46.0,Flu,202611,2026-03-21
as,202611,,Flu,202611,2026-03-21
az,202611,136.0,Flu,202611,2026-03-21
ca,202611,701.0,Flu,202611,2026-03-21
co,202611,97.0,Flu,202611,2026-03-21
ct,202611,32.0,Flu,202611,2026-03-21
dc,202611,1.0,Flu,202611,2026-03-21
de,202611,24.0,Flu,202611,2026-03-21
fl,202611,500.0,Flu,202611,2026-03-21
ga,202611,101.0,Flu,202611,2026-03-21
gu,202611,2.0,Flu,202611,2026-03-21
hi,202611,24.0,Flu,202611,2026-03-21
ia,202611,68.0,Flu,202611,2026-03-21
id,202611,50.0,Flu,202611,2026-03-21
il,202611,185.0,Flu,202611,2026-03-21
in,202611,185.0,Flu,202611,2026-03-21
ks,202611,45.0,Flu,202611,2026-03-21
ky,202611,122.0,Flu,202611,2026-03-21
la,202611,98.0,Flu,202611,2026-03-21
ma,202611,37.0,Flu,202611,2026-03-21
md,202611,55.0,Flu,202611,2026-03-21
me,202611,26.0,Flu,202611,2026-03-21
mi,202611,165.0,Flu,202611,2026-03-21
mn,202611,114.0,Flu,202611,2026-03-21
mo,202611,124.0,Flu,202611,2026-03-21
mp,202611,4.0,Flu,202611,2026-03-21
ms,202611,64.0,Flu,202611,2026-03-21
mt,202611,34.0,Flu,202611,2026-03-21
nc,202611,82.0,Flu,202611,2026-03-21
nd,202611,24.0,Flu,202611,2026-03-21
ne,202611,41.0,Flu,202611,2026-03-21
nh,202611,27.0,Flu,202611,2026-03-21
nj,202611,161.0,Flu,202611,2026-03-21
nm,202611,48.0,Flu,202611,2026-03-21
nv,202611,48.0,Flu,202611,2026-03-21
ny,202611,254.0,Flu,202611,2026-03-21
oh,202611,257.0,Flu,202611,2026-03-21
ok,202611,67.0,Flu,202611,2026-03-21
or,202611,49.0,Flu,202611,2026-03-21
pa,202611,684.0,Flu,202611,2026-03-21
pr,202611,151.0,Flu,202611,2026-03-21
ri,202611,11.0,Flu,202611,2026-03-21
sc,202611,53.0,Flu,202611,2026-03-21
sd,202611,27.0,Flu,202611,2026-03-21
tn,202611,145.0,Flu,202611,2026-03-21
tx,202611,416.0,Flu,202611,2026-03-21
ut,202611,49.0,Flu,202611,2026-03-21
va,202611,89.0,Flu,202611,2026-03-21
vi,202611,0.0,Flu,202611,2026-03-21
vt,202611,6.0,Flu,202611,2026-03-21
wa,202611,79.0,Flu,202611,2026-03-21
wi,202611,137.0,Flu,202611,2026-03-21
wv,202611,68.0,Flu,202611,2026-03-21
wy,202611,13.0,Flu,202611,2026-03-21
ak,202612,9.0,Flu,202612,2026-03-28
al,202612,45.0,Flu,202612,2026-03-28
ar,202612,31.0,Flu,202612,2026-03-28
as,202612,,Flu,202612,2026-03-28
az,202612,125.0,Flu,202612,2026-03-28
ca,202612,426.0,Flu,202612,2026-03-28
co,202612,34.0,Flu,202612,2026-03-28
ct,202612,41.0,Flu,202612,2026-03-28
dc,202612,0.0,Flu,202612,2026-03-28
de,202612,4.0,Flu,202612,2026-03-28
fl,202612,337.0,Flu,202612,2026-03-28
ga,202612,55.0,Flu,202612,2026-03-28
gu,202612,1.0,Flu,202612,2026-03-28
hi,202612,3.0,Flu,202612,2026-03-28
ia,202612,28.0,Flu,202612,2026-03-28
id,202612,47.0,Flu,202612,2026-03-28
il,202612,103.0,Flu,202612,2026-03-28
in,202612,58.0,Flu,202612,2026-03-28
ks,202612,17.0,Flu,202612,2026-03-28
ky,202612,64.0,Flu,202612,2026-03-28
la,202612,38.0,Flu,202612,2026-03-28
ma,202612,43.0,Flu,202612,2026-03-28
md,202612,9.0,Flu,202612,2026-03-28
me,202612,10.0,Flu,202612,2026-03-28
mi,202612,96.0,Flu,202612,2026-03-28
mn,202612,36.0,Flu,202612,2026-03-28
mo,202612,59.0,Flu,202612,2026-03-28
mp,202612,0.0,Flu,202612,2026-03-28
ms,202612,31.0,Flu,202612,2026-03-28
mt,202612,13.0,Flu,202612,2026-03-28
nc,202612,47.0,Flu,202612,2026-03-28
nd,202612,15.0,Flu,202612,2026-03-28
ne,202612,17.0,Flu,202612,2026-03-28
nh,202612,15.0,Flu,202612,2026-03-28
nj,202612,63.0,Flu,202612,2026-03-28
nm,202612,13.0,Flu,202612,2026-03-28
nv,202612,45.0,Flu,202612,2026-03-28
ny,202612,190.0,Flu,202612,2026-03-28
oh,202612,60.0,Flu,202612,2026-03-28
ok,202612,23.0,Flu,202612,2026-03-28
or,202612,24.0,Flu,202612,2026-03-28
pa,202612,377.0,Flu,202612,2026-03-28
pr,202612,55.0,Flu,202612,2026-03-28
ri,202612,11.0,Flu,202612,2026-03-28
sc,202612,15.0,Flu,202612,2026-03-28
sd,202612,13.0,Flu,202612,2026-03-28
tn,202612,81.0,Flu,202612,2026-03-28
tx,202612,285.0,Flu,202612,2026-03-28
ut,202612,8.0,Flu,202612,2026-03-28
va,202612,32.0,Flu,202612,2026-03-28
vi,202612,0.0,Flu,202612,2026-03-28
vt,202612,11.0,Flu,202612,2026-03-28
wa,202612,48.0,Flu,202612,2026-03-28
wi,202612,100.0,Flu,202612,2026-03-28
wv,202612,24.0,Flu,202612,2026-03-28
wy,202612,4.0,Flu,202612,2026-03-28
ak,202613,7.0,Flu,202613,2026-04-04
al,202613,30.0,Flu,202613,2026-04-04
ar,202613,22.0,Flu,202613,2026-04-04
as,202613,,Flu,202613,2026-04-04
az,202613,74.0,Flu,202613,2026-04-04
ca,202613,312.0,Flu,202613,2026-04-04
co,202613,34.0,Flu,202613,2026-04-04
ct,202613,34.0,Flu,202613,2026-04-04
dc,202613,1.0,Flu,202613,2026-04-04
de,202613,7.0,Flu,202613,2026-04-04
fl,202613,202.0,Flu,202613,2026-04-04
ga,202613,73.0,Flu,202613,2026-04-04
gu,202613,1.0,Flu,202613,2026-04-04
hi,202613,2.0,Flu,202613,2026-04-04
ia,202613,20.0,Flu,202613,2026-04-04
id,202613,26.0,Flu,202613,2026-04-04
il,202613,103.0,Flu,202613,2026-04-04
in,202613,56.0,Flu,202613,2026-04-04
ks,202613,14.0,Flu,202613,2026-04-04
ky,202613,51.0,Flu,202613,2026-04-04
la,202613,26.0,Flu,202613,2026-04-04
ma,202613,35.0,Flu,202613,2026-04-04
md,202613,10.0,Flu,202613,2026-04-04
me,202613,8.0,Flu,202613,2026-04-04
mi,202613,78.0,Flu,202613,2026-04-04
mn,202613,33.0,Flu,202613,2026-04-04
mo,202613,44.0,Flu,202613,2026-04-04
mp,202613,0.0,Flu,202613,2026-04-04
ms,202613,18.0,Flu,202613,2026-04-04
mt,202613,14.0,Flu,202613,2026-04-04
nc,202613,35.0,Flu,202613,2026-04-04
nd,202613,10.0,Flu,202613,2026-04-04
ne,202613,15.0,Flu,202613,2026-04-04
nh,202613,17.0,Flu,202613,2026-04-04
nj,202613,65.0,Flu,202613,2026-04-04
nm,202613,11.0,Flu,202613,2026-04-04
nv,202613,34.0,Flu,202613,2026-04-04
ny,202613,217.0,Flu,202613,2026-04-04
oh,202613,35.0,Flu,202613,2026-04-04
ok,202613,45.0,Flu,202613,2026-04-04
or,202613,13.0,Flu,202613,2026-04-04
pa,202613,487.0,Flu,202613,2026-04-04
pr,202613,111.0,Flu,202613,2026-04-04
ri,202613,16.0,Flu,202613,2026-04-04
sc,202613,13.0,Flu,202613,2026-04-04
sd,202613,11.0,Flu,202613,2026-04-04
tn,202613,63.0,Flu,202613,2026-04-04
tx,202613,187.0,Flu,202613,2026-04-04
ut,202613,3.0,Flu,202613,2026-04-04
va,202613,27.0,Flu,202613,2026-04-04
vi,202613,1.0,Flu,202613,2026-04-04
vt,202613,7.0,Flu,202613,2026-04-04
wa,202613,55.0,Flu,202613,2026-04-04
wi,202613,71.0,Flu,202613,2026-04-04
wv,202613,18.0,Flu,202613,2026-04-04
wy,202613,10.0,Flu,202613,2026-04-04
ak,202614,10.0,Flu,202614,2026-04-11
al,202614,33.0,Flu,202614,2026-04-11
ar,202614,9.0,Flu,202614,2026-04-11
as,202614,,Flu,202614,2026-04-11
az,202614,67.0,Flu,202614,2026-04-11
ca,202614,260.0,Flu,202614,2026-04-11
co,202614,25.0,Flu,202614,2026-04-11
ct,202614,29.0,Flu,202614,2026-04-11
dc,202614,1.0,Flu,202614,2026-04-11
de,202614,6.0,Flu,202614,2026-04-11
fl,202614,155.0,Flu,202614,2026-04-11
ga,202614,42.0,Flu,202614,2026-04-11
gu,202614,0.0,Flu,202614,2026-04-11
hi,202614,4.0,Flu,202614,2026-04-11
ia,202614,17.0,Flu,202614,2026-04-11
id,202614,15.0,Flu,202614,2026-04-11
il,202614,96.0,Flu,202614,2026-04-11
in,202614,32.0,Flu,202614,2026-04-11
ks,202614,11.0,Flu,202614,2026-04-11
ky,202614,37.0,Flu,202614,2026-04-11
la,202614,22.0,Flu,202614,2026-04-11
ma,202614,48.0,Flu,202614,2026-04-11
md,202614,9.0,Flu,202614,2026-04-11
me,202614,6.0,Flu,202614,2026-04-11
mi,202614,72.0,Flu,202614,2026-04-11
mn,202614,25.0,Flu,202614,2026-04-11
mo,202614,37.0,Flu,202614,2026-04-11
mp,202614,0.0,Flu,202614,2026-04-11
ms,202614,13.0,Flu,202614,2026-04-11
mt,202614,9.0,Flu,202614,2026-04-11
nc,202614,26.0,Flu,202614,2026-04-11
nd,202614,10.0,Flu,202614,2026-04-11
ne,202614,9.0,Flu,202614,2026-04-11
nh,202614,6.0,Flu,202614,2026-04-11
nj,202614,53.0,Flu,202614,2026-04-11
nm,202614,9.0,Flu,202614,2026-04-11
nv,202614,21.0,Flu,202614,2026-04-11
ny,202614,169.0,Flu,202614,2026-04-11
oh,202614,42.0,Flu,202614,2026-04-11
ok,202614,8.0,Flu,202614,2026-04-11
or,202614,5.0,Flu,202614,2026-04-11
pa,202614,345.0,Flu,202614,2026-04-11
pr,202614,65.0,Flu,202614,2026-04-11
ri,202614,18.0,Flu,202614,2026-04-11
sc,202614,11.0,Flu,202614,2026-04-11
sd,202614,10.0,Flu,202614,2026-04-11
tn,202614,50.0,Flu,202614,2026-04-11
tx,202614,144.0,Flu,202614,2026-04-11
ut,202614,6.0,Flu,202614,2026-04-11
va,202614,22.0,Flu,202614,2026-04-11
vi,202614,0.0,Flu,202614,2026-04-11
vt,202614,3.0,Flu,202614,2026-04-11
wa,202614,41.0,Flu,202614,2026-04-11
wi,202614,59.0,Flu,202614,2026-04-11
wv,202614,11.0,Flu,202614,2026-04-11
wy,202614,9.0,Flu,202614,2026-04-11
ak,202615,3.0,Flu,202615,2026-04-18
al,202615,26.0,Flu,202615,2026-04-18
ar,202615,3.0,Flu,202615,2026-04-18
as,202615,,Flu,202615,2026-04-18
az,202615,61.0,Flu,202615,2026-04-18
ca,202615,194.0,Flu,202615,2026-04-18
co,202615,20.0,Flu,202615,2026-04-18
ct,202615,34.0,Flu,202615,2026-04-18
dc,202615,5.0,Flu,202615,2026-04-18
de,202615,2.0,Flu,202615,2026-04-18
fl,202615,171.0,Flu,202615,2026-04-18
ga,202615,38.0,Flu,202615,2026-04-18
gu,202615,1.0,Flu,202615,2026-04-18
hi,202615,4.0,Flu,202615,2026-04-18
ia,202615,16.0,Flu,202615,2026-04-18
id,202615,7.0,Flu,202615,2026-04-18
il,202615,86.0,Flu,202615,2026-04-18
in,202615,39.0,Flu,202615,2026-04-18
ks,202615,7.0,Flu,202615,2026-04-18
ky,202615,35.0,Flu,202615,2026-04-18
la,202615,20.0,Flu,202615,2026-04-18
ma,202615,41.0,Flu,202615,2026-04-18
md,202615,6.0,Flu,202615,2026-04-18
me,202615,3.0,Flu,202615,2026-04-18
mi,202615,50.0,Flu,202615,2026-04-18
mn,202615,23.0,Flu,202615,2026-04-18
mo,202615,24.0,Flu,202615,2026-04-18
mp,202615,0.0,Flu,202615,2026-04-18
ms,202615,14.0,Flu,202615,2026-04-18
mt,202615,5.0,Flu,202615,2026-04-18
nc,202615,13.0,Flu,202615,2026-04-18
nd,202615,10.0,Flu,202615,2026-04-18
ne,202615,9.0,Flu,202615,2026-04-18
nh,202615,9.0,Flu,202615,2026-04-18
nj,202615,29.0,Flu,202615,2026-04-18
nm,202615,11.0,Flu,202615,2026-04-18
nv,202615,20.0,Flu,202615,2026-04-18
ny,202615,142.0,Flu,202615,2026-04-18
oh,202615,28.0,Flu,202615,2026-04-18
ok,202615,9.0,Flu,202615,2026-04-18
or,202615,10.0,Flu,202615,2026-04-18
pa,202615,310.0,Flu,202615,2026-04-18
pr,202615,85.0,Flu,202615,2026-04-18
ri,202615,11.0,Flu,202615,2026-04-18
sc,202615,4.0,Flu,202615,2026-04-18
sd,202615,5.0,Flu,202615,2026-04-18
tn,202615,47.0,Flu,202615,2026-04-18
tx,202615,129.0,Flu,202615,2026-04-18
ut,202615,5.0,Flu,202615,2026-04-18
va,202615,15.0,Flu,202615,2026-04-18
vi,202615,0.0,Flu,202615,2026-04-18
vt,202615,3.0,Flu,202615,2026-04-18
wa,202615,40.0,Flu,202615,2026-04-18
wi,202615,32.0,Flu,202615,2026-04-18
wv,202615,29.0,Flu,202615,2026-04-18
wy,202615,6.0,Flu,202615,2026-04-18
ak,202616,5.0,Flu,202616,2026-04-25
al,202616,28.0,Flu,202616,2026-04-25
ar,202616,7.0,Flu,202616,2026-04-25
as,202616,,Flu,202616,2026-04-25
az,202616,69.0,Flu,202616,2026-04-25
ca,202616,230.0,Flu,202616,2026-04-25
co,202616,40.0,Flu,202616,2026-04-25
ct,202616,18.0,Flu,202616,2026-04-25
dc,202616,2.0,Flu,202616,2026-04-25
de,202616,6.0,Flu,202616,2026-04-25
fl,202616,187.0,Flu,202616,2026-04-25
ga,202616,31.0,Flu,202616,2026-04-25
gu,202616,0.0,Flu,202616,2026-04-25
hi,202616,17.0,Flu,202616,2026-04-25
ia,202616,17.0,Flu,202616,2026-04-25
id,202616,7.0,Flu,202616,2026-04-25
il,202616,79.0,Flu,202616,2026-04-25
in,202616,23.0,Flu,202616,2026-04-25
ks,202616,9.0,Flu,202616,2026-04-25
ky,202616,32.0,Flu,202616,2026-04-25
la,202616,35.0,Flu,202616,2026-04-25
ma,202616,27.0,Flu,202616,2026-04-25
md,202616,11.0,Flu,202616,2026-04-25
me,202616,10.0,Flu,202616,2026-04-25
mi,202616,35.0,Flu,202616,2026-04-25
mn,202616,22.0,Flu,202616,2026-04-25
mo,202616,16.0,Flu,202616,2026-04-25
mp,202616,0.0,Flu,202616,2026-04-25
ms,202616,19.0,Flu,202616,2026-04-25
mt,202616,4.0,Flu,202616,2026-04-25
nc,202616,19.0,Flu,202616,2026-04-25
nd,202616,7.0,Flu,202616,2026-04-25
ne,202616,11.0,Flu,202616,2026-04-25
nh,202616,3.0,Flu,202616,2026-04-25
nj,202616,44.0,Flu,202616,2026-04-25
nm,202616,7.0,Flu,202616,2026-04-25
nv,202616,30.0,Flu,202616,2026-04-25
ny,202616,76.0,Flu,202616,2026-04-25
oh,202616,37.0,Flu,202616,2026-04-25
ok,202616,8.0,Flu,202616,2026-04-25
or,202616,10.0,Flu,202616,2026-04-25
pa,202616,260.0,Flu,202616,2026-04-25
pr,202616,74.0,Flu,202616,2026-04-25
ri,202616,4.0,Flu,202616,2026-04-25
sc,202616,13.0,Flu,202616,2026-04-25
sd,202616,8.0,Flu,202616,2026-04-25
tn,202616,39.0,Flu,202616,2026-04-25
tx,202616,129.0,Flu,202616,2026-04-25
ut,202616,13.0,Flu,202616,2026-04-25
va,202616,20.0,Flu,202616,2026-04-25
vi,202616,0.0,Flu,202616,2026-04-25
vt,202616,2.0,Flu,202616,2026-04-25
wa,202616,39.0,Flu,202616,2026-04-25
wi,202616,28.0,Flu,202616,2026-04-25
wv,202616,16.0,Flu,202616,2026-04-25
wy,202616,1.0,Flu,202616,2026-04-25
ak,202617,3.0,Flu,202617,2026-05-02
al,202617,20.0,Flu,202617,2026-05-02
ar,202617,7.0,Flu,202617,2026-05-02
as,202617,,Flu,202617,2026-05-02
az,202617,71.0,Flu,202617,2026-05-02
ca,202617,212.0,Flu,202617,2026-05-02
co,202617,29.0,Flu,202617,2026-05-02
ct,202617,9.0,Flu,202617,2026-05-02
dc,202617,1.0,Flu,202617,2026-05-02
de,202617,4.0,Flu,202617,2026-05-02
fl,202617,166.0,Flu,202617,2026-05-02
ga,202617,19.0,Flu,202617,2026-05-02
gu,202617,0.0,Flu,202617,2026-05-02
hi,202617,21.0,Flu,202617,2026-05-02
ia,202617,12.0,Flu,202617,2026-05-02
id,202617,7.0,Flu,202617,2026-05-02
il,202617,28.0,Flu,202617,2026-05-02
in,202617,22.0,Flu,202617,2026-05-02
ks,202617,4.0,Flu,202617,2026-05-02
ky,202617,21.0,Flu,202617,2026-05-02
la,202617,26.0,Flu,202617,2026-05-02
ma,202617,29.0,Flu,202617,2026-05-02
md,202617,12.0,Flu,202617,2026-05-02
me,202617,6.0,Flu,202617,2026-05-02
mi,202617,28.0,Flu,202617,2026-05-02
mn,202617,34.0,Flu,202617,2026-05-02
mo,202617,8.0,Flu,202617,2026-05-02
mp,202617,0.0,Flu,202617,2026-05-02
ms,202617,27.0,Flu,202617,2026-05-02
mt,202617,0.0,Flu,202617,2026-05-02
nc,202617,15.0,Flu,202617,2026-05-02
nd,202617,5.0,Flu,202617,2026-05-02
ne,202617,4.0,Flu,202617,2026-05-02
nh,202617,1.0,Flu,202617,2026-05-02
nj,202617,40.0,Flu,202617,2026-05-02
nm,202617,13.0,Flu,202617,2026-05-02
nv,202617,44.0,Flu,202617,2026-05-02
ny,202617,79.0,Flu,202617,2026-05-02
oh,202617,27.0,Flu,202617,2026-05-02
ok,202617,9.0,Flu,202617,2026-05-02
or,202617,15.0,Flu,202617,2026-05-02
pa,202617,193.0,Flu,202617,2026-05-02
pr,202617,104.0,Flu,202617,2026-05-02
ri,202617,4.0,Flu,202617,2026-05-02
sc,202617,15.0,Flu,202617,2026-05-02
sd,202617,5.0,Flu,202617,2026-05-02
tn,202617,34.0,Flu,202617,2026-05-02
tx,202617,129.0,Flu,202617,2026-05-02
ut,202617,10.0,Flu,202617,2026-05-02
va,202617,24.0,Flu,202617,2026-05-02
vi,202617,0.0,Flu,202617,2026-05-02
vt,202617,0.0,Flu,202617,2026-05-02
wa,202617,29.0,Flu,202617,2026-05-02
wi,202617,13.0,Flu,202617,2026-05-02
wv,202617,8.0,Flu,202617,2026-05-02
wy,202617,4.0,Flu,202617,2026-05-02
ak,202618,4.0,Flu,202618,2026-05-09
al,202618,20.0,Flu,202618,2026-05-09
ar,202618,7.0,Flu,202618,2026-05-09
as,202618,,Flu,202618,2026-05-09
az,202618,51.0,Flu,202618,2026-05-09
ca,202618,194.0,Flu,202618,2026-05-09
co,202618,15.0,Flu,202618,2026-05-09
ct,202618,8.0,Flu,202618,2026-05-09
dc,202618,0.0,Flu,202618,2026-05-09
de,202618,4.0,Flu,202618,2026-05-09
fl,202618,151.0,Flu,202618,2026-05-09
ga,202618,16.0,Flu,202618,2026-05-09
gu,202618,0.0,Flu,202618,2026-05-09
hi,202618,5.0,Flu,202618,2026-05-09
ia,202618,4.0,Flu,202618,2026-05-09
id,202618,8.0,Flu,202618,2026-05-09
il,202618,45.0,Flu,202618,2026-05-09
in,202618,18.0,Flu,202618,2026-05-09
ks,202618,3.0,Flu,202618,2026-05-09
ky,202618,15.0,Flu,202618,2026-05-09
la,202618,20.0,Flu,202618,2026-05-09
ma,202618,16.0,Flu,202618,2026-05-09
md,202618,20.0,Flu,202618,2026-05-09
me,202618,3.0,Flu,202618,2026-05-09
mi,202618,21.0,Flu,202618,2026-05-09
mn,202618,16.0,Flu,202618,2026-05-09
mo,202618,13.0,Flu,202618,2026-05-09
mp,202618,0.0,Flu,202618,2026-05-09
ms,202618,18.0,Flu,202618,2026-05-09
mt,202618,8.0,Flu,202618,2026-05-09
nc,202618,21.0,Flu,202618,2026-05-09
nd,202618,3.0,Flu,202618,2026-05-09
ne,202618,7.0,Flu,202618,2026-05-09
nh,202618,3.0,Flu,202618,2026-05-09
nj,202618,42.0,Flu,202618,2026-05-09
nm,202618,10.0,Flu,202618,2026-05-09
nv,202618,46.0,Flu,202618,2026-05-09
ny,202618,81.0,Flu,202618,2026-05-09
oh,202618,22.0,Flu,202618,2026-05-09
ok,202618,11.0,Flu,202618,2026-05-09
or,202618,14.0,Flu,202618,2026-05-09
pa,202618,188.0,Flu,202618,2026-05-09
pr,202618,64.0,Flu,202618,2026-05-09
ri,202618,6.0,Flu,202618,2026-05-09
sc,202618,7.0,Flu,202618,2026-05-09
sd,202618,7.0,Flu,202618,2026-05-09
tn,202618,45.0,Flu,202618,2026-05-09
tx,202618,136.0,Flu,202618,2026-05-09
ut,202618,11.0,Flu,202618,2026-05-09
va,202618,14.0,Flu,202618,2026-05-09
vi,202618,0.0,Flu,202618,2026-05-09
vt,202618,1.0,Flu,202618,2026-05-09
wa,202618,29.0,Flu,202618,2026-05-09
wi,202618,4.0,Flu,202618,2026-05-09
wv,202618,3.0,Flu,202618,2026-05-09
wy,202618,5.0,Flu,202618,2026-05-09
ak,202619,0.0,Flu,202619,2026-05-16
al,202619,24.0,Flu,202619,2026-05-16
ar,202619,9.0,Flu,202619,2026-05-16
as,202619,,Flu,202619,2026-05-16
az,202619,63.0,Flu,202619,2026-05-16
ca,202619,177.0,Flu,202619,2026-05-16
co,202619,12.0,Flu,202619,2026-05-16
ct,202619,5.0,Flu,202619,2026-05-16
dc,202619,1.0,Flu,202619,2026-05-16
de,202619,5.0,Flu,202619,2026-05-16
fl,202619,127.0,Flu,202619,2026-05-16
ga,202619,28.0,Flu,202619,2026-05-16
gu,202619,1.0,Flu,202619,2026-05-16
hi,202619,9.0,Flu,202619,2026-05-16
ia,202619,4.0,Flu,202619,2026-05-16
id,202619,8.0,Flu,202619,2026-05-16
il,202619,24.0,Flu,202619,2026-05-16
in,202619,18.0,Flu,202619,2026-05-16
ks,202619,3.0,Flu,202619,2026-05-16
ky,202619,19.0,Flu,202619,2026-05-16
la,202619,20.0,Flu,202619,2026-05-16
ma,202619,16.0,Flu,202619,2026-05-16
md,202619,13.0,Flu,202619,2026-05-16
me,202619,4.0,Flu,202619,2026-05-16
mi,202619,23.0,Flu,202619,2026-05-16
mn,202619,18.0,Flu,202619,2026-05-16
mo,202619,9.0,Flu,202619,2026-05-16
mp,202619,0.0,Flu,202619,2026-05-16
ms,202619,15.0,Flu,202619,2026-05-16
mt,202619,2.0,Flu,202619,2026-05-16
nc,202619,15.0,Flu,202619,2026-05-16
nd,202619,7.0,Flu,202619,2026-05-16
ne,202619,3.0,Flu,202619,2026-05-16
nh,202619,3.0,Flu,202619,2026-05-16
nj,202619,37.0,Flu,202619,2026-05-16
nm,202619,4.0,Flu,202619,2026-05-16
nv,202619,35.0,Flu,202619,2026-05-16
ny,202619,50.0,Flu,202619,2026-05-16
oh,202619,14.0,Flu,202619,2026-05-16
ok,202619,15.0,Flu,202619,2026-05-16
or,202619,12.0,Flu,202619,2026-05-16
pa,202619,141.0,Flu,202619,2026-05-16
pr,202619,72.0,Flu,202619,2026-05-16
ri,202619,10.0,Flu,202619,2026-05-16
sc,202619,8.0,Flu,202619,2026-05-16
sd,202619,4.0,Flu,202619,2026-05-16
tn,202619,36.0,Flu,202619,2026-05-16
tx,202619,123.0,Flu,202619,2026-05-16
ut,202619,7.0,Flu,202619,2026-05-16
va,202619,18.0,Flu,202619,2026-05-16
vi,202619,0.0,Flu,202619,2026-05-16
vt,202619,0.0,Flu,202619,2026-05-16
wa,202619,28.0,Flu,202619,2026-05-16
wi,202619,7.0,Flu,202619,2026-05-16
wv,202619,5.0,Flu,202619,2026-05-16
wy,202619,8.0,Flu,202619,2026-05-16
ak,202620,0.0,Flu,202620,2026-05-23
al,202620,24.0,Flu,202620,2026-05-23
ar,202620,10.0,Flu,202620,2026-05-23
as,202620,,Flu,202620,2026-05-23
az,202620,54.0,Flu,202620,2026-05-23
ca,202620,151.0,Flu,202620,2026-05-23
co,202620,9.0,Flu,202620,2026-05-23
ct,202620,2.0,Flu,202620,2026-05-23
dc,202620,2.0,Flu,202620,2026-05-23
de,202620,2.0,Flu,202620,2026-05-23
fl,202620,135.0,Flu,202620,2026-05-23
ga,202620,33.0,Flu,202620,2026-05-23
gu,202620,1.0,Flu,202620,2026-05-23
hi,202620,17.0,Flu,202620,2026-05-23
ia,202620,3.0,Flu,202620,2026-05-23
id,202620,6.0,Flu,202620,2026-05-23
il,202620,21.0,Flu,202620,2026-05-23
in,202620,18.0,Flu,202620,2026-05-23
ks,202620,5.0,Flu,202620,2026-05-23
ky,202620,16.0,Flu,202620,2026-05-23
la,202620,26.0,Flu,202620,2026-05-23
ma,202620,10.0,Flu,202620,2026-05-23
md,202620,12.0,Flu,202620,2026-05-23
me,202620,3.0,Flu,202620,2026-05-23
mi,202620,17.0,Flu,202620,2026-05-23
mn,202620,11.0,Flu,202620,2026-05-23
mo,202620,13.0,Flu,202620,2026-05-23
mp,202620,0.0,Flu,202620,2026-05-23
ms,202620,12.0,Flu,202620,2026-05-23
mt,202620,2.0,Flu,202620,2026-05-23
nc,202620,12.0,Flu,202620,2026-05-23
nd,202620,10.0,Flu,202620,2026-05-23
ne,202620,0.0,Flu,202620,2026-05-23
nh,202620,2.0,Flu,202620,2026-05-23
nj,202620,29.0,Flu,202620,2026-05-23
nm,202620,5.0,Flu,202620,2026-05-23
nv,202620,30.0,Flu,202620,2026-05-23
ny,202620,53.0,Flu,202620,2026-05-23
oh,202620,14.0,Flu,202620,2026-05-23
ok,202620,13.0,Flu,202620,2026-05-23
or,202620,9.0,Flu,202620,2026-05-23
pa,202620,185.0,Flu,202620,2026-05-23
pr,202620,78.0,Flu,202620,2026-05-23
ri,202620,4.0,Flu,202620,2026-05-23
sc,202620,11.0,Flu,202620,2026-05-23
sd,202620,6.0,Flu,202620,2026-05-23
tn,202620,33.0,Flu,202620,2026-05-23
tx,202620,107.0,Flu,202620,2026-05-23
ut,202620,3.0,Flu,202620,2026-05-23
va,202620,13.0,Flu,202620,2026-05-23
vi,202620,0.0,Flu,202620,2026-05-23
vt,202620,0.0,Flu,202620,2026-05-23
wa,202620,17.0,Flu,202620,2026-05-23
wi,202620,3.0,Flu,202620,2026-05-23
wv,202620,2.0,Flu,202620,2026-05-23
wy,202620,5.0,Flu,202620,2026-05-23
ak,202621,2.0,Flu,202621,2026-05-30
al,202621,18.0,Flu,202621,2026-05-30
ar,202621,6.0,Flu,202621,2026-05-30
as,202621,,Flu,202621,2026-05-30
az,202621,51.0,Flu,202621,2026-05-30
ca,202621,139.0,Flu,202621,2026-05-30
co,202621,9.0,Flu,202621,2026-05-30
ct,202621,2.0,Flu,202621,2026-05-30
dc,202621,3.0,Flu,202621,2026-05-30
de,202621,1.0,Flu,202621,2026-05-30
fl,202621,135.0,Flu,202621,2026-05-30
ga,202621,10.0,Flu,202621,2026-05-30
gu,202621,1.0,Flu,202621,2026-05-30
hi,202621,6.0,Flu,202621,2026-05-30
ia,202621,0.0,Flu,202621,2026-05-30
id,202621,2.0,Flu,202621,2026-05-30
il,202621,62.0,Flu,202621,2026-05-30
in,202621,11.0,Flu,202621,2026-05-30
ks,202621,4.0,Flu,202621,2026-05-30
ky,202621,19.0,Flu,202621,2026-05-30
la,202621,29.0,Flu,202621,2026-05-30
ma,202621,8.0,Flu,202621,2026-05-30
md,202621,12.0,Flu,202621,2026-05-30
me,202621,3.0,Flu,202621,2026-05-30
mi,202621,18.0,Flu,202621,2026-05-30
mn,202621,8.0,Flu,202621,2026-05-30
mo,202621,19.0,Flu,202621,2026-05-30
mp,202621,0.0,Flu,202621,2026-05-30
ms,202621,8.0,Flu,202621,2026-05-30
mt,202621,1.0,Flu,202621,2026-05-30
nc,202621,7.0,Flu,202621,2026-05-30
nd,202621,7.0,Flu,202621,2026-05-30
ne,202621,0.0,Flu,202621,2026-05-30
nh,202621,0.0,Flu,202621,2026-05-30
nj,202621,20.0,Flu,202621,2026-05-30
nm,202621,4.0,Flu,202621,2026-05-30
nv,202621,26.0,Flu,202621,2026-05-30
ny,202621,21.0,Flu,202621,2026-05-30
oh,202621,15.0,Flu,202621,2026-05-30
ok,202621,10.0,Flu,202621,2026-05-30
or,202621,1.0,Flu,202621,2026-05-30
pa,202621,139.0,Flu,202621,2026-05-30
pr,202621,45.0,Flu,202621,2026-05-30
ri,202621,4.0,Flu,202621,2026-05-30
sc,202621,7.0,Flu,202621,2026-05-30
sd,202621,0.0,Flu,202621,2026-05-30
tn,202621,31.0,Flu,202621,2026-05-30
tx,202621,106.0,Flu,202621,2026-05-30
ut,202621,4.0,Flu,202621,2026-05-30
va,202621,14.0,Flu,202621,2026-05-30
vi,202621,0.0,Flu,202621,2026-05-30
vt,202621,2.0,Flu,202621,2026-05-30
wa,202621,10.0,Flu,202621,2026-05-30
wi,202621,4.0,Flu,202621,2026-05-30
wv,202621,4.0,Flu,202621,2026-05-30
wy,202621,2.0,Flu,202621,2026-05-30
ak,202622,3.0,Flu,202622,2026-06-06
al,202622,13.0,Flu,202622,2026-06-06
ar,202622,2.0,Flu,202622,2026-06-06
as,202622,,Flu,202622,2026-06-06
az,202622,45.0,Flu,202622,2026-06-06
ca,202622,137.0,Flu,202622,2026-06-06
co,202622,5.0,Flu,202622,2026-06-06
ct,202622,2.0,Flu,202622,2026-06-06
dc,202622,1.0,Flu,202622,2026-06-06
de,202622,0.0,Flu,202622,2026-06-06
fl,202622,126.0,Flu,202622,2026-06-06
ga,202622,18.0,Flu,202622,2026-06-06
gu,202622,0.0,Flu,202622,2026-06-06
hi,202622,10.0,Flu,202622,2026-06-06
ia,202622,5.0,Flu,202622,2026-06-06
id,202622,3.0,Flu,202622,2026-06-06
il,202622,19.0,Flu,202622,2026-06-06
in,202622,6.0,Flu,202622,2026-06-06
ks,202622,3.0,Flu,202622,2026-06-06
ky,202622,21.0,Flu,202622,2026-06-06
la,202622,26.0,Flu,202622,2026-06-06
ma,202622,3.0,Flu,202622,2026-06-06
md,202622,17.0,Flu,202622,2026-06-06
me,202622,0.0,Flu,202622,2026-06-06
mi,202622,7.0,Flu,202622,2026-06-06
mn,202622,6.0,Flu,202622,2026-06-06
mo,202622,8.0,Flu,202622,2026-06-06
mp,202622,0.0,Flu,202622,2026-06-06
ms,202622,8.0,Flu,202622,2026-06-06
mt,202622,0.0,Flu,202622,2026-06-06
nc,202622,11.0,Flu,202622,2026-06-06
nd,202622,2.0,Flu,202622,2026-06-06
ne,202622,0.0,Flu,202622,2026-06-06
nh,202622,4.0,Flu,202622,2026-06-06
nj,202622,21.0,Flu,202622,2026-06-06
nm,202622,1.0,Flu,202622,2026-06-06
nv,202622,14.0,Flu,202622,2026-06-06
ny,202622,33.0,Flu,202622,2026-06-06
oh,202622,19.0,Flu,202622,2026-06-06
ok,202622,17.0,Flu,202622,2026-06-06
or,202622,3.0,Flu,202622,2026-06-06
pa,202622,181.0,Flu,202622,2026-06-06
pr,202622,74.0,Flu,202622,2026-06-06
ri,202622,0.0,Flu,202622,2026-06-06
sc,202622,3.0,Flu,202622,2026-06-06
sd,202622,2.0,Flu,202622,2026-06-06
tn,202622,21.0,Flu,202622,2026-06-06
tx,202622,104.0,Flu,202622,2026-06-06
ut,202622,9.0,Flu,202622,2026-06-06
va,202622,12.0,Flu,202622,2026-06-06
vi,202622,0.0,Flu,202622,2026-06-06
vt,202622,0.0,Flu,202622,2026-06-06
wa,202622,9.0,Flu,202622,2026-06-06
wi,202622,4.0,Flu,202622,2026-06-06
wv,202622,5.0,Flu,202622,2026-06-06
wy,202622,1.0,Flu,202622,2026-06-06
ak,202623,0.0,Flu,202623,2026-06-13
al,202623,14.0,Flu,202623,2026-06-13
ar,202623,1.0,Flu,202623,2026-06-13
as,202623,,Flu,202623,2026-06-13
az,202623,22.0,Flu,202623,2026-06-13
ca,202623,126.0,Flu,202623,2026-06-13
co,202623,4.0,Flu,202623,2026-06-13
ct,202623,3.0,Flu,202623,2026-06-13
dc,202623,4.0,Flu,202623,2026-06-13
de,202623,1.0,Flu,202623,2026-06-13
fl,202623,97.0,Flu,202623,2026-06-13
ga,202623,10.0,Flu,202623,2026-06-13
gu,202623,0.0,Flu,202623,2026-06-13
hi,202623,5.0,Flu,202623,2026-06-13
ia,202623,2.0,Flu,202623,2026-06-13
id,202623,1.0,Flu,202623,2026-06-13
il,202623,7.0,Flu,202623,2026-06-13
in,202623,9.0,Flu,202623,2026-06-13
ks,202623,2.0,Flu,202623,2026-06-13
ky,202623,18.0,Flu,202623,2026-06-13
la,202623,31.0,Flu,202623,2026-06-13
ma,202623,3.0,Flu,202623,2026-06-13
md,202623,12.0,Flu,202623,2026-06-13
me,202623,1.0,Flu,202623,2026-06-13
mi,202623,5.0,Flu,202623,2026-06-13
mn,202623,3.0,Flu,202623,2026-06-13
mo,202623,16.0,Flu,202623,2026-06-13
mp,202623,0.0,Flu,202623,2026-06-13
ms,202623,4.0,Flu,202623,2026-06-13
mt,202623,5.0,Flu,202623,2026-06-13
nc,202623,10.0,Flu,202623,2026-06-13
nd,202623,3.0,Flu,202623,2026-06-13
ne,202623,0.0,Flu,202623,2026-06-13
nh,202623,2.0,Flu,202623,2026-06-13
nj,202623,21.0,Flu,202623,2026-06-13
nm,202623,2.0,Flu,202623,2026-06-13
nv,202623,20.0,Flu,202623,2026-06-13
ny,202623,24.0,Flu,202623,2026-06-13
oh,202623,9.0,Flu,202623,2026-06-13
ok,202623,16.0,Flu,202623,2026-06-13
or,202623,3.0,Flu,202623,2026-06-13
pa,202623,144.0,Flu,202623,2026-06-13
pr,202623,52.0,Flu,202623,2026-06-13
ri,202623,1.0,Flu,202623,2026-06-13
sc,202623,8.0,Flu,202623,2026-06-13
sd,202623,3.0,Flu,202623,2026-06-13
tn,202623,24.0,Flu,202623,2026-06-13
tx,202623,84.0,Flu,202623,2026-06-13
ut,202623,5.0,Flu,202623,2026-06-13
va,202623,20.0,Flu,202623,2026-06-13
vi,202623,0.0,Flu,202623,2026-06-13
vt,202623,0.0,Flu,202623,2026-06-13
wa,202623,11.0,Flu,202623,2026-06-13
wi,202623,0.0,Flu,202623,2026-06-13
wv,202623,3.0,Flu,202623,2026-06-13
wy,202623,0.0,Flu,202623,2026-06-13
ak,202624,3.0,Flu,202624,2026-06-20
al,202624,23.0,Flu,202624,2026-06-20
ar,202624,1.0,Flu,202624,2026-06-20
as,202624,,Flu,202624,2026-06-20
az,202624,19.0,Flu,202624,2026-06-20
ca,202624,119.0,Flu,202624,2026-06-20
co,202624,3.0,Flu,202624,2026-06-20
ct,202624,2.0,Flu,202624,2026-06-20
dc,202624,0.0,Flu,202624,2026-06-20
de,202624,0.0,Flu,202624,2026-06-20
fl,202624,110.0,Flu,202624,2026-06-20
ga,202624,8.0,Flu,202624,2026-06-20
gu,202624,0.0,Flu,202624,2026-06-20
hi,202624,6.0,Flu,202624,2026-06-20
ia,202624,2.0,Flu,202624,2026-06-20
id,202624,6.0,Flu,202624,2026-06-20
il,202624,18.0,Flu,202624,2026-06-20
in,202624,4.0,Flu,202624,2026-06-20
ks,202624,1.0,Flu,202624,2026-06-20
ky,202624,11.0,Flu,202624,2026-06-20
la,202624,18.0,Flu,202624,2026-06-20
ma,202624,0.0,Flu,202624,2026-06-20
md,202624,9.0,Flu,202624,2026-06-20
me,202624,0.0,Flu,202624,2026-06-20
mi,202624,10.0,Flu,202624,2026-06-20
mn,202624,1.0,Flu,202624,2026-06-20
mo,202624,10.0,Flu,202624,2026-06-20
mp,202624,0.0,Flu,202624,2026-06-20
ms,202624,7.0,Flu,202624,2026-06-20
mt,202624,6.0,Flu,202624,2026-06-20
nc,202624,5.0,Flu,202624,2026-06-20
nd,202624,3.0,Flu,202624,2026-06-20
ne,202624,7.0,Flu,202624,2026-06-20
nh,202624,0.0,Flu,202624,2026-06-20
nj,202624,16.0,Flu,202624,2026-06-20
nm,202624,1.0,Flu,202624,2026-06-20
nv,202624,11.0,Flu,202624,2026-06-20
ny,202624,22.0,Flu,202624,2026-06-20
oh,202624,11.0,Flu,202624,2026-06-20
ok,202624,6.0,Flu,202624,2026-06-20
or,202624,7.0,Flu,202624,2026-06-20
pa,202624,142.0,Flu,202624,2026-06-20
pr,202624,24.0,Flu,202624,2026-06-20
ri,202624,1.0,Flu,202624,2026-06-20
sc,202624,3.0,Flu,202624,2026-06-20
sd,202624,1.0,Flu,202624,2026-06-20
tn,202624,23.0,Flu,202624,2026-06-20
tx,202624,84.0,Flu,202624,2026-06-20
ut,202624,5.0,Flu,202624,2026-06-20
va,202624,7.0,Flu,202624,2026-06-20
vi,202624,0.0,Flu,202624,2026-06-20
vt,202624,0.0,Flu,202624,2026-06-20
wa,202624,15.0,Flu,202624,2026-06-20
wi,202624,0.0,Flu,202624,2026-06-20
wv,202624,2.0,Flu,202624,2026-06-20
wy,202624,1.0,Flu,202624,2026-06-20
ak,202625,6.0,Flu,202625,2026-06-27
al,202625,27.0,Flu,202625,2026-06-27
ar,202625,5.0,Flu,202625,2026-06-27
as,202625,,Flu,202625,2026-06-27
az,202625,14.0,Flu,202625,2026-06-27
ca,202625,96.0,Flu,202625,2026-06-27
co,202625,5.0,Flu,202625,2026-06-27
ct,202625,3.0,Flu,202625,2026-06-27
dc,202625,3.0,Flu,202625,2026-06-27
de,202625,0.0,Flu,202625,2026-06-27
fl,202625,112.0,Flu,202625,2026-06-27
ga,202625,11.0,Flu,202625,2026-06-27
gu,202625,0.0,Flu,202625,2026-06-27
hi,202625,5.0,Flu,202625,2026-06-27
ia,202625,2.0,Flu,202625,2026-06-27
id,202625,3.0,Flu,202625,2026-06-27
il,202625,7.0,Flu,202625,2026-06-27
in,202625,9.0,Flu,202625,2026-06-27
ks,202625,2.0,Flu,202625,2026-06-27
ky,202625,8.0,Flu,202625,2026-06-27
la,202625,25.0,Flu,202625,2026-06-27
ma,202625,4.0,Flu,202625,2026-06-27
md,202625,5.0,Flu,202625,2026-06-27
me,202625,0.0,Flu,202625,2026-06-27
mi,202625,6.0,Flu,202625,2026-06-27
mn,202625,3.0,Flu,202625,2026-06-27
mo,202625,10.0,Flu,202625,2026-06-27
mp,202625,0.0,Flu,202625,2026-06-27
ms,202625,4.0,Flu,202625,2026-06-27
mt,202625,1.0,Flu,202625,2026-06-27
nc,202625,6.0,Flu,202625,2026-06-27
nd,202625,3.0,Flu,202625,2026-06-27
ne,202625,8.0,Flu,202625,2026-06-27
nh,202625,0.0,Flu,202625,2026-06-27
nj,202625,14.0,Flu,202625,2026-06-27
nm,202625,0.0,Flu,202625,2026-06-27
nv,202625,14.0,Flu,202625,2026-06-27
ny,202625,21.0,Flu,202625,2026-06-27
oh,202625,7.0,Flu,202625,2026-06-27
ok,202625,8.0,Flu,202625,2026-06-27
or,202625,1.0,Flu,202625,2026-06-27
pa,202625,139.0,Flu,202625,2026-06-27
pr,202625,19.0,Flu,202625,2026-06-27
ri,202625,7.0,Flu,202625,2026-06-27
sc,202625,5.0,Flu,202625,2026-06-27
sd,202625,2.0,Flu,202625,2026-06-27
tn,202625,17.0,Flu,202625,2026-06-27
tx,202625,73.0,Flu,202625,2026-06-27
ut,202625,1.0,Flu,202625,2026-06-27
va,202625,12.0,Flu,202625,2026-06-27
vi,202625,0.0,Flu,202625,2026-06-27
vt,202625,0.0,Flu,202625,2026-06-27
wa,202625,11.0,Flu,202625,2026-06-27
wi,202625,4.0,Flu,202625,2026-06-27
wv,202625,2.0,Flu,202625,2026-06-27
wy,202625,1.0,Flu,202625,2026-06-27
ak,202626,7.0,Flu,202626,2026-07-04
al,202626,10.0,Flu,202626,2026-07-04
ar,202626,0.0,Flu,202626,2026-07-04
as,202626,,Flu,202626,2026-07-04
az,202626,17.0,Flu,202626,2026-07-04
ca,202626,107.0,Flu,202626,2026-07-04
co,202626,4.0,Flu,202626,2026-07-04
ct,202626,1.0,Flu,202626,2026-07-04
dc,202626,3.0,Flu,202626,2026-07-04
de,202626,4.0,Flu,202626,2026-07-04
fl,202626,99.0,Flu,202626,2026-07-04
ga,202626,16.0,Flu,202626,2026-07-04
gu,202626,1.0,Flu,202626,2026-07-04
hi,202626,11.0,Flu,202626,2026-07-04
ia,202626,2.0,Flu,202626,2026-07-04
id,202626,5.0,Flu,202626,2026-07-04
il,202626,15.0,Flu,202626,2026-07-04
in,202626,10.0,Flu,202626,2026-07-04
ks,202626,3.0,Flu,202626,2026-07-04
ky,202626,10.0,Flu,202626,2026-07-04
la,202626,16.0,Flu,202626,2026-07-04
ma,202626,2.0,Flu,202626,2026-07-04
md,202626,7.0,Flu,202626,2026-07-04
me,202626,1.0,Flu,202626,2026-07-04
mi,202626,6.0,Flu,202626,2026-07-04
mn,202626,3.0,Flu,202626,2026-07-04
mo,202626,13.0,Flu,202626,2026-07-04
mp,202626,0.0,Flu,202626,2026-07-04
ms,202626,9.0,Flu,202626,2026-07-04
mt,202626,1.0,Flu,202626,2026-07-04
nc,202626,8.0,Flu,202626,2026-07-04
nd,202626,4.0,Flu,202626,2026-07-04
ne,202626,1.0,Flu,202626,2026-07-04
nh,202626,2.0,Flu,202626,2026-07-04
nj,202626,21.0,Flu,202626,2026-07-04
nm,202626,3.0,Flu,202626,2026-07-04
nv,202626,6.0,Flu,202626,2026-07-04
ny,202626,14.0,Flu,202626,2026-07-04
oh,202626,5.0,Flu,202626,2026-07-04
ok,202626,11.0,Flu,202626,2026-07-04
or,202626,0.0,Flu,202626,2026-07-04
pa,202626,130.0,Flu,202626,2026-07-04
pr,202626,18.0,Flu,202626,2026-07-04
ri,202626,0.0,Flu,202626,2026-07-04
sc,202626,5.0,Flu,202626,2026-07-04
sd,202626,1.0,Flu,202626,2026-07-04
tn,202626,18.0,Flu,202626,2026-07-04
tx,202626,78.0,Flu,202626,2026-07-04
ut,202626,0.0,Flu,202626,2026-07-04
va,202626,11.0,Flu,202626,2026-07-04
vi,202626,0.0,Flu,202626,2026-07-04
vt,202626,0.0,Flu,202626,2026-07-04
wa,202626,11.0,Flu,202626,2026-07-04
wi,202626,3.0,Flu,202626,2026-07-04
wv,202626,1.0,Flu,202626,2026-07-04
wy,202626,1.0,Flu,202626,2026-07-04
ak,202627,4.0,Flu,202627,2026-07-11
al,202627,7.0,Flu,202627,2026-07-11
ar,202627,3.0,Flu,202627,2026-07-11
as,202627,,Flu,202627,2026-07-11
az,202627,19.0,Flu,202627,2026-07-11
ca,202627,97.0,Flu,202627,2026-07-11
co,202627,4.0,Flu,202627,2026-07-11
ct,202627,1.0,Flu,202627,2026-07-11
dc,202627,2.0,Flu,202627,2026-07-11
de,202627,0.0,Flu,202627,2026-07-11
fl,202627,125.0,Flu,202627,2026-07-11
ga,202627,12.0,Flu,202627,2026-07-11
gu,202627,0.0,Flu,202627,2026-07-11
hi,202627,7.0,Flu,202627,2026-07-11
ia,202627,2.0,Flu,202627,2026-07-11
id,202627,4.0,Flu,202627,2026-07-11
il,202627,72.0,Flu,202627,2026-07-11
in,202627,5.0,Flu,202627,2026-07-11
ks,202627,3.0,Flu,202627,2026-07-11
ky,202627,11.0,Flu,202627,2026-07-11
la,202627,18.0,Flu,202627,2026-07-11
ma,202627,2.0,Flu,202627,2026-07-11
md,202627,4.0,Flu,202627,2026-07-11
me,202627,0.0,Flu,202627,2026-07-11
mi,202627,3.0,Flu,202627,2026-07-11
mn,202627,4.0,Flu,202627,2026-07-11
mo,202627,13.0,Flu,202627,2026-07-11
mp,202627,0.0,Flu,202627,2026-07-11
ms,202627,6.0,Flu,202627,2026-07-11
mt,202627,1.0,Flu,202627,2026-07-11
nc,202627,7.0,Flu,202627,2026-07-11
nd,202627,3.0,Flu,202627,2026-07-11
ne,202627,2.0,Flu,202627,2026-07-11
nh,202627,1.0,Flu,202627,2026-07-11
nj,202627,12.0,Flu,202627,2026-07-11
nm,202627,0.0,Flu,202627,2026-07-11
nv,202627,13.0,Flu,202627,2026-07-11
ny,202627,15.0,Flu,202627,2026-07-11
oh,202627,8.0,Flu,202627,2026-07-11
ok,202627,8.0,Flu,202627,2026-07-11
or,202627,4.0,Flu,202627,2026-07-11
pa,202627,124.0,Flu,202627,2026-07-11
pr,202627,17.0,Flu,202627,2026-07-11
ri,202627,0.0,Flu,202627,2026-07-11
sc,202627,4.0,Flu,202627,2026-07-11
sd,202627,0.0,Flu,202627,2026-07-11
tn,202627,20.0,Flu,202627,2026-07-11
tx,202627,67.0,Flu,202627,2026-07-11
ut,202627,3.0,Flu,202627,2026-07-11
va,202627,4.0,Flu,202627,2026-07-11
vi,202627,0.0,Flu,202627,2026-07-11
vt,202627,0.0,Flu,202627,2026-07-11
wa,202627,4.0,Flu,202627,2026-07-11
wi,202627,6.0,Flu,202627,2026-07-11
wv,202627,1.0,Flu,202627,2026-07-11
wy,202627,0.0,Flu,202627,2026-07-11
ak,202628,4.0,Flu,202628,2026-07-18
al,202628,12.0,Flu,202628,2026-07-18
ar,202628,1.0,Flu,202628,2026-07-18
as,202628,,Flu,202628,2026-07-18
az,202628,10.0,Flu,202628,2026-07-18
ca,202628,81.0,Flu,202628,2026-07-18
co,202628,1.0,Flu,202628,2026-07-18
ct,202628,3.0,Flu,202628,2026-07-18
dc,202628,1.0,Flu,202628,2026-07-18
de,202628,1.0,Flu,202628,2026-07-18
fl,202628,114.0,Flu,202628,2026-07-18
ga,202628,12.0,Flu,202628,2026-07-18
gu,202628,1.0,Flu,202628,2026-07-18
hi,202628,5.0,Flu,202628,2026-07-18
ia,202628,0.0,Flu,202628,2026-07-18
id,202628,3.0,Flu,202628,2026-07-18
il,202628,14.0,Flu,202628,2026-07-18
in,202628,4.0,Flu,202628,2026-07-18
ks,202628,2.0,Flu,202628,2026-07-18
ky,202628,12.0,Flu,202628,2026-07-18
la,202628,25.0,Flu,202628,2026-07-18
ma,202628,0.0,Flu,202628,2026-07-18
md,202628,7.0,Flu,202628,2026-07-18
me,202628,0.0,Flu,202628,2026-07-18
mi,202628,10.0,Flu,202628,2026-07-18
mn,202628,3.0,Flu,202628,2026-07-18
mo,202628,7.0,Flu,202628,2026-07-18
mp,202628,0.0,Flu,202628,2026-07-18
ms,202628,6.0,Flu,202628,2026-07-18
mt,202628,0.0,Flu,202628,2026-07-18
nc,202628,10.0,Flu,202628,2026-07-18
nd,202628,2.0,Flu,202628,2026-07-18
ne,202628,1.0,Flu,202628,2026-07-18
nh,202628,1.0,Flu,202628,2026-07-18
nj,202628,11.0,Flu,202628,2026-07-18
nm,202628,0.0,Flu,202628,2026-07-18
nv,202628,10.0,Flu,202628,2026-07-18
ny,202628,11.0,Flu,202628,2026-07-18
oh,202628,8.0,Flu,202628,2026-07-18
ok,202628,9.0,Flu,202628,2026-07-18
or,202628,3.0,Flu,202628,2026-07-18
pa,202628,128.0,Flu,202628,2026-07-18
pr,202628,24.0,Flu,202628,2026-07-18
ri,202628,0.0,Flu,202628,2026-07-18
sc,202628,2.0,Flu,202628,2026-07-18
sd,202628,2.0,Flu,202628,2026-07-18
tn,202628,21.0,Flu,202628,2026-07-18
tx,202628,61.0,Flu,202628,2026-07-18
ut,202628,3.0,Flu,202628,2026-07-18
va,202628,13.0,Flu,202628,2026-07-18
vi,202628,0.0,Flu,202628,2026-07-18
vt,202628,1.0,Flu,202628,2026-07-18
wa,202628,2.0,Flu,202628,2026-07-18
wi,202628,2.0,Flu,202628,2026-07-18
wv,202628,1.0,Flu,202628,2026-07-18
wy,202628,0.0,Flu,202628,2026-07-18
ak,202629,0.0,Flu,202629,2026-07-25
al,202629,6.0,Flu,202629,2026-07-25
ar,202629,0.0,Flu,202629,2026-07-25
as,202629,,Flu,202629,2026-07-25
az,202629,13.0,Flu,202629,2026-07-25
ca,202629,79.0,Flu,202629,2026-07-25
co,202629,7.0,Flu,202629,2026-07-25
ct,202629,2.0,Flu,202629,2026-07-25
dc,202629,0.0,Flu,202629,2026-07-25
de,202629,2.0,Flu,202629,2026-07-25
fl,202629,98.0,Flu,202629,2026-07-25
ga,202629,11.0,Flu,202629,2026-07-25
gu,202629,0.0,Flu,202629,2026-07-25
hi,202629,1.0,Flu,202629,2026-07-25
ia,202629,0.0,Flu,202629,2026-07-25
id,202629,1.0,Flu,202629,2026-07-25
il,202629,16.0,Flu,202629,2026-07-25
in,202629,8.0,Flu,202629,2026-07-25
ks,202629,1.0,Flu,202629,2026-07-25
ky,202629,11.0,Flu,202629,2026-07-25
la,202629,80.0,Flu,202629,2026-07-25
ma,202629,3.0,Flu,202629,2026-07-25
md,202629,6.0,Flu,202629,2026-07-25
me,202629,1.0,Flu,202629,2026-07-25
mi,202629,10.0,Flu,202629,2026-07-25
mn,202629,2.0,Flu,202629,2026-07-25
mo,202629,6.0,Flu,202629,2026-07-25
mp,202629,0.0,Flu,202629,2026-07-25
ms,202629,8.0,Flu,202629,2026-07-25
mt,202629,0.0,Flu,202629,2026-07-25
nc,202629,6.0,Flu,202629,2026-07-25
nd,202629,2.0,Flu,202629,2026-07-25
ne,202629,2.0,Flu,202629,2026-07-25
nh,202629,1.0,Flu,202629,2026-07-25
nj,202629,17.0,Flu,202629,2026-07-25
nm,202629,2.0,Flu,202629,2026-07-25
nv,202629,8.0,Flu,202629,2026-07-25
ny,202629,11.0,Flu,202629,2026-07-25
oh,202629,5.0,Flu,202629,2026-07-25
ok,202629,5.0,Flu,202629,2026-07-25
or,202629,4.0,Flu,202629,2026-07-25
pa,202629,121.0,Flu,202629,2026-07-25
pr,202629,25.0,Flu,202629,2026-07-25
ri,202629,0.0,Flu,202629,2026-07-25
sc,202629,7.0,Flu,202629,2026-07-25
sd,202629,1.0,Flu,202629,2026-07-25
tn,202629,19.0,Flu,202629,2026-07-25
tx,202629,61.0,Flu,202629,2026-07-25
ut,202629,2.0,Flu,202629,2026-07-25
va,202629,15.0,Flu,202629,2026-07-25
vi,202629,0.0,Flu,202629,2026-07-25
vt,202629,0.0,Flu,202629,2026-07-25
wa,202629,6.0,Flu,202629,2026-07-25
wi,202629,3.0,Flu,202629,2026-07-25
wv,202629,0.0,Flu,202629,2026-07-25
wy,202629,1.0,Flu,202629,2026-07-25
ak,202630,2.0,Flu,202630,2026-08-01
al,202630,7.0,Flu,202630,2026-08-01
ar,202630,1.0,Flu,202630,2026-08-01
as,202630,,Flu,202630,2026-08-01
az,202630,6.0,Flu,202630,2026-08-01
ca,202630,79.0,Flu,202630,2026-08-01
co,202630,2.0,Flu,202630,2026-08-01
ct,202630,2.0,Flu,202630,2026-08-01
dc,202630,0.0,Flu,202630,2026-08-01
de,202630,3.0,Flu,202630,2026-08-01
fl,202630,139.0,Flu,202630,2026-08-01
ga,202630,6.0,Flu,202630,2026-08-01
gu,202630,0.0,Flu,202630,2026-08-01
hi,202630,8.0,Flu,202630,2026-08-01
ia,202630,0.0,Flu,202630,2026-08-01
id,202630,0.0,Flu,202630,2026-08-01
il,202630,3.0,Flu,202630,2026-08-01
in,202630,5.0,Flu,202630,2026-08-01
ks,202630,1.0,Flu,202630,2026-08-01
ky,202630,3.0,Flu,202630,2026-08-01
la,202630,13.0,Flu,202630,2026-08-01
ma,202630,1.0,Flu,202630,2026-08-01
md,202630,3.0,Flu,202630,2026-08-01
me,202630,0.0,Flu,202630,2026-08-01
mi,202630,7.0,Flu,202630,2026-08-01
mn,202630,2.0,Flu,202630,2026-08-01
mo,202630,11.0,Flu,202630,2026-08-01
mp,202630,0.0,Flu,202630,2026-08-01
ms,202630,4.0,Flu,202630,2026-08-01
mt,202630,0.0,Flu,202630,2026-08-01
nc,202630,12.0,Flu,202630,2026-08-01
nd,202630,2.0,Flu,202630,2026-08-01
ne,202630,0.0,Flu,202630,2026-08-01
nh,202630,3.0,Flu,202630,2026-08-01
nj,202630,12.0,Flu,202630,2026-08-01
nm,202630,1.0,Flu,202630,2026-08-01
nv,202630,12.0,Flu,202630,2026-08-01
ny,202630,21.0,Flu,202630,2026-08-01
oh,202630,13.0,Flu,202630,2026-08-01
ok,202630,14.0,Flu,202630,2026-08-01
or,202630,2.0,Flu,202630,2026-08-01
pa,202630,117.0,Flu,202630,2026-08-01
pr,202630,33.0,Flu,202630,2026-08-01
ri,202630,0.0,Flu,202630,2026-08-01
sc,202630,2.0,Flu,202630,2026-08-01
sd,202630,0.0,Flu,202630,2026-08-01
tn,202630,18.0,Flu,202630,2026-08-01
tx,202630,61.0,Flu,202630,2026-08-01
ut,202630,1.0,Flu,202630,2026-08-01
va,202630,12.0,Flu,202630,2026-08-01
vi,202630,0.0,Flu,202630,2026-08-01
vt,202630,0.0,Flu,202630,2026-08-01
wa,202630,5.0,Flu,202630,2026-08-01
wi,202630,3.0,Flu,202630,2026-08-01
wv,202630,4.0,Flu,202630,2026-08-01
wy,202630,0.0,Flu,202630,2026-08-01
ak,202631,1.0,Flu,202631,2026-08-08
al,202631,15.0,Flu,202631,2026-08-08
ar,202631,1.0,Flu,202631,2026-08-08
as,202631,,Flu,202631,2026-08-08
az,202631,7.0,Flu,202631,2026-08-08
ca,202631,50.0,Flu,202631,2026-08-08
co,202631,3.0,Flu,202631,2026-08-08
ct,202631,1.0,Flu,202631,2026-08-08
dc,202631,0.0,Flu,202631,2026-08-08
de,202631,0.0,Flu,202631,2026-08-08
fl,202631,95.0,Flu,202631,2026-08-08
ga,202631,10.0,Flu,202631,2026-08-08
gu,202631,0.0,Flu,202631,2026-08-08
hi,202631,2.0,Flu,202631,2026-08-08
ia,202631,2.0,Flu,202631,2026-08-08
id,202631,6.0,Flu,202631,2026-08-08
il,202631,11.0,Flu,202631,2026-08-08
in,202631,8.0,Flu,202631,2026-08-08
ks,202631,2.0,Flu,202631,2026-08-08
ky,202631,8.0,Flu,202631,2026-08-08
la,202631,19.0,Flu,202631,2026-08-08
ma,202631,2.0,Flu,202631,2026-08-08
md,202631,6.0,Flu,202631,2026-08-08
me,202631,0.0,Flu,202631,2026-08-08
mi,202631,11.0,Flu,202631,2026-08-08
mn,202631,0.0,Flu,202631,2026-08-08
mo,202631,10.0,Flu,202631,2026-08-08
mp,202631,0.0,Flu,202631,2026-08-08
ms,202631,10.0,Flu,202631,2026-08-08
mt,202631,0.0,Flu,202631,2026-08-08
nc,202631,9.0,Flu,202631,2026-08-08
nd,202631,3.0,Flu,202631,2026-08-08
ne,202631,1.0,Flu,202631,2026-08-08
nh,202631,3.0,Flu,202631,2026-08-08
nj,202631,20.0,Flu,202631,2026-08-08
nm,202631,1.0,Flu,202631,2026-08-08
nv,202631,12.0,Flu,202631,2026-08-08
ny,202631,12.0,Flu,202631,2026-08-08
oh,202631,7.0,Flu,202631,2026-08-08
ok,202631,9.0,Flu,202631,2026-08-08
or,202631,2.0,Flu,202631,2026-08-08
pa,202631,130.0,Flu,202631,2026-08-08
pr,202631,21.0,Flu,202631,2026-08-08
ri,202631,1.0,Flu,202631,2026-08-08
sc,202631,5.0,Flu,202631,2026-08-08
sd,202631,2.0,Flu,202631,2026-08-08
tn,202631,19.0,Flu,202631,2026-08-08
tx,202631,70.0,Flu,202631,2026-08-08
ut,202631,6.0,Flu,202631,2026-08-08
va,202631,9.0,Flu,202631,2026-08-08
vi,202631,0.0,Flu,202631,2026-08-08
vt,202631,0.0,Flu,202631,2026-08-08
wa,202631,7.0,Flu,202631,2026-08-08
wi,202631,1.0,Flu,202631,2026-08-08
wv,202631,2.0,Flu,202631,2026-08-08
wy,202631,0.0,Flu,202631,2026-08-08
ak,202632,4.0,Flu,202632,2026-08-15
al,202632,12.0,Flu,202632,2026-08-15
ar,202632,0.0,Flu,202632,2026-08-15
as,202632,,Flu,202632,2026-08-15
az,202632,5.0,Flu,202632,2026-08-15
ca,202632,69.0,Flu,202632,2026-08-15
co,202632,5.0,Flu,202632,2026-08-15
ct,202632,3.0,Flu,202632,2026-08-15
dc,202632,0.0,Flu,202632,2026-08-15
de,202632,2.0,Flu,202632,2026-08-15
fl,202632,115.0,Flu,202632,2026-08-15
ga,202632,14.0,Flu,202632,2026-08-15
gu,202632,3.0,Flu,202632,2026-08-15
hi,202632,2.0,Flu,202632,2026-08-15
ia,202632,3.0,Flu,202632,2026-08-15
id,202632,3.0,Flu,202632,2026-08-15
il,202632,28.0,Flu,202632,2026-08-15
in,202632,9.0,Flu,202632,2026-08-15
ks,202632,4.0,Flu,202632,2026-08-15
ky,202632,8.0,Flu,202632,2026-08-15
la,202632,12.0,Flu,202632,2026-08-15
ma,202632,1.0,Flu,202632,2026-08-15
md,202632,7.0,Flu,202632,2026-08-15
me,202632,0.0,Flu,202632,2026-08-15
mi,202632,5.0,Flu,202632,2026-08-15
mn,202632,3.0,Flu,202632,2026-08-15
mo,202632,10.0,Flu,202632,2026-08-15
mp,202632,0.0,Flu,202632,2026-08-15
ms,202632,8.0,Flu,202632,2026-08-15
mt,202632,1.0,Flu,202632,2026-08-15
nc,202632,4.0,Flu,202632,2026-08-15
nd,202632,2.0,Flu,202632,2026-08-15
ne,202632,0.0,Flu,202632,2026-08-15
nh,202632,2.0,Flu,202632,2026-08-15
nj,202632,14.0,Flu,202632,2026-08-15
nm,202632,1.0,Flu,202632,2026-08-15
nv,202632,10.0,Flu,202632,2026-08-15
ny,202632,26.0,Flu,202632,2026-08-15
oh,202632,9.0,Flu,202632,2026-08-15
ok,202632,8.0,Flu,202632,2026-08-15
or,202632,3.0,Flu,202632,2026-08-15
pa,202632,140.0,Flu,202632,2026-08-15
pr,202632,22.0,Flu,202632,2026-08-15
ri,202632,1.0,Flu,202632,2026-08-15
sc,202632,1.0,Flu,202632,2026-08-15
sd,202632,4.0,Flu,202632,2026-08-15
tn,202632,17.0,Flu,202632,2026-08-15
tx,202632,62.0,Flu,202632,2026-08-15
ut,202632,3.0,Flu,202632,2026-08-15
va,202632,9.0,Flu,202632,2026-08-15
vi,202632,0.0,Flu,202632,2026-08-15
vt,202632,2.0,Flu,202632,2026-08-15
wa,202632,10.0,Flu,202632,2026-08-15
wi,202632,4.0,Flu,202632,2026-08-15
wv,202632,2.0,Flu,202632,2026-08-15
wy,202632,3.0,Flu,202632,2026-08-15
ak,202633,3.0,Flu,202633,2026-08-22
al,202633,11.0,Flu,202633,2026-08-22
ar,202633,4.0,Flu,202633,2026-08-22
as,202633,,Flu,202633,2026-08-22
az,202633,6.0,Flu,202633,2026-08-22
ca,202633,85.0,Flu,202633,2026-08-22
co,202633,4.0,Flu,202633,2026-08-22
ct,202633,7.0,Flu,202633,2026-08-22
dc,202633,0.0,Flu,202633,2026-08-22
de,202633,1.0,Flu,202633,2026-08-22
fl,202633,123.0,Flu,202633,2026-08-22
ga,202633,11.0,Flu,202633,2026-08-22
gu,202633,1.0,Flu,202633,2026-08-22
hi,202633,5.0,Flu,202633,2026-08-22
ia,202633,2.0,Flu,202633,2026-08-22
id,202633,0.0,Flu,202633,2026-08-22
il,202633,10.0,Flu,202633,2026-08-22
in,202633,10.0,Flu,202633,2026-08-22
ks,202633,4.0,Flu,202633,2026-08-22
ky,202633,7.0,Flu,202633,2026-08-22
la,202633,9.0,Flu,202633,2026-08-22
ma,202633,4.0,Flu,202633,2026-08-22
md,202633,4.0,Flu,202633,2026-08-22
me,202633,0.0,Flu,202633,2026-08-22
mi,202633,77.0,Flu,202633,2026-08-22
mn,202633,3.0,Flu,202633,2026-08-22
mo,202633,4.0,Flu,202633,2026-08-22
mp,202633,0.0,Flu,202633,2026-08-22
ms,202633,16.0,Flu,202633,2026-08-22
mt,202633,2.0,Flu,202633,2026-08-22
nc,202633,13.0,Flu,202633,2026-08-22
nd,202633,1.0,Flu,202633,2026-08-22
ne,202633,2.0,Flu,202633,2026-08-22
nh,202633,0.0,Flu,202633,2026-08-22
nj,202633,27.0,Flu,202633,2026-08-22
nm,202633,3.0,Flu,202633,2026-08-22
nv,202633,9.0,Flu,202633,2026-08-22
ny,202633,15.0,Flu,202633,2026-08-22
oh,202633,13.0,Flu,202633,2026-08-22
ok,202633,3.0,Flu,202633,2026-08-22
or,202633,4.0,Flu,202633,2026-08-22
pa,202633,140.0,Flu,202633,2026-08-22
pr,202633,47.0,Flu,202633,2026-08-22
ri,202633,0.0,Flu,202633,2026-08-22
sc,202633,6.0,Flu,202633,2026-08-22
sd,202633,2.0,Flu,202633,2026-08-22
tn,202633,20.0,Flu,202633,2026-08-22
tx,202633,102.0,Flu,202633,2026-08-22
ut,202633,4.0,Flu,202633,2026-08-22
va,202633,21.0,Flu,202633,2026-08-22
vi,202633,0.0,Flu,202633,2026-08-22
vt,202633,1.0,Flu,202633,2026-08-22
wa,202633,14.0,Flu,202633,2026-08-22
wi,202633,8.0,Flu,202633,2026-08-22
wv,202633,2.0,Flu,202633,2026-08-22
wy,202633,2.0,Flu,202633,2026-08-22
ak,202634,7.0,Flu,202634,2026-08-29
al,202634,20.0,Flu,202634,2026-08-29
ar,202634,1.0,Flu,202634,2026-08-29
as,202634,,Flu,202634,2026-08-29
az,202634,15.0,Flu,202634,2026-08-29
ca,202634,117.0,Flu,202634,2026-08-29
co,202634,3.0,Flu,202634,2026-08-29
ct,202634,4.0,Flu,202634,2026-08-29
dc,202634,1.0,Flu,202634,2026-08-29
de,202634,1.0,Flu,202634,2026-08-29
fl,202634,105.0,Flu,202634,2026-08-29
ga,202634,18.0,Flu,202634,2026-08-29
gu,202634,1.0,Flu,202634,2026-08-29
hi,202634,6.0,Flu,202634,2026-08-29
ia,202634,6.0,Flu,202634,2026-08-29
id,202634,4.0,Flu,202634,2026-08-29
il,202634,13.0,Flu,202634,2026-08-29
in,202634,2.0,Flu,202634,2026-08-29
ks,202634,6.0,Flu,202634,2026-08-29
ky,202634,10.0,Flu,202634,2026-08-29
la,202634,21.0,Flu,202634,2026-08-29
ma,202634,4.0,Flu,202634,2026-08-29
md,202634,7.0,Flu,202634,2026-08-29
me,202634,1.0,Flu,202634,2026-08-29
mi,202634,13.0,Flu,202634,2026-08-29
mn,202634,7.0,Flu,202634,2026-08-29
mo,202634,31.0,Flu,202634,2026-08-29
mp,202634,1.0,Flu,202634,2026-08-29
ms,202634,11.0,Flu,202634,2026-08-29
mt,202634,4.0,Flu,202634,2026-08-29
nc,202634,12.0,Flu,202634,2026-08-29
nd,202634,0.0,Flu,202634,2026-08-29
ne,202634,0.0,Flu,202634,2026-08-29
nh,202634,2.0,Flu,202634,2026-08-29
nj,202634,22.0,Flu,202634,2026-08-29
nm,202634,3.0,Flu,202634,2026-08-29
nv,202634,13.0,Flu,202634,2026-08-29
ny,202634,26.0,Flu,202634,2026-08-29
oh,202634,16.0,Flu,202634,2026-08-29
ok,202634,8.0,Flu,202634,2026-08-29
or,202634,1.0,Flu,202634,2026-08-29
pa,202634,137.0,Flu,202634,2026-08-29
pr,202634,43.0,Flu,202634,2026-08-29
ri,202634,1.0,Flu,202634,2026-08-29
sc,202634,8.0,Flu,202634,2026-08-29
sd,202634,2.0,Flu,202634,2026-08-29
tn,202634,31.0,Flu,202634,2026-08-29
tx,202634,92.0,Flu,202634,2026-08-29
ut,202634,7.0,Flu,202634,2026-08-29
va,202634,15.0,Flu,202634,2026-08-29
vi,202634,0.0,Flu,202634,2026-08-29
vt,202634,1.0,Flu,202634,2026-08-29
wa,202634,22.0,Flu,202634,2026-08-29
wi,202634,12.0,Flu,202634,2026-08-29
wv,202634,1.0,Flu,202634,2026-08-29
wy,202634,0.0,Flu,202634,2026-08-29
ak,202635,19.0,Flu,202635,2026-09-05
al,202635,18.0,Flu,202635,2026-09-05
ar,202635,6.0,Flu,202635,2026-09-05
as,202635,,Flu,202635,2026-09-05
az,202635,15.0,Flu,202635,2026-09-05
ca,202635,145.0,Flu,202635,2026-09-05
co,202635,10.0,Flu,202635,2026-09-05
ct,202635,4.0,Flu,202635,2026-09-05
dc,202635,3.0,Flu,202635,2026-09-05
de,202635,1.0,Flu,202635,2026-09-05
fl,202635,144.0,Flu,202635,2026-09-05
ga,202635,22.0,Flu,202635,2026-09-05
gu,202635,0.0,Flu,202635,2026-09-05
hi,202635,3.0,Flu,202635,2026-09-05
ia,202635,0.0,Flu,202635,2026-09-05
id,202635,7.0,Flu,202635,2026-09-05
il,202635,108.0,Flu,202635,2026-09-05
in,202635,7.0,Flu,202635,2026-09-05
ks,202635,4.0,Flu,202635,2026-09-05
ky,202635,9.0,Flu,202635,2026-09-05
la,202635,25.0,Flu,202635,2026-09-05
ma,202635,5.0,Flu,202635,2026-09-05
md,202635,10.0,Flu,202635,2026-09-05
me,202635,1.0,Flu,202635,2026-09-05
mi,202635,25.0,Flu,202635,2026-09-05
mn,202635,10.0,Flu,202635,2026-09-05
mo,202635,12.0,Flu,202635,2026-09-05
mp,202635,0.0,Flu,202635,2026-09-05
ms,202635,19.0,Flu,202635,2026-09-05
mt,202635,4.0,Flu,202635,2026-09-05
nc,202635,18.0,Flu,202635,2026-09-05
nd,202635,3.0,Flu,202635,2026-09-05
ne,202635,0.0,Flu,202635,2026-09-05
nh,202635,0.0,Flu,202635,2026-09-05
nj,202635,19.0,Flu,202635,2026-09-05
nm,202635,1.0,Flu,202635,2026-09-05
nv,202635,11.0,Flu,202635,2026-09-05
ny,202635,38.0,Flu,202635,2026-09-05
oh,202635,16.0,Flu,202635,2026-09-05
ok,202635,7.0,Flu,202635,2026-09-05
or,202635,8.0,Flu,202635,2026-09-05
pa,202635,135.0,Flu,202635,2026-09-05
pr,202635,51.0,Flu,202635,2026-09-05
ri,202635,2.0,Flu,202635,2026-09-05
sc,202635,6.0,Flu,202635,2026-09-05
sd,202635,2.0,Flu,202635,2026-09-05
tn,202635,31.0,Flu,202635,2026-09-05
tx,202635,147.0,Flu,202635,2026-09-05
ut,202635,11.0,Flu,202635,2026-09-05
va,202635,16.0,Flu,202635,2026-09-05
vi,202635,0.0,Flu,202635,2026-09-05
vt,202635,0.0,Flu,202635,2026-09-05
wa,202635,44.0,Flu,202635,2026-09-05
wi,202635,26.0,Flu,202635,2026-09-05
wv,202635,1.0,Flu,202635,2026-09-05
wy,202635,0.0,Flu,202635,2026-09-05
ak,202636,21.0,Flu,202636,2026-09-12
al,202636,23.0,Flu,202636,2026-09-12
ar,202636,4.0,Flu,202636,2026-09-12
as,202636,,Flu,202636,2026-09-12
az,202636,19.0,Flu,202636,2026-09-12
ca,202636,213.0,Flu,202636,2026-09-12
co,202636,11.0,Flu,202636,2026-09-12
ct,202636,3.0,Flu,202636,2026-09-12
dc,202636,2.0,Flu,202636,2026-09-12
de,202636,0.0,Flu,202636,2026-09-12
fl,202636,195.0,Flu,202636,2026-09-12
ga,202636,27.0,Flu,202636,2026-09-12
gu,202636,6.0,Flu,202636,2026-09-12
hi,202636,10.0,Flu,202636,2026-09-12
ia,202636,1.0,Flu,202636,2026-09-12
id,202636,7.0,Flu,202636,2026-09-12
il,202636,36.0,Flu,202636,2026-09-12
in,202636,15.0,Flu,202636,2026-09-12
ks,202636,5.0,Flu,202636,2026-09-12
ky,202636,18.0,Flu,202636,2026-09-12
la,202636,32.0,Flu,202636,2026-09-12
ma,202636,8.0,Flu,202636,2026-09-12
md,202636,8.0,Flu,202636,2026-09-12
me,202636,3.0,Flu,202636,2026-09-12
mi,202636,24.0,Flu,202636,2026-09-12
mn,202636,15.0,Flu,202636,2026-09-12
mo,202636,24.0,Flu,202636,2026-09-12
mp,202636,1.0,Flu,202636,2026-09-12
ms,202636,6.0,Flu,202636,2026-09-12
mt,202636,18.0,Flu,202636,2026-09-12
nc,202636,15.0,Flu,202636,2026-09-12
nd,202636,3.0,Flu,202636,2026-09-12
ne,202636,2.0,Flu,202636,2026-09-12
nh,202636,1.0,Flu,202636,2026-09-12
nj,202636,40.0,Flu,202636,2026-09-12
nm,202636,4.0,Flu,202636,2026-09-12
nv,202636,12.0,Flu,202636,2026-09-12
ny,202636,43.0,Flu,202636,2026-09-12
oh,202636,16.0,Flu,202636,2026-09-12
ok,202636,18.0,Flu,202636,2026-09-12
or,202636,8.0,Flu,202636,2026-09-12
pa,202636,130.0,Flu,202636,2026-09-12
pr,202636,64.0,Flu,202636,2026-09-12
ri,202636,3.0,Flu,202636,2026-09-12
sc,202636,11.0,Flu,202636,2026-09-12
sd,202636,3.0,Flu,202636,2026-09-12
tn,202636,39.0,Flu,202636,2026-09-12
tx,202636,181.0,Flu,202636,2026-09-12
ut,202636,19.0,Flu,202636,2026-09-12
va,202636,28.0,Flu,202636,2026-09-12
vi,202636,0.0,Flu,202636,2026-09-12
vt,202636,1.0,Flu,202636,2026-09-12
wa,202636,61.0,Flu,202636,2026-09-12
wi,202636,26.0,Flu,202636,2026-09-12
wv,202636,3.0,Flu,202636,2026-09-12
wy,202636,0.0,Flu,202636,2026-09-12
ak,202440,,RSV,202440,2024-10-05
al,202440,0.0,RSV,202440,2024-10-05
ar,202440,0.0,RSV,202440,2024-10-05
as,202440,,RSV,202440,2024-10-05
az,202440,1.0,RSV,202440,2024-10-05
ca,202440,0.0,RSV,202440,2024-10-05
co,202440,0.0,RSV,202440,2024-10-05
ct,202440,,RSV,202440,2024-10-05
dc,202440,0.0,RSV,202440,2024-10-05
de,202440,0.0,RSV,202440,2024-10-05
fl,202440,0.0,RSV,202440,2024-10-05
ga,202440,0.0,RSV,202440,2024-10-05
gu,202440,,RSV,202440,2024-10-05
hi,202440,0.0,RSV,202440,2024-10-05
ia,202440,0.0,RSV,202440,2024-10-05
id,202440,0.0,RSV,202440,2024-10-05
il,202440,0.0,RSV,202440,2024-10-05
in,202440,0.0,RSV,202440,2024-10-05
ks,202440,0.0,RSV,202440,2024-10-05
ky,202440,0.0,RSV,202440,2024-10-05
la,202440,0.0,RSV,202440,2024-10-05
ma,202440,,RSV,202440,2024-10-05
md,202440,0.0,RSV,202440,2024-10-05
me,202440,,RSV,202440,2024-10-05
mi,202440,0.0,RSV,202440,2024-10-05
mn,202440,,RSV,202440,2024-10-05
mo,202440,0.0,RSV,202440,2024-10-05
mp,202440,,RSV,202440,2024-10-05
ms,202440,0.0,RSV,202440,2024-10-05
mt,202440,0.0,RSV,202440,2024-10-05
nc,202440,,RSV,202440,2024-10-05
nd,202440,0.0,RSV,202440,2024-10-05
ne,202440,0.0,RSV,202440,2024-10-05
nh,202440,,RSV,202440,2024-10-05
nj,202440,,RSV,202440,2024-10-05
nm,202440,,RSV,202440,2024-10-05
nv,202440,0.0,RSV,202440,2024-10-05
ny,202440,0.0,RSV,202440,2024-10-05
oh,202440,0.0,RSV,202440,2024-10-05
ok,202440,0.0,RSV,202440,2024-10-05
or,202440,,RSV,202440,2024-10-05
pa,202440,2.0,RSV,202440,2024-10-05
pr,202440,0.0,RSV,202440,2024-10-05
ri,202440,,RSV,202440,2024-10-05
sc,202440,0.0,RSV,202440,2024-10-05
sd,202440,0.0,RSV,202440,2024-10-05
tn,202440,0.0,RSV,202440,2024-10-05
tx,202440,0.0,RSV,202440,2024-10-05
ut,202440,0.0,RSV,202440,2024-10-05
va,202440,0.0,RSV,202440,2024-10-05
vi,202440,,RSV,202440,2024-10-05
vt,202440,,RSV,202440,2024-10-05
wa,202440,3.0,RSV,202440,2024-10-05
wi,202440,0.0,RSV,202440,2024-10-05
wv,202440,,RSV,202440,2024-10-05
wy,202440,0.0,RSV,202440,2024-10-05
ak,202441,1.0,RSV,202441,2024-10-12
al,202441,3.0,RSV,202441,2024-10-12
ar,202441,0.0,RSV,202441,2024-10-12
as,202441,,RSV,202441,2024-10-12
az,202441,0.0,RSV,202441,2024-10-12
ca,202441,3.0,RSV,202441,2024-10-12
co,202441,1.0,RSV,202441,2024-10-12
ct,202441,0.0,RSV,202441,2024-10-12
dc,202441,0.0,RSV,202441,2024-10-12
de,202441,0.0,RSV,202441,2024-10-12
fl,202441,13.0,RSV,202441,2024-10-12
ga,202441,4.0,RSV,202441,2024-10-12
gu,202441,,RSV,202441,2024-10-12
hi,202441,0.0,RSV,202441,2024-10-12
ia,202441,0.0,RSV,202441,2024-10-12
id,202441,0.0,RSV,202441,2024-10-12
il,202441,2.0,RSV,202441,2024-10-12
in,202441,0.0,RSV,202441,2024-10-12
ks,202441,0.0,RSV,202441,2024-10-12
ky,202441,0.0,RSV,202441,2024-10-12
la,202441,21.0,RSV,202441,2024-10-12
ma,202441,0.0,RSV,202441,2024-10-12
md,202441,1.0,RSV,202441,2024-10-12
me,202441,0.0,RSV,202441,2024-10-12
mi,202441,10.0,RSV,202441,2024-10-12
mn,202441,0.0,RSV,202441,2024-10-12
mo,202441,0.0,RSV,202441,2024-10-12
mp,202441,,RSV,202441,2024-10-12
ms,202441,0.0,RSV,202441,2024-10-12
mt,202441,0.0,RSV,202441,2024-10-12
nc,202441,58.0,RSV,202441,2024-10-12
nd,202441,0.0,RSV,202441,2024-10-12
ne,202441,0.0,RSV,202441,2024-10-12
nh,202441,0.0,RSV,202441,2024-10-12
nj,202441,0.0,RSV,202441,2024-10-12
nm,202441,0.0,RSV,202441,2024-10-12
nv,202441,0.0,RSV,202441,2024-10-12
ny,202441,0.0,RSV,202441,2024-10-12
oh,202441,0.0,RSV,202441,2024-10-12
ok,202441,0.0,RSV,202441,2024-10-12
or,202441,2.0,RSV,202441,2024-10-12
pa,202441,0.0,RSV,202441,2024-10-12
pr,202441,1.0,RSV,202441,2024-10-12
ri,202441,0.0,RSV,202441,2024-10-12
sc,202441,0.0,RSV,202441,2024-10-12
sd,202441,0.0,RSV,202441,2024-10-12
tn,202441,1.0,RSV,202441,2024-10-12
tx,202441,31.0,RSV,202441,2024-10-12
ut,202441,0.0,RSV,202441,2024-10-12
va,202441,4.0,RSV,202441,2024-10-12
vi,202441,,RSV,202441,2024-10-12
vt,202441,0.0,RSV,202441,2024-10-12
wa,202441,0.0,RSV,202441,2024-10-12
wi,202441,0.0,RSV,202441,2024-10-12
wv,202441,0.0,RSV,202441,2024-10-12
wy,202441,0.0,RSV,202441,2024-10-12
ak,202442,1.0,RSV,202442,2024-10-19
al,202442,1.0,RSV,202442,2024-10-19
ar,202442,0.0,RSV,202442,2024-10-19
as,202442,,RSV,202442,2024-10-19
az,202442,0.0,RSV,202442,2024-10-19
ca,202442,16.0,RSV,202442,2024-10-19
co,202442,2.0,RSV,202442,2024-10-19
ct,202442,12.0,RSV,202442,2024-10-19
dc,202442,0.0,RSV,202442,2024-10-19
de,202442,0.0,RSV,202442,2024-10-19
fl,202442,86.0,RSV,202442,2024-10-19
ga,202442,15.0,RSV,202442,2024-10-19
gu,202442,0.0,RSV,202442,2024-10-19
hi,202442,9.0,RSV,202442,2024-10-19
ia,202442,0.0,RSV,202442,2024-10-19
id,202442,0.0,RSV,202442,2024-10-19
il,202442,6.0,RSV,202442,2024-10-19
in,202442,1.0,RSV,202442,2024-10-19
ks,202442,1.0,RSV,202442,2024-10-19
ky,202442,4.0,RSV,202442,2024-10-19
la,202442,7.0,RSV,202442,2024-10-19
ma,202442,1.0,RSV,202442,2024-10-19
md,202442,2.0,RSV,202442,2024-10-19
me,202442,0.0,RSV,202442,2024-10-19
mi,202442,4.0,RSV,202442,2024-10-19
mn,202442,4.0,RSV,202442,2024-10-19
mo,202442,0.0,RSV,202442,2024-10-19
mp,202442,,RSV,202442,2024-10-19
ms,202442,6.0,RSV,202442,2024-10-19
mt,202442,0.0,RSV,202442,2024-10-19
nc,202442,43.0,RSV,202442,2024-10-19
nd,202442,0.0,RSV,202442,2024-10-19
ne,202442,1.0,RSV,202442,2024-10-19
nh,202442,0.0,RSV,202442,2024-10-19
nj,202442,0.0,RSV,202442,2024-10-19
nm,202442,1.0,RSV,202442,2024-10-19
nv,202442,0.0,RSV,202442,2024-10-19
ny,202442,1.0,RSV,202442,2024-10-19
oh,202442,17.0,RSV,202442,2024-10-19
ok,202442,0.0,RSV,202442,2024-10-19
or,202442,1.0,RSV,202442,2024-10-19
pa,202442,0.0,RSV,202442,2024-10-19
pr,202442,3.0,RSV,202442,2024-10-19
ri,202442,0.0,RSV,202442,2024-10-19
sc,202442,5.0,RSV,202442,2024-10-19
sd,202442,0.0,RSV,202442,2024-10-19
tn,202442,0.0,RSV,202442,2024-10-19
tx,202442,36.0,RSV,202442,2024-10-19
ut,202442,0.0,RSV,202442,2024-10-19
va,202442,4.0,RSV,202442,2024-10-19
vi,202442,,RSV,202442,2024-10-19
vt,202442,0.0,RSV,202442,2024-10-19
wa,202442,0.0,RSV,202442,2024-10-19
wi,202442,2.0,RSV,202442,2024-10-19
wv,202442,0.0,RSV,202442,2024-10-19
wy,202442,0.0,RSV,202442,2024-10-19
ak,202443,3.0,RSV,202443,2024-10-26
al,202443,10.0,RSV,202443,2024-10-26
ar,202443,1.0,RSV,202443,2024-10-26
as,202443,0.0,RSV,202443,2024-10-26
az,202443,0.0,RSV,202443,2024-10-26
ca,202443,43.0,RSV,202443,2024-10-26
co,202443,1.0,RSV,202443,2024-10-26
ct,202443,16.0,RSV,202443,2024-10-26
dc,202443,0.0,RSV,202443,2024-10-26
de,202443,0.0,RSV,202443,2024-10-26
fl,202443,68.0,RSV,202443,2024-10-26
ga,202443,16.0,RSV,202443,2024-10-26
gu,202443,0.0,RSV,202443,2024-10-26
hi,202443,8.0,RSV,202443,2024-10-26
ia,202443,0.0,RSV,202443,2024-10-26
id,202443,0.0,RSV,202443,2024-10-26
il,202443,16.0,RSV,202443,2024-10-26
in,202443,6.0,RSV,202443,2024-10-26
ks,202443,2.0,RSV,202443,2024-10-26
ky,202443,5.0,RSV,202443,2024-10-26
la,202443,11.0,RSV,202443,2024-10-26
ma,202443,0.0,RSV,202443,2024-10-26
md,202443,3.0,RSV,202443,2024-10-26
me,202443,0.0,RSV,202443,2024-10-26
mi,202443,2.0,RSV,202443,2024-10-26
mn,202443,2.0,RSV,202443,2024-10-26
mo,202443,2.0,RSV,202443,2024-10-26
mp,202443,,RSV,202443,2024-10-26
ms,202443,3.0,RSV,202443,2024-10-26
mt,202443,0.0,RSV,202443,2024-10-26
nc,202443,44.0,RSV,202443,2024-10-26
nd,202443,0.0,RSV,202443,2024-10-26
ne,202443,0.0,RSV,202443,2024-10-26
nh,202443,0.0,RSV,202443,2024-10-26
nj,202443,5.0,RSV,202443,2024-10-26
nm,202443,1.0,RSV,202443,2024-10-26
nv,202443,0.0,RSV,202443,2024-10-26
ny,202443,16.0,RSV,202443,2024-10-26
oh,202443,36.0,RSV,202443,2024-10-26
ok,202443,0.0,RSV,202443,2024-10-26
or,202443,1.0,RSV,202443,2024-10-26
pa,202443,31.0,RSV,202443,2024-10-26
pr,202443,2.0,RSV,202443,2024-10-26
ri,202443,0.0,RSV,202443,2024-10-26
sc,202443,10.0,RSV,202443,2024-10-26
sd,202443,1.0,RSV,202443,2024-10-26
tn,202443,2.0,RSV,202443,2024-10-26
tx,202443,83.0,RSV,202443,2024-10-26
ut,202443,2.0,RSV,202443,2024-10-26
va,202443,26.0,RSV,202443,2024-10-26
vi,202443,0.0,RSV,202443,2024-10-26
vt,202443,0.0,RSV,202443,2024-10-26
wa,202443,2.0,RSV,202443,2024-10-26
wi,202443,2.0,RSV,202443,2024-10-26
wv,202443,0.0,RSV,202443,2024-10-26
wy,202443,0.0,RSV,202443,2024-10-26
ak,202444,4.0,RSV,202444,2024-11-02
al,202444,15.0,RSV,202444,2024-11-02
ar,202444,2.0,RSV,202444,2024-11-02
as,202444,0.0,RSV,202444,2024-11-02
az,202444,0.0,RSV,202444,2024-11-02
ca,202444,52.0,RSV,202444,2024-11-02
co,202444,4.0,RSV,202444,2024-11-02
ct,202444,12.0,RSV,202444,2024-11-02
dc,202444,0.0,RSV,202444,2024-11-02
de,202444,0.0,RSV,202444,2024-11-02
fl,202444,146.0,RSV,202444,2024-11-02
ga,202444,24.0,RSV,202444,2024-11-02
gu,202444,0.0,RSV,202444,2024-11-02
hi,202444,13.0,RSV,202444,2024-11-02
ia,202444,1.0,RSV,202444,2024-11-02
id,202444,1.0,RSV,202444,2024-11-02
il,202444,31.0,RSV,202444,2024-11-02
in,202444,7.0,RSV,202444,2024-11-02
ks,202444,2.0,RSV,202444,2024-11-02
ky,202444,8.0,RSV,202444,2024-11-02
la,202444,31.0,RSV,202444,2024-11-02
ma,202444,0.0,RSV,202444,2024-11-02
md,202444,17.0,RSV,202444,2024-11-02
me,202444,0.0,RSV,202444,2024-11-02
mi,202444,9.0,RSV,202444,2024-11-02
mn,202444,7.0,RSV,202444,2024-11-02
mo,202444,8.0,RSV,202444,2024-11-02
mp,202444,,RSV,202444,2024-11-02
ms,202444,9.0,RSV,202444,2024-11-02
mt,202444,0.0,RSV,202444,2024-11-02
nc,202444,6.0,RSV,202444,2024-11-02
nd,202444,0.0,RSV,202444,2024-11-02
ne,202444,0.0,RSV,202444,2024-11-02
nh,202444,1.0,RSV,202444,2024-11-02
nj,202444,96.0,RSV,202444,2024-11-02
nm,202444,3.0,RSV,202444,2024-11-02
nv,202444,6.0,RSV,202444,2024-11-02
ny,202444,45.0,RSV,202444,2024-11-02
oh,202444,52.0,RSV,202444,2024-11-02
ok,202444,1.0,RSV,202444,2024-11-02
or,202444,3.0,RSV,202444,2024-11-02
pa,202444,85.0,RSV,202444,2024-11-02
pr,202444,6.0,RSV,202444,2024-11-02
ri,202444,1.0,RSV,202444,2024-11-02
sc,202444,32.0,RSV,202444,2024-11-02
sd,202444,0.0,RSV,202444,2024-11-02
tn,202444,20.0,RSV,202444,2024-11-02
tx,202444,185.0,RSV,202444,2024-11-02
ut,202444,5.0,RSV,202444,2024-11-02
va,202444,26.0,RSV,202444,2024-11-02
vi,202444,0.0,RSV,202444,2024-11-02
vt,202444,0.0,RSV,202444,2024-11-02
wa,202444,0.0,RSV,202444,2024-11-02
wi,202444,0.0,RSV,202444,2024-11-02
wv,202444,0.0,RSV,202444,2024-11-02
wy,202444,2.0,RSV,202444,2024-11-02
ak,202445,5.0,RSV,202445,2024-11-09
al,202445,62.0,RSV,202445,2024-11-09
ar,202445,7.0,RSV,202445,2024-11-09
as,202445,,RSV,202445,2024-11-09
az,202445,7.0,RSV,202445,2024-11-09
ca,202445,117.0,RSV,202445,2024-11-09
co,202445,10.0,RSV,202445,2024-11-09
ct,202445,21.0,RSV,202445,2024-11-09
dc,202445,15.0,RSV,202445,2024-11-09
de,202445,23.0,RSV,202445,2024-11-09
fl,202445,426.0,RSV,202445,2024-11-09
ga,202445,175.0,RSV,202445,2024-11-09
gu,202445,2.0,RSV,202445,2024-11-09
hi,202445,15.0,RSV,202445,2024-11-09
ia,202445,5.0,RSV,202445,2024-11-09
id,202445,2.0,RSV,202445,2024-11-09
il,202445,64.0,RSV,202445,2024-11-09
in,202445,17.0,RSV,202445,2024-11-09
ks,202445,1.0,RSV,202445,2024-11-09
ky,202445,25.0,RSV,202445,2024-11-09
la,202445,50.0,RSV,202445,2024-11-09
ma,202445,29.0,RSV,202445,2024-11-09
md,202445,75.0,RSV,202445,2024-11-09
me,202445,1.0,RSV,202445,2024-11-09
mi,202445,40.0,RSV,202445,2024-11-09
mn,202445,14.0,RSV,202445,2024-11-09
mo,202445,20.0,RSV,202445,2024-11-09
mp,202445,,RSV,202445,2024-11-09
ms,202445,25.0,RSV,202445,2024-11-09
mt,202445,0.0,RSV,202445,2024-11-09
nc,202445,33.0,RSV,202445,2024-11-09
nd,202445,0.0,RSV,202445,2024-11-09
ne,202445,0.0,RSV,202445,2024-11-09
nh,202445,2.0,RSV,202445,2024-11-09
nj,202445,101.0,RSV,202445,2024-11-09
nm,202445,6.0,RSV,202445,2024-11-09
nv,202445,9.0,RSV,202445,2024-11-09
ny,202445,179.0,RSV,202445,2024-11-09
oh,202445,100.0,RSV,202445,2024-11-09
ok,202445,0.0,RSV,202445,2024-11-09
or,202445,4.0,RSV,202445,2024-11-09
pa,202445,186.0,RSV,202445,2024-11-09
pr,202445,97.0,RSV,202445,2024-11-09
ri,202445,9.0,RSV,202445,2024-11-09
sc,202445,46.0,RSV,202445,2024-11-09
sd,202445,0.0,RSV,202445,2024-11-09
tn,202445,91.0,RSV,202445,2024-11-09
tx,202445,409.0,RSV,202445,2024-11-09
ut,202445,8.0,RSV,202445,2024-11-09
va,202445,37.0,RSV,202445,2024-11-09
vi,202445,0.0,RSV,202445,2024-11-09
vt,202445,0.0,RSV,202445,2024-11-09
wa,202445,13.0,RSV,202445,2024-11-09
wi,202445,10.0,RSV,202445,2024-11-09
wv,202445,10.0,RSV,202445,2024-11-09
wy,202445,0.0,RSV,202445,2024-11-09
ak,202446,9.0,RSV,202446,2024-11-16
al,202446,81.0,RSV,202446,2024-11-16
ar,202446,21.0,RSV,202446,2024-11-16
as,202446,,RSV,202446,2024-11-16
az,202446,6.0,RSV,202446,2024-11-16
ca,202446,146.0,RSV,202446,2024-11-16
co,202446,18.0,RSV,202446,2024-11-16
ct,202446,27.0,RSV,202446,2024-11-16
dc,202446,3.0,RSV,202446,2024-11-16
de,202446,26.0,RSV,202446,2024-11-16
fl,202446,432.0,RSV,202446,2024-11-16
ga,202446,299.0,RSV,202446,2024-11-16
gu,202446,5.0,RSV,202446,2024-11-16
hi,202446,26.0,RSV,202446,2024-11-16
ia,202446,10.0,RSV,202446,2024-11-16
id,202446,1.0,RSV,202446,2024-11-16
il,202446,82.0,RSV,202446,2024-11-16
in,202446,30.0,RSV,202446,2024-11-16
ks,202446,3.0,RSV,202446,2024-11-16
ky,202446,44.0,RSV,202446,2024-11-16
la,202446,81.0,RSV,202446,2024-11-16
ma,202446,58.0,RSV,202446,2024-11-16
md,202446,67.0,RSV,202446,2024-11-16
me,202446,1.0,RSV,202446,2024-11-16
mi,202446,46.0,RSV,202446,2024-11-16
mn,202446,13.0,RSV,202446,2024-11-16
mo,202446,36.0,RSV,202446,2024-11-16
mp,202446,,RSV,202446,2024-11-16
ms,202446,46.0,RSV,202446,2024-11-16
mt,202446,0.0,RSV,202446,2024-11-16
nc,202446,62.0,RSV,202446,2024-11-16
nd,202446,0.0,RSV,202446,2024-11-16
ne,202446,2.0,RSV,202446,2024-11-16
nh,202446,4.0,RSV,202446,2024-11-16
nj,202446,159.0,RSV,202446,2024-11-16
nm,202446,7.0,RSV,202446,2024-11-16
nv,202446,12.0,RSV,202446,2024-11-16
ny,202446,265.0,RSV,202446,2024-11-16
oh,202446,132.0,RSV,202446,2024-11-16
ok,202446,6.0,RSV,202446,2024-11-16
or,202446,4.0,RSV,202446,2024-11-16
pa,202446,162.0,RSV,202446,2024-11-16
pr,202446,134.0,RSV,202446,2024-11-16
ri,202446,12.0,RSV,202446,2024-11-16
sc,202446,73.0,RSV,202446,2024-11-16
sd,202446,0.0,RSV,202446,2024-11-16
tn,202446,129.0,RSV,202446,2024-11-16
tx,202446,559.0,RSV,202446,2024-11-16
ut,202446,2.0,RSV,202446,2024-11-16
va,202446,51.0,RSV,202446,2024-11-16
vi,202446,0.0,RSV,202446,2024-11-16
vt,202446,3.0,RSV,202446,2024-11-16
wa,202446,27.0,RSV,202446,2024-11-16
wi,202446,7.0,RSV,202446,2024-11-16
wv,202446,10.0,RSV,202446,2024-11-16
wy,202446,3.0,RSV,202446,2024-11-16
ak,202447,4.0,RSV,202447,2024-11-23
al,202447,111.0,RSV,202447,2024-11-23
ar,202447,15.0,RSV,202447,2024-11-23
as,202447,0.0,RSV,202447,2024-11-23
az,202447,31.0,RSV,202447,2024-11-23
ca,202447,214.0,RSV,202447,2024-11-23
co,202447,27.0,RSV,202447,2024-11-23
ct,202447,35.0,RSV,202447,2024-11-23
dc,202447,6.0,RSV,202447,2024-11-23
de,202447,43.0,RSV,202447,2024-11-23
fl,202447,527.0,RSV,202447,2024-11-23
ga,202447,332.0,RSV,202447,2024-11-23
gu,202447,3.0,RSV,202447,2024-11-23
hi,202447,25.0,RSV,202447,2024-11-23
ia,202447,9.0,RSV,202447,2024-11-23
id,202447,3.0,RSV,202447,2024-11-23
il,202447,155.0,RSV,202447,2024-11-23
in,202447,67.0,RSV,202447,2024-11-23
ks,202447,7.0,RSV,202447,2024-11-23
ky,202447,54.0,RSV,202447,2024-11-23
la,202447,94.0,RSV,202447,2024-11-23
ma,202447,119.0,RSV,202447,2024-11-23
md,202447,101.0,RSV,202447,2024-11-23
me,202447,0.0,RSV,202447,2024-11-23
mi,202447,65.0,RSV,202447,2024-11-23
mn,202447,15.0,RSV,202447,2024-11-23
mo,202447,59.0,RSV,202447,2024-11-23
mp,202447,,RSV,202447,2024-11-23
ms,202447,67.0,RSV,202447,2024-11-23
mt,202447,0.0,RSV,202447,2024-11-23
nc,202447,79.0,RSV,202447,2024-11-23
nd,202447,1.0,RSV,202447,2024-11-23
ne,202447,2.0,RSV,202447,2024-11-23
nh,202447,7.0,RSV,202447,2024-11-23
nj,202447,205.0,RSV,202447,2024-11-23
nm,202447,4.0,RSV,202447,2024-11-23
nv,202447,22.0,RSV,202447,2024-11-23
ny,202447,404.0,RSV,202447,2024-11-23
oh,202447,175.0,RSV,202447,2024-11-23
ok,202447,11.0,RSV,202447,2024-11-23
or,202447,6.0,RSV,202447,2024-11-23
pa,202447,176.0,RSV,202447,2024-11-23
pr,202447,200.0,RSV,202447,2024-11-23
ri,202447,18.0,RSV,202447,2024-11-23
sc,202447,112.0,RSV,202447,2024-11-23
sd,202447,0.0,RSV,202447,2024-11-23
tn,202447,145.0,RSV,202447,2024-11-23
tx,202447,625.0,RSV,202447,2024-11-23
ut,202447,3.0,RSV,202447,2024-11-23
va,202447,70.0,RSV,202447,2024-11-23
vi,202447,0.0,RSV,202447,2024-11-23
vt,202447,0.0,RSV,202447,2024-11-23
wa,202447,38.0,RSV,202447,2024-11-23
wi,202447,11.0,RSV,202447,2024-11-23
wv,202447,13.0,RSV,202447,2024-11-23
wy,202447,2.0,RSV,202447,2024-11-23
ak,202448,13.0,RSV,202448,2024-11-30
al,202448,130.0,RSV,202448,2024-11-30
ar,202448,25.0,RSV,202448,2024-11-30
as,202448,1.0,RSV,202448,2024-11-30
az,202448,21.0,RSV,202448,2024-11-30
ca,202448,328.0,RSV,202448,2024-11-30
co,202448,23.0,RSV,202448,2024-11-30
ct,202448,57.0,RSV,202448,2024-11-30
dc,202448,2.0,RSV,202448,2024-11-30
de,202448,47.0,RSV,202448,2024-11-30
fl,202448,540.0,RSV,202448,2024-11-30
ga,202448,402.0,RSV,202448,2024-11-30
gu,202448,1.0,RSV,202448,2024-11-30
hi,202448,19.0,RSV,202448,2024-11-30
ia,202448,10.0,RSV,202448,2024-11-30
id,202448,3.0,RSV,202448,2024-11-30
il,202448,225.0,RSV,202448,2024-11-30
in,202448,59.0,RSV,202448,2024-11-30
ks,202448,13.0,RSV,202448,2024-11-30
ky,202448,60.0,RSV,202448,2024-11-30
la,202448,121.0,RSV,202448,2024-11-30
ma,202448,145.0,RSV,202448,2024-11-30
md,202448,113.0,RSV,202448,2024-11-30
me,202448,2.0,RSV,202448,2024-11-30
mi,202448,109.0,RSV,202448,2024-11-30
mn,202448,23.0,RSV,202448,2024-11-30
mo,202448,62.0,RSV,202448,2024-11-30
mp,202448,,RSV,202448,2024-11-30
ms,202448,77.0,RSV,202448,2024-11-30
mt,202448,2.0,RSV,202448,2024-11-30
nc,202448,125.0,RSV,202448,2024-11-30
nd,202448,0.0,RSV,202448,2024-11-30
ne,202448,7.0,RSV,202448,2024-11-30
nh,202448,6.0,RSV,202448,2024-11-30
nj,202448,283.0,RSV,202448,2024-11-30
nm,202448,6.0,RSV,202448,2024-11-30
nv,202448,24.0,RSV,202448,2024-11-30
ny,202448,563.0,RSV,202448,2024-11-30
oh,202448,197.0,RSV,202448,2024-11-30
ok,202448,15.0,RSV,202448,2024-11-30
or,202448,12.0,RSV,202448,2024-11-30
pa,202448,229.0,RSV,202448,2024-11-30
pr,202448,457.0,RSV,202448,2024-11-30
ri,202448,35.0,RSV,202448,2024-11-30
sc,202448,121.0,RSV,202448,2024-11-30
sd,202448,0.0,RSV,202448,2024-11-30
tn,202448,140.0,RSV,202448,2024-11-30
tx,202448,764.0,RSV,202448,2024-11-30
ut,202448,11.0,RSV,202448,2024-11-30
va,202448,99.0,RSV,202448,2024-11-30
vi,202448,0.0,RSV,202448,2024-11-30
vt,202448,3.0,RSV,202448,2024-11-30
wa,202448,44.0,RSV,202448,2024-11-30
wi,202448,21.0,RSV,202448,2024-11-30
wv,202448,27.0,RSV,202448,2024-11-30
wy,202448,3.0,RSV,202448,2024-11-30
ak,202449,3.0,RSV,202449,2024-12-07
al,202449,165.0,RSV,202449,2024-12-07
ar,202449,32.0,RSV,202449,2024-12-07
as,202449,0.0,RSV,202449,2024-12-07
az,202449,62.0,RSV,202449,2024-12-07
ca,202449,429.0,RSV,202449,2024-12-07
co,202449,34.0,RSV,202449,2024-12-07
ct,202449,60.0,RSV,202449,2024-12-07
dc,202449,4.0,RSV,202449,2024-12-07
de,202449,70.0,RSV,202449,2024-12-07
fl,202449,528.0,RSV,202449,2024-12-07
ga,202449,410.0,RSV,202449,2024-12-07
gu,202449,1.0,RSV,202449,2024-12-07
hi,202449,19.0,RSV,202449,2024-12-07
ia,202449,13.0,RSV,202449,2024-12-07
id,202449,5.0,RSV,202449,2024-12-07
il,202449,264.0,RSV,202449,2024-12-07
in,202449,73.0,RSV,202449,2024-12-07
ks,202449,14.0,RSV,202449,2024-12-07
ky,202449,96.0,RSV,202449,2024-12-07
la,202449,171.0,RSV,202449,2024-12-07
ma,202449,165.0,RSV,202449,2024-12-07
md,202449,125.0,RSV,202449,2024-12-07
me,202449,2.0,RSV,202449,2024-12-07
mi,202449,139.0,RSV,202449,2024-12-07
mn,202449,48.0,RSV,202449,2024-12-07
mo,202449,88.0,RSV,202449,2024-12-07
mp,202449,,RSV,202449,2024-12-07
ms,202449,108.0,RSV,202449,2024-12-07
mt,202449,0.0,RSV,202449,2024-12-07
nc,202449,167.0,RSV,202449,2024-12-07
nd,202449,1.0,RSV,202449,2024-12-07
ne,202449,7.0,RSV,202449,2024-12-07
nh,202449,19.0,RSV,202449,2024-12-07
nj,202449,290.0,RSV,202449,2024-12-07
nm,202449,9.0,RSV,202449,2024-12-07
nv,202449,29.0,RSV,202449,2024-12-07
ny,202449,725.0,RSV,202449,2024-12-07
oh,202449,285.0,RSV,202449,2024-12-07
ok,202449,25.0,RSV,202449,2024-12-07
or,202449,14.0,RSV,202449,2024-12-07
pa,202449,350.0,RSV,202449,2024-12-07
pr,202449,463.0,RSV,202449,2024-12-07
ri,202449,48.0,RSV,202449,2024-12-07
sc,202449,157.0,RSV,202449,2024-12-07
sd,202449,0.0,RSV,202449,2024-12-07
tn,202449,156.0,RSV,202449,2024-12-07
tx,202449,876.0,RSV,202449,2024-12-07
ut,202449,15.0,RSV,202449,2024-12-07
va,202449,104.0,RSV,202449,2024-12-07
vi,202449,0.0,RSV,202449,2024-12-07
vt,202449,5.0,RSV,202449,2024-12-07
wa,202449,71.0,RSV,202449,2024-12-07
wi,202449,33.0,RSV,202449,2024-12-07
wv,202449,17.0,RSV,202449,2024-12-07
wy,202449,5.0,RSV,202449,2024-12-07
ak,202450,18.0,RSV,202450,2024-12-14
al,202450,155.0,RSV,202450,2024-12-14
ar,202450,54.0,RSV,202450,2024-12-14
as,202450,0.0,RSV,202450,2024-12-14
az,202450,58.0,RSV,202450,2024-12-14
ca,202450,485.0,RSV,202450,2024-12-14
co,202450,68.0,RSV,202450,2024-12-14
ct,202450,100.0,RSV,202450,2024-12-14
dc,202450,14.0,RSV,202450,2024-12-14
de,202450,79.0,RSV,202450,2024-12-14
fl,202450,629.0,RSV,202450,2024-12-14
ga,202450,409.0,RSV,202450,2024-12-14
gu,202450,0.0,RSV,202450,2024-12-14
hi,202450,30.0,RSV,202450,2024-12-14
ia,202450,24.0,RSV,202450,2024-12-14
id,202450,10.0,RSV,202450,2024-12-14
il,202450,379.0,RSV,202450,2024-12-14
in,202450,142.0,RSV,202450,2024-12-14
ks,202450,20.0,RSV,202450,2024-12-14
ky,202450,132.0,RSV,202450,2024-12-14
la,202450,165.0,RSV,202450,2024-12-14
ma,202450,257.0,RSV,202450,2024-12-14
md,202450,179.0,RSV,202450,2024-12-14
me,202450,3.0,RSV,202450,2024-12-14
mi,202450,185.0,RSV,202450,2024-12-14
mn,202450,60.0,RSV,202450,2024-12-14
mo,202450,63.0,RSV,202450,2024-12-14
mp,202450,,RSV,202450,2024-12-14
ms,202450,103.0,RSV,202450,2024-12-14
mt,202450,2.0,RSV,202450,2024-12-14
nc,202450,284.0,RSV,202450,2024-12-14
nd,202450,0.0,RSV,202450,2024-12-14
ne,202450,9.0,RSV,202450,2024-12-14
nh,202450,28.0,RSV,202450,2024-12-14
nj,202450,406.0,RSV,202450,2024-12-14
nm,202450,12.0,RSV,202450,2024-12-14
nv,202450,45.0,RSV,202450,2024-12-14
ny,202450,874.0,RSV,202450,2024-12-14
oh,202450,371.0,RSV,202450,2024-12-14
ok,202450,40.0,RSV,202450,2024-12-14
or,202450,32.0,RSV,202450,2024-12-14
pa,202450,530.0,RSV,202450,2024-12-14
pr,202450,500.0,RSV,202450,2024-12-14
ri,202450,47.0,RSV,202450,2024-12-14
sc,202450,184.0,RSV,202450,2024-12-14
sd,202450,3.0,RSV,202450,2024-12-14
tn,202450,203.0,RSV,202450,2024-12-14
tx,202450,905.0,RSV,202450,2024-12-14
ut,202450,21.0,RSV,202450,2024-12-14
va,202450,94.0,RSV,202450,2024-12-14
vi,202450,0.0,RSV,202450,2024-12-14
vt,202450,8.0,RSV,202450,2024-12-14
wa,202450,125.0,RSV,202450,2024-12-14
wi,202450,60.0,RSV,202450,2024-12-14
wv,202450,39.0,RSV,202450,2024-12-14
wy,202450,6.0,RSV,202450,2024-12-14
ak,202451,20.0,RSV,202451,2024-12-21
al,202451,171.0,RSV,202451,2024-12-21
ar,202451,73.0,RSV,202451,2024-12-21
as,202451,2.0,RSV,202451,2024-12-21
az,202451,139.0,RSV,202451,2024-12-21
ca,202451,612.0,RSV,202451,2024-12-21
co,202451,111.0,RSV,202451,2024-12-21
ct,202451,107.0,RSV,202451,2024-12-21
dc,202451,9.0,RSV,202451,2024-12-21
de,202451,112.0,RSV,202451,2024-12-21
fl,202451,606.0,RSV,202451,2024-12-21
ga,202451,438.0,RSV,202451,2024-12-21
gu,202451,0.0,RSV,202451,2024-12-21
hi,202451,21.0,RSV,202451,2024-12-21
ia,202451,41.0,RSV,202451,2024-12-21
id,202451,28.0,RSV,202451,2024-12-21
il,202451,486.0,RSV,202451,2024-12-21
in,202451,206.0,RSV,202451,2024-12-21
ks,202451,46.0,RSV,202451,2024-12-21
ky,202451,181.0,RSV,202451,2024-12-21
la,202451,177.0,RSV,202451,2024-12-21
ma,202451,232.0,RSV,202451,2024-12-21
md,202451,199.0,RSV,202451,2024-12-21
me,202451,7.0,RSV,202451,2024-12-21
mi,202451,224.0,RSV,202451,2024-12-21
mn,202451,109.0,RSV,202451,2024-12-21
mo,202451,96.0,RSV,202451,2024-12-21
mp,202451,,RSV,202451,2024-12-21
ms,202451,84.0,RSV,202451,2024-12-21
mt,202451,4.0,RSV,202451,2024-12-21
nc,202451,388.0,RSV,202451,2024-12-21
nd,202451,4.0,RSV,202451,2024-12-21
ne,202451,39.0,RSV,202451,2024-12-21
nh,202451,39.0,RSV,202451,2024-12-21
nj,202451,454.0,RSV,202451,2024-12-21
nm,202451,18.0,RSV,202451,2024-12-21
nv,202451,62.0,RSV,202451,2024-12-21
ny,202451,990.0,RSV,202451,2024-12-21
oh,202451,560.0,RSV,202451,2024-12-21
ok,202451,58.0,RSV,202451,2024-12-21
or,202451,34.0,RSV,202451,2024-12-21
pa,202451,992.0,RSV,202451,2024-12-21
pr,202451,436.0,RSV,202451,2024-12-21
ri,202451,61.0,RSV,202451,2024-12-21
sc,202451,217.0,RSV,202451,2024-12-21
sd,202451,1.0,RSV,202451,2024-12-21
tn,202451,238.0,RSV,202451,2024-12-21
tx,202451,978.0,RSV,202451,2024-12-21
ut,202451,33.0,RSV,202451,2024-12-21
va,202451,199.0,RSV,202451,2024-12-21
vi,202451,0.0,RSV,202451,2024-12-21
vt,202451,4.0,RSV,202451,2024-12-21
wa,202451,146.0,RSV,202451,2024-12-21
wi,202451,78.0,RSV,202451,2024-12-21
wv,202451,53.0,RSV,202451,2024-12-21
wy,202451,16.0,RSV,202451,2024-12-21
ak,202452,28.0,RSV,202452,2024-12-28
al,202452,171.0,RSV,202452,2024-12-28
ar,202452,82.0,RSV,202452,2024-12-28
as,202452,0.0,RSV,202452,2024-12-28
az,202452,163.0,RSV,202452,2024-12-28
ca,202452,748.0,RSV,202452,2024-12-28
co,202452,137.0,RSV,202452,2024-12-28
ct,202452,155.0,RSV,202452,2024-12-28
dc,202452,9.0,RSV,202452,2024-12-28
de,202452,104.0,RSV,202452,2024-12-28
fl,202452,616.0,RSV,202452,2024-12-28
ga,202452,426.0,RSV,202452,2024-12-28
gu,202452,0.0,RSV,202452,2024-12-28
hi,202452,16.0,RSV,202452,2024-12-28
ia,202452,49.0,RSV,202452,2024-12-28
id,202452,30.0,RSV,202452,2024-12-28
il,202452,575.0,RSV,202452,2024-12-28
in,202452,230.0,RSV,202452,2024-12-28
ks,202452,57.0,RSV,202452,2024-12-28
ky,202452,208.0,RSV,202452,2024-12-28
la,202452,217.0,RSV,202452,2024-12-28
ma,202452,251.0,RSV,202452,2024-12-28
md,202452,183.0,RSV,202452,2024-12-28
me,202452,6.0,RSV,202452,2024-12-28
mi,202452,464.0,RSV,202452,2024-12-28
mn,202452,133.0,RSV,202452,2024-12-28
mo,202452,174.0,RSV,202452,2024-12-28
mp,202452,,RSV,202452,2024-12-28
ms,202452,76.0,RSV,202452,2024-12-28
mt,202452,6.0,RSV,202452,2024-12-28
nc,202452,525.0,RSV,202452,2024-12-28
nd,202452,2.0,RSV,202452,2024-12-28
ne,202452,34.0,RSV,202452,2024-12-28
nh,202452,49.0,RSV,202452,2024-12-28
nj,202452,501.0,RSV,202452,2024-12-28
nm,202452,34.0,RSV,202452,2024-12-28
nv,202452,62.0,RSV,202452,2024-12-28
ny,202452,1041.0,RSV,202452,2024-12-28
oh,202452,569.0,RSV,202452,2024-12-28
ok,202452,113.0,RSV,202452,2024-12-28
or,202452,90.0,RSV,202452,2024-12-28
pa,202452,1054.0,RSV,202452,2024-12-28
pr,202452,360.0,RSV,202452,2024-12-28
ri,202452,73.0,RSV,202452,2024-12-28
sc,202452,257.0,RSV,202452,2024-12-28
sd,202452,5.0,RSV,202452,2024-12-28
tn,202452,292.0,RSV,202452,2024-12-28
tx,202452,1139.0,RSV,202452,2024-12-28
ut,202452,57.0,RSV,202452,2024-12-28
va,202452,177.0,RSV,202452,2024-12-28
vi,202452,0.0,RSV,202452,2024-12-28
vt,202452,15.0,RSV,202452,2024-12-28
wa,202452,165.0,RSV,202452,2024-12-28
wi,202452,112.0,RSV,202452,2024-12-28
wv,202452,100.0,RSV,202452,2024-12-28
wy,202452,14.0,RSV,202452,2024-12-28
ak,202501,37.0,RSV,202501,2025-01-04
al,202501,171.0,RSV,202501,2025-01-04
ar,202501,107.0,RSV,202501,2025-01-04
as,202501,3.0,RSV,202501,2025-01-04
az,202501,208.0,RSV,202501,2025-01-04
ca,202501,943.0,RSV,202501,2025-01-04
co,202501,168.0,RSV,202501,2025-01-04
ct,202501,204.0,RSV,202501,2025-01-04
dc,202501,3.0,RSV,202501,2025-01-04
de,202501,155.0,RSV,202501,2025-01-04
fl,202501,799.0,RSV,202501,2025-01-04
ga,202501,505.0,RSV,202501,2025-01-04
gu,202501,0.0,RSV,202501,2025-01-04
hi,202501,50.0,RSV,202501,2025-01-04
ia,202501,65.0,RSV,202501,2025-01-04
id,202501,43.0,RSV,202501,2025-01-04
il,202501,771.0,RSV,202501,2025-01-04
in,202501,341.0,RSV,202501,2025-01-04
ks,202501,104.0,RSV,202501,2025-01-04
ky,202501,333.0,RSV,202501,2025-01-04
la,202501,298.0,RSV,202501,2025-01-04
ma,202501,515.0,RSV,202501,2025-01-04
md,202501,262.0,RSV,202501,2025-01-04
me,202501,15.0,RSV,202501,2025-01-04
mi,202501,552.0,RSV,202501,2025-01-04
mn,202501,205.0,RSV,202501,2025-01-04
mo,202501,262.0,RSV,202501,2025-01-04
mp,202501,,RSV,202501,2025-01-04
ms,202501,98.0,RSV,202501,2025-01-04
mt,202501,16.0,RSV,202501,2025-01-04
nc,202501,738.0,RSV,202501,2025-01-04
nd,202501,13.0,RSV,202501,2025-01-04
ne,202501,47.0,RSV,202501,2025-01-04
nh,202501,63.0,RSV,202501,2025-01-04
nj,202501,613.0,RSV,202501,2025-01-04
nm,202501,48.0,RSV,202501,2025-01-04
nv,202501,112.0,RSV,202501,2025-01-04
ny,202501,1230.0,RSV,202501,2025-01-04
oh,202501,739.0,RSV,202501,2025-01-04
ok,202501,153.0,RSV,202501,2025-01-04
or,202501,138.0,RSV,202501,2025-01-04
pa,202501,1301.0,RSV,202501,2025-01-04
pr,202501,397.0,RSV,202501,2025-01-04
ri,202501,70.0,RSV,202501,2025-01-04
sc,202501,360.0,RSV,202501,2025-01-04
sd,202501,3.0,RSV,202501,2025-01-04
tn,202501,400.0,RSV,202501,2025-01-04
tx,202501,1286.0,RSV,202501,2025-01-04
ut,202501,110.0,RSV,202501,2025-01-04
va,202501,323.0,RSV,202501,2025-01-04
vi,202501,0.0,RSV,202501,2025-01-04
vt,202501,18.0,RSV,202501,2025-01-04
wa,202501,193.0,RSV,202501,2025-01-04
wi,202501,184.0,RSV,202501,2025-01-04
wv,202501,146.0,RSV,202501,2025-01-04
wy,202501,6.0,RSV,202501,2025-01-04
ak,202502,24.0,RSV,202502,2025-01-11
al,202502,152.0,RSV,202502,2025-01-11
ar,202502,80.0,RSV,202502,2025-01-11
as,202502,0.0,RSV,202502,2025-01-11
az,202502,272.0,RSV,202502,2025-01-11
ca,202502,810.0,RSV,202502,2025-01-11
co,202502,138.0,RSV,202502,2025-01-11
ct,202502,215.0,RSV,202502,2025-01-11
dc,202502,5.0,RSV,202502,2025-01-11
de,202502,66.0,RSV,202502,2025-01-11
fl,202502,669.0,RSV,202502,2025-01-11
ga,202502,322.0,RSV,202502,2025-01-11
gu,202502,0.0,RSV,202502,2025-01-11
hi,202502,28.0,RSV,202502,2025-01-11
ia,202502,172.0,RSV,202502,2025-01-11
id,202502,34.0,RSV,202502,2025-01-11
il,202502,560.0,RSV,202502,2025-01-11
in,202502,232.0,RSV,202502,2025-01-11
ks,202502,81.0,RSV,202502,2025-01-11
ky,202502,202.0,RSV,202502,2025-01-11
la,202502,228.0,RSV,202502,2025-01-11
ma,202502,362.0,RSV,202502,2025-01-11
md,202502,154.0,RSV,202502,2025-01-11
me,202502,24.0,RSV,202502,2025-01-11
mi,202502,641.0,RSV,202502,2025-01-11
mn,202502,231.0,RSV,202502,2025-01-11
mo,202502,199.0,RSV,202502,2025-01-11
mp,202502,,RSV,202502,2025-01-11
ms,202502,64.0,RSV,202502,2025-01-11
mt,202502,13.0,RSV,202502,2025-01-11
nc,202502,546.0,RSV,202502,2025-01-11
nd,202502,8.0,RSV,202502,2025-01-11
ne,202502,42.0,RSV,202502,2025-01-11
nh,202502,61.0,RSV,202502,2025-01-11
nj,202502,504.0,RSV,202502,2025-01-11
nm,202502,43.0,RSV,202502,2025-01-11
nv,202502,78.0,RSV,202502,2025-01-11
ny,202502,889.0,RSV,202502,2025-01-11
oh,202502,545.0,RSV,202502,2025-01-11
ok,202502,134.0,RSV,202502,2025-01-11
or,202502,90.0,RSV,202502,2025-01-11
pa,202502,1382.0,RSV,202502,2025-01-11
pr,202502,300.0,RSV,202502,2025-01-11
ri,202502,66.0,RSV,202502,2025-01-11
sc,202502,216.0,RSV,202502,2025-01-11
sd,202502,7.0,RSV,202502,2025-01-11
tn,202502,240.0,RSV,202502,2025-01-11
tx,202502,778.0,RSV,202502,2025-01-11
ut,202502,82.0,RSV,202502,2025-01-11
va,202502,196.0,RSV,202502,2025-01-11
vi,202502,0.0,RSV,202502,2025-01-11
vt,202502,14.0,RSV,202502,2025-01-11
wa,202502,115.0,RSV,202502,2025-01-11
wi,202502,182.0,RSV,202502,2025-01-11
wv,202502,99.0,RSV,202502,2025-01-11
wy,202502,14.0,RSV,202502,2025-01-11
ak,202503,13.0,RSV,202503,2025-01-18
al,202503,96.0,RSV,202503,2025-01-18
ar,202503,83.0,RSV,202503,2025-01-18
as,202503,7.0,RSV,202503,2025-01-18
az,202503,257.0,RSV,202503,2025-01-18
ca,202503,769.0,RSV,202503,2025-01-18
co,202503,196.0,RSV,202503,2025-01-18
ct,202503,170.0,RSV,202503,2025-01-18
dc,202503,4.0,RSV,202503,2025-01-18
de,202503,48.0,RSV,202503,2025-01-18
fl,202503,628.0,RSV,202503,2025-01-18
ga,202503,267.0,RSV,202503,2025-01-18
gu,202503,0.0,RSV,202503,2025-01-18
hi,202503,22.0,RSV,202503,2025-01-18
ia,202503,88.0,RSV,202503,2025-01-18
id,202503,43.0,RSV,202503,2025-01-18
il,202503,533.0,RSV,202503,2025-01-18
in,202503,217.0,RSV,202503,2025-01-18
ks,202503,70.0,RSV,202503,2025-01-18
ky,202503,175.0,RSV,202503,2025-01-18
la,202503,148.0,RSV,202503,2025-01-18
ma,202503,304.0,RSV,202503,2025-01-18
md,202503,127.0,RSV,202503,2025-01-18
me,202503,34.0,RSV,202503,2025-01-18
mi,202503,495.0,RSV,202503,2025-01-18
mn,202503,212.0,RSV,202503,2025-01-18
mo,202503,187.0,RSV,202503,2025-01-18
mp,202503,,RSV,202503,2025-01-18
ms,202503,49.0,RSV,202503,2025-01-18
mt,202503,13.0,RSV,202503,2025-01-18
nc,202503,468.0,RSV,202503,2025-01-18
nd,202503,8.0,RSV,202503,2025-01-18
ne,202503,42.0,RSV,202503,2025-01-18
nh,202503,47.0,RSV,202503,2025-01-18
nj,202503,452.0,RSV,202503,2025-01-18
nm,202503,70.0,RSV,202503,2025-01-18
nv,202503,73.0,RSV,202503,2025-01-18
ny,202503,716.0,RSV,202503,2025-01-18
oh,202503,499.0,RSV,202503,2025-01-18
ok,202503,118.0,RSV,202503,2025-01-18
or,202503,74.0,RSV,202503,2025-01-18
pa,202503,1063.0,RSV,202503,2025-01-18
pr,202503,134.0,RSV,202503,2025-01-18
ri,202503,37.0,RSV,202503,2025-01-18
sc,202503,176.0,RSV,202503,2025-01-18
sd,202503,7.0,RSV,202503,2025-01-18
tn,202503,171.0,RSV,202503,2025-01-18
tx,202503,677.0,RSV,202503,2025-01-18
ut,202503,101.0,RSV,202503,2025-01-18
va,202503,151.0,RSV,202503,2025-01-18
vi,202503,0.0,RSV,202503,2025-01-18
vt,202503,11.0,RSV,202503,2025-01-18
wa,202503,116.0,RSV,202503,2025-01-18
wi,202503,192.0,RSV,202503,2025-01-18
wv,202503,92.0,RSV,202503,2025-01-18
wy,202503,18.0,RSV,202503,2025-01-18
ak,202504,22.0,RSV,202504,2025-01-25
al,202504,73.0,RSV,202504,2025-01-25
ar,202504,72.0,RSV,202504,2025-01-25
as,202504,,RSV,202504,2025-01-25
az,202504,257.0,RSV,202504,2025-01-25
ca,202504,748.0,RSV,202504,2025-01-25
co,202504,217.0,RSV,202504,2025-01-25
ct,202504,129.0,RSV,202504,2025-01-25
dc,202504,8.0,RSV,202504,2025-01-25
de,202504,42.0,RSV,202504,2025-01-25
fl,202504,552.0,RSV,202504,2025-01-25
ga,202504,174.0,RSV,202504,2025-01-25
gu,202504,1.0,RSV,202504,2025-01-25
hi,202504,20.0,RSV,202504,2025-01-25
ia,202504,105.0,RSV,202504,2025-01-25
id,202504,47.0,RSV,202504,2025-01-25
il,202504,410.0,RSV,202504,2025-01-25
in,202504,205.0,RSV,202504,2025-01-25
ks,202504,71.0,RSV,202504,2025-01-25
ky,202504,114.0,RSV,202504,2025-01-25
la,202504,122.0,RSV,202504,2025-01-25
ma,202504,319.0,RSV,202504,2025-01-25
md,202504,83.0,RSV,202504,2025-01-25
me,202504,29.0,RSV,202504,2025-01-25
mi,202504,512.0,RSV,202504,2025-01-25
mn,202504,197.0,RSV,202504,2025-01-25
mo,202504,158.0,RSV,202504,2025-01-25
mp,202504,,RSV,202504,2025-01-25
ms,202504,62.0,RSV,202504,2025-01-25
mt,202504,23.0,RSV,202504,2025-01-25
nc,202504,418.0,RSV,202504,2025-01-25
nd,202504,10.0,RSV,202504,2025-01-25
ne,202504,65.0,RSV,202504,2025-01-25
nh,202504,37.0,RSV,202504,2025-01-25
nj,202504,331.0,RSV,202504,2025-01-25
nm,202504,56.0,RSV,202504,2025-01-25
nv,202504,59.0,RSV,202504,2025-01-25
ny,202504,625.0,RSV,202504,2025-01-25
oh,202504,396.0,RSV,202504,2025-01-25
ok,202504,148.0,RSV,202504,2025-01-25
or,202504,110.0,RSV,202504,2025-01-25
pa,202504,940.0,RSV,202504,2025-01-25
pr,202504,74.0,RSV,202504,2025-01-25
ri,202504,43.0,RSV,202504,2025-01-25
sc,202504,120.0,RSV,202504,2025-01-25
sd,202504,5.0,RSV,202504,2025-01-25
tn,202504,138.0,RSV,202504,2025-01-25
tx,202504,536.0,RSV,202504,2025-01-25
ut,202504,114.0,RSV,202504,2025-01-25
va,202504,99.0,RSV,202504,2025-01-25
vi,202504,0.0,RSV,202504,2025-01-25
vt,202504,13.0,RSV,202504,2025-01-25
wa,202504,94.0,RSV,202504,2025-01-25
wi,202504,191.0,RSV,202504,2025-01-25
wv,202504,67.0,RSV,202504,2025-01-25
wy,202504,28.0,RSV,202504,2025-01-25
ak,202505,30.0,RSV,202505,2025-02-01
al,202505,77.0,RSV,202505,2025-02-01
ar,202505,65.0,RSV,202505,2025-02-01
as,202505,,RSV,202505,2025-02-01
az,202505,351.0,RSV,202505,2025-02-01
ca,202505,763.0,RSV,202505,2025-02-01
co,202505,223.0,RSV,202505,2025-02-01
ct,202505,81.0,RSV,202505,2025-02-01
dc,202505,6.0,RSV,202505,2025-02-01
de,202505,42.0,RSV,202505,2025-02-01
fl,202505,499.0,RSV,202505,2025-02-01
ga,202505,151.0,RSV,202505,2025-02-01
gu,202505,0.0,RSV,202505,2025-02-01
hi,202505,18.0,RSV,202505,2025-02-01
ia,202505,98.0,RSV,202505,2025-02-01
id,202505,42.0,RSV,202505,2025-02-01
il,202505,373.0,RSV,202505,2025-02-01
in,202505,197.0,RSV,202505,2025-02-01
ks,202505,85.0,RSV,202505,2025-02-01
ky,202505,111.0,RSV,202505,2025-02-01
la,202505,122.0,RSV,202505,2025-02-01
ma,202505,235.0,RSV,202505,2025-02-01
md,202505,90.0,RSV,202505,2025-02-01
me,202505,22.0,RSV,202505,2025-02-01
mi,202505,574.0,RSV,202505,2025-02-01
mn,202505,182.0,RSV,202505,2025-02-01
mo,202505,213.0,RSV,202505,2025-02-01
mp,202505,,RSV,202505,2025-02-01
ms,202505,54.0,RSV,202505,2025-02-01
mt,202505,29.0,RSV,202505,2025-02-01
nc,202505,381.0,RSV,202505,2025-02-01
nd,202505,28.0,RSV,202505,2025-02-01
ne,202505,67.0,RSV,202505,2025-02-01
nh,202505,33.0,RSV,202505,2025-02-01
nj,202505,297.0,RSV,202505,2025-02-01
nm,202505,81.0,RSV,202505,2025-02-01
nv,202505,81.0,RSV,202505,2025-02-01
ny,202505,611.0,RSV,202505,2025-02-01
oh,202505,352.0,RSV,202505,2025-02-01
ok,202505,176.0,RSV,202505,2025-02-01
or,202505,151.0,RSV,202505,2025-02-01
pa,202505,865.0,RSV,202505,2025-02-01
pr,202505,46.0,RSV,202505,2025-02-01
ri,202505,55.0,RSV,202505,2025-02-01
sc,202505,127.0,RSV,202505,2025-02-01
sd,202505,23.0,RSV,202505,2025-02-01
tn,202505,141.0,RSV,202505,2025-02-01
tx,202505,551.0,RSV,202505,2025-02-01
ut,202505,178.0,RSV,202505,2025-02-01
va,202505,121.0,RSV,202505,2025-02-01
vi,202505,0.0,RSV,202505,2025-02-01
vt,202505,22.0,RSV,202505,2025-02-01
wa,202505,123.0,RSV,202505,2025-02-01
wi,202505,197.0,RSV,202505,2025-02-01
wv,202505,61.0,RSV,202505,2025-02-01
wy,202505,25.0,RSV,202505,2025-02-01
ak,202506,15.0,RSV,202506,2025-02-08
al,202506,81.0,RSV,202506,2025-02-08
ar,202506,68.0,RSV,202506,2025-02-08
as,202506,,RSV,202506,2025-02-08
az,202506,426.0,RSV,202506,2025-02-08
ca,202506,723.0,RSV,202506,2025-02-08
co,202506,234.0,RSV,202506,2025-02-08
ct,202506,80.0,RSV,202506,2025-02-08
dc,202506,4.0,RSV,202506,2025-02-08
de,202506,33.0,RSV,202506,2025-02-08
fl,202506,420.0,RSV,202506,2025-02-08
ga,202506,161.0,RSV,202506,2025-02-08
gu,202506,0.0,RSV,202506,2025-02-08
hi,202506,24.0,RSV,202506,2025-02-08
ia,202506,111.0,RSV,202506,2025-02-08
id,202506,67.0,RSV,202506,2025-02-08
il,202506,366.0,RSV,202506,2025-02-08
in,202506,224.0,RSV,202506,2025-02-08
ks,202506,96.0,RSV,202506,2025-02-08
ky,202506,107.0,RSV,202506,2025-02-08
la,202506,109.0,RSV,202506,2025-02-08
ma,202506,215.0,RSV,202506,2025-02-08
md,202506,101.0,RSV,202506,2025-02-08
me,202506,26.0,RSV,202506,2025-02-08
mi,202506,485.0,RSV,202506,2025-02-08
mn,202506,224.0,RSV,202506,2025-02-08
mo,202506,187.0,RSV,202506,2025-02-08
mp,202506,,RSV,202506,2025-02-08
ms,202506,39.0,RSV,202506,2025-02-08
mt,202506,32.0,RSV,202506,2025-02-08
nc,202506,357.0,RSV,202506,2025-02-08
nd,202506,28.0,RSV,202506,2025-02-08
ne,202506,90.0,RSV,202506,2025-02-08
nh,202506,30.0,RSV,202506,2025-02-08
nj,202506,218.0,RSV,202506,2025-02-08
nm,202506,112.0,RSV,202506,2025-02-08
nv,202506,105.0,RSV,202506,2025-02-08
ny,202506,522.0,RSV,202506,2025-02-08
oh,202506,287.0,RSV,202506,2025-02-08
ok,202506,167.0,RSV,202506,2025-02-08
or,202506,191.0,RSV,202506,2025-02-08
pa,202506,760.0,RSV,202506,2025-02-08
pr,202506,49.0,RSV,202506,2025-02-08
ri,202506,22.0,RSV,202506,2025-02-08
sc,202506,115.0,RSV,202506,2025-02-08
sd,202506,37.0,RSV,202506,2025-02-08
tn,202506,140.0,RSV,202506,2025-02-08
tx,202506,479.0,RSV,202506,2025-02-08
ut,202506,224.0,RSV,202506,2025-02-08
va,202506,79.0,RSV,202506,2025-02-08
vi,202506,0.0,RSV,202506,2025-02-08
vt,202506,11.0,RSV,202506,2025-02-08
wa,202506,145.0,RSV,202506,2025-02-08
wi,202506,222.0,RSV,202506,2025-02-08
wv,202506,87.0,RSV,202506,2025-02-08
wy,202506,43.0,RSV,202506,2025-02-08
ak,202507,13.0,RSV,202507,2025-02-15
al,202507,74.0,RSV,202507,2025-02-15
ar,202507,83.0,RSV,202507,2025-02-15
as,202507,,RSV,202507,2025-02-15
az,202507,426.0,RSV,202507,2025-02-15
ca,202507,678.0,RSV,202507,2025-02-15
co,202507,203.0,RSV,202507,2025-02-15
ct,202507,70.0,RSV,202507,2025-02-15
dc,202507,3.0,RSV,202507,2025-02-15
de,202507,21.0,RSV,202507,2025-02-15
fl,202507,326.0,RSV,202507,2025-02-15
ga,202507,116.0,RSV,202507,2025-02-15
gu,202507,0.0,RSV,202507,2025-02-15
hi,202507,14.0,RSV,202507,2025-02-15
ia,202507,67.0,RSV,202507,2025-02-15
id,202507,76.0,RSV,202507,2025-02-15
il,202507,303.0,RSV,202507,2025-02-15
in,202507,184.0,RSV,202507,2025-02-15
ks,202507,114.0,RSV,202507,2025-02-15
ky,202507,126.0,RSV,202507,2025-02-15
la,202507,72.0,RSV,202507,2025-02-15
ma,202507,173.0,RSV,202507,2025-02-15
md,202507,47.0,RSV,202507,2025-02-15
me,202507,25.0,RSV,202507,2025-02-15
mi,202507,467.0,RSV,202507,2025-02-15
mn,202507,191.0,RSV,202507,2025-02-15
mo,202507,147.0,RSV,202507,2025-02-15
mp,202507,,RSV,202507,2025-02-15
ms,202507,28.0,RSV,202507,2025-02-15
mt,202507,48.0,RSV,202507,2025-02-15
nc,202507,279.0,RSV,202507,2025-02-15
nd,202507,27.0,RSV,202507,2025-02-15
ne,202507,101.0,RSV,202507,2025-02-15
nh,202507,41.0,RSV,202507,2025-02-15
nj,202507,180.0,RSV,202507,2025-02-15
nm,202507,119.0,RSV,202507,2025-02-15
nv,202507,80.0,RSV,202507,2025-02-15
ny,202507,426.0,RSV,202507,2025-02-15
oh,202507,279.0,RSV,202507,2025-02-15
ok,202507,137.0,RSV,202507,2025-02-15
or,202507,209.0,RSV,202507,2025-02-15
pa,202507,695.0,RSV,202507,2025-02-15
pr,202507,69.0,RSV,202507,2025-02-15
ri,202507,26.0,RSV,202507,2025-02-15
sc,202507,60.0,RSV,202507,2025-02-15
sd,202507,29.0,RSV,202507,2025-02-15
tn,202507,128.0,RSV,202507,2025-02-15
tx,202507,422.0,RSV,202507,2025-02-15
ut,202507,220.0,RSV,202507,2025-02-15
va,202507,109.0,RSV,202507,2025-02-15
vi,202507,0.0,RSV,202507,2025-02-15
vt,202507,9.0,RSV,202507,2025-02-15
wa,202507,111.0,RSV,202507,2025-02-15
wi,202507,183.0,RSV,202507,2025-02-15
wv,202507,86.0,RSV,202507,2025-02-15
wy,202507,45.0,RSV,202507,2025-02-15
ak,202508,29.0,RSV,202508,2025-02-22
al,202508,57.0,RSV,202508,2025-02-22
ar,202508,64.0,RSV,202508,2025-02-22
as,202508,,RSV,202508,2025-02-22
az,202508,473.0,RSV,202508,2025-02-22
ca,202508,624.0,RSV,202508,2025-02-22
co,202508,280.0,RSV,202508,2025-02-22
ct,202508,40.0,RSV,202508,2025-02-22
dc,202508,21.0,RSV,202508,2025-02-22
de,202508,19.0,RSV,202508,2025-02-22
fl,202508,323.0,RSV,202508,2025-02-22
ga,202508,89.0,RSV,202508,2025-02-22
gu,202508,0.0,RSV,202508,2025-02-22
hi,202508,10.0,RSV,202508,2025-02-22
ia,202508,96.0,RSV,202508,2025-02-22
id,202508,110.0,RSV,202508,2025-02-22
il,202508,321.0,RSV,202508,2025-02-22
in,202508,149.0,RSV,202508,2025-02-22
ks,202508,80.0,RSV,202508,2025-02-22
ky,202508,104.0,RSV,202508,2025-02-22
la,202508,54.0,RSV,202508,2025-02-22
ma,202508,174.0,RSV,202508,2025-02-22
md,202508,59.0,RSV,202508,2025-02-22
me,202508,18.0,RSV,202508,2025-02-22
mi,202508,448.0,RSV,202508,2025-02-22
mn,202508,175.0,RSV,202508,2025-02-22
mo,202508,181.0,RSV,202508,2025-02-22
mp,202508,,RSV,202508,2025-02-22
ms,202508,24.0,RSV,202508,2025-02-22
mt,202508,57.0,RSV,202508,2025-02-22
nc,202508,203.0,RSV,202508,2025-02-22
nd,202508,45.0,RSV,202508,2025-02-22
ne,202508,78.0,RSV,202508,2025-02-22
nh,202508,27.0,RSV,202508,2025-02-22
nj,202508,160.0,RSV,202508,2025-02-22
nm,202508,166.0,RSV,202508,2025-02-22
nv,202508,80.0,RSV,202508,2025-02-22
ny,202508,392.0,RSV,202508,2025-02-22
oh,202508,218.0,RSV,202508,2025-02-22
ok,202508,129.0,RSV,202508,2025-02-22
or,202508,204.0,RSV,202508,2025-02-22
pa,202508,596.0,RSV,202508,2025-02-22
pr,202508,68.0,RSV,202508,2025-02-22
ri,202508,18.0,RSV,202508,2025-02-22
sc,202508,75.0,RSV,202508,2025-02-22
sd,202508,34.0,RSV,202508,2025-02-22
tn,202508,97.0,RSV,202508,2025-02-22
tx,202508,350.0,RSV,202508,2025-02-22
ut,202508,205.0,RSV,202508,2025-02-22
va,202508,72.0,RSV,202508,2025-02-22
vi,202508,0.0,RSV,202508,2025-02-22
vt,202508,8.0,RSV,202508,2025-02-22
wa,202508,119.0,RSV,202508,2025-02-22
wi,202508,191.0,RSV,202508,2025-02-22
wv,202508,98.0,RSV,202508,2025-02-22
wy,202508,54.0,RSV,202508,2025-02-22
ak,202509,27.0,RSV,202509,2025-03-01
al,202509,45.0,RSV,202509,2025-03-01
ar,202509,54.0,RSV,202509,2025-03-01
as,202509,,RSV,202509,2025-03-01
az,202509,386.0,RSV,202509,2025-03-01
ca,202509,535.0,RSV,202509,2025-03-01
co,202509,254.0,RSV,202509,2025-03-01
ct,202509,31.0,RSV,202509,2025-03-01
dc,202509,4.0,RSV,202509,2025-03-01
de,202509,20.0,RSV,202509,2025-03-01
fl,202509,285.0,RSV,202509,2025-03-01
ga,202509,87.0,RSV,202509,2025-03-01
gu,202509,0.0,RSV,202509,2025-03-01
hi,202509,18.0,RSV,202509,2025-03-01
ia,202509,104.0,RSV,202509,2025-03-01
id,202509,87.0,RSV,202509,2025-03-01
il,202509,307.0,RSV,202509,2025-03-01
in,202509,194.0,RSV,202509,2025-03-01
ks,202509,118.0,RSV,202509,2025-03-01
ky,202509,84.0,RSV,202509,2025-03-01
la,202509,52.0,RSV,202509,2025-03-01
ma,202509,115.0,RSV,202509,2025-03-01
md,202509,34.0,RSV,202509,2025-03-01
me,202509,24.0,RSV,202509,2025-03-01
mi,202509,481.0,RSV,202509,2025-03-01
mn,202509,213.0,RSV,202509,2025-03-01
mo,202509,172.0,RSV,202509,2025-03-01
mp,202509,0.0,RSV,202509,2025-03-01
ms,202509,25.0,RSV,202509,2025-03-01
mt,202509,65.0,RSV,202509,2025-03-01
nc,202509,219.0,RSV,202509,2025-03-01
nd,202509,51.0,RSV,202509,2025-03-01
ne,202509,86.0,RSV,202509,2025-03-01
nh,202509,21.0,RSV,202509,2025-03-01
nj,202509,156.0,RSV,202509,2025-03-01
nm,202509,167.0,RSV,202509,2025-03-01
nv,202509,72.0,RSV,202509,2025-03-01
ny,202509,295.0,RSV,202509,2025-03-01
oh,202509,190.0,RSV,202509,2025-03-01
ok,202509,130.0,RSV,202509,2025-03-01
or,202509,138.0,RSV,202509,2025-03-01
pa,202509,523.0,RSV,202509,2025-03-01
pr,202509,51.0,RSV,202509,2025-03-01
ri,202509,20.0,RSV,202509,2025-03-01
sc,202509,51.0,RSV,202509,2025-03-01
sd,202509,44.0,RSV,202509,2025-03-01
tn,202509,77.0,RSV,202509,2025-03-01
tx,202509,335.0,RSV,202509,2025-03-01
ut,202509,212.0,RSV,202509,2025-03-01
va,202509,72.0,RSV,202509,2025-03-01
vi,202509,0.0,RSV,202509,2025-03-01
vt,202509,5.0,RSV,202509,2025-03-01
wa,202509,102.0,RSV,202509,2025-03-01
wi,202509,224.0,RSV,202509,2025-03-01
wv,202509,76.0,RSV,202509,2025-03-01
wy,202509,46.0,RSV,202509,2025-03-01
ak,202510,19.0,RSV,202510,2025-03-08
al,202510,40.0,RSV,202510,2025-03-08
ar,202510,45.0,RSV,202510,2025-03-08
as,202510,,RSV,202510,2025-03-08
az,202510,315.0,RSV,202510,2025-03-08
ca,202510,440.0,RSV,202510,2025-03-08
co,202510,226.0,RSV,202510,2025-03-08
ct,202510,40.0,RSV,202510,2025-03-08
dc,202510,6.0,RSV,202510,2025-03-08
de,202510,13.0,RSV,202510,2025-03-08
fl,202510,249.0,RSV,202510,2025-03-08
ga,202510,79.0,RSV,202510,2025-03-08
gu,202510,0.0,RSV,202510,2025-03-08
hi,202510,11.0,RSV,202510,2025-03-08
ia,202510,76.0,RSV,202510,2025-03-08
id,202510,74.0,RSV,202510,2025-03-08
il,202510,255.0,RSV,202510,2025-03-08
in,202510,137.0,RSV,202510,2025-03-08
ks,202510,91.0,RSV,202510,2025-03-08
ky,202510,52.0,RSV,202510,2025-03-08
la,202510,45.0,RSV,202510,2025-03-08
ma,202510,96.0,RSV,202510,2025-03-08
md,202510,33.0,RSV,202510,2025-03-08
me,202510,22.0,RSV,202510,2025-03-08
mi,202510,404.0,RSV,202510,2025-03-08
mn,202510,206.0,RSV,202510,2025-03-08
mo,202510,168.0,RSV,202510,2025-03-08
mp,202510,0.0,RSV,202510,2025-03-08
ms,202510,29.0,RSV,202510,2025-03-08
mt,202510,63.0,RSV,202510,2025-03-08
nc,202510,194.0,RSV,202510,2025-03-08
nd,202510,43.0,RSV,202510,2025-03-08
ne,202510,82.0,RSV,202510,2025-03-08
nh,202510,20.0,RSV,202510,2025-03-08
nj,202510,141.0,RSV,202510,2025-03-08
nm,202510,173.0,RSV,202510,2025-03-08
nv,202510,58.0,RSV,202510,2025-03-08
ny,202510,328.0,RSV,202510,2025-03-08
oh,202510,186.0,RSV,202510,2025-03-08
ok,202510,115.0,RSV,202510,2025-03-08
or,202510,135.0,RSV,202510,2025-03-08
pa,202510,523.0,RSV,202510,2025-03-08
pr,202510,32.0,RSV,202510,2025-03-08
ri,202510,21.0,RSV,202510,2025-03-08
sc,202510,42.0,RSV,202510,2025-03-08
sd,202510,58.0,RSV,202510,2025-03-08
tn,202510,77.0,RSV,202510,2025-03-08
tx,202510,326.0,RSV,202510,2025-03-08
ut,202510,184.0,RSV,202510,2025-03-08
va,202510,64.0,RSV,202510,2025-03-08
vi,202510,0.0,RSV,202510,2025-03-08
vt,202510,13.0,RSV,202510,2025-03-08
wa,202510,103.0,RSV,202510,2025-03-08
wi,202510,185.0,RSV,202510,2025-03-08
wv,202510,78.0,RSV,202510,2025-03-08
wy,202510,70.0,RSV,202510,2025-03-08
ak,202511,12.0,RSV,202511,2025-03-15
al,202511,43.0,RSV,202511,2025-03-15
ar,202511,47.0,RSV,202511,2025-03-15
as,202511,8.0,RSV,202511,2025-03-15
az,202511,295.0,RSV,202511,2025-03-15
ca,202511,392.0,RSV,202511,2025-03-15
co,202511,181.0,RSV,202511,2025-03-15
ct,202511,29.0,RSV,202511,2025-03-15
dc,202511,4.0,RSV,202511,2025-03-15
de,202511,13.0,RSV,202511,2025-03-15
fl,202511,235.0,RSV,202511,2025-03-15
ga,202511,74.0,RSV,202511,2025-03-15
gu,202511,0.0,RSV,202511,2025-03-15
hi,202511,10.0,RSV,202511,2025-03-15
ia,202511,79.0,RSV,202511,2025-03-15
id,202511,68.0,RSV,202511,2025-03-15
il,202511,244.0,RSV,202511,2025-03-15
in,202511,150.0,RSV,202511,2025-03-15
ks,202511,94.0,RSV,202511,2025-03-15
ky,202511,75.0,RSV,202511,2025-03-15
la,202511,37.0,RSV,202511,2025-03-15
ma,202511,96.0,RSV,202511,2025-03-15
md,202511,19.0,RSV,202511,2025-03-15
me,202511,22.0,RSV,202511,2025-03-15
mi,202511,365.0,RSV,202511,2025-03-15
mn,202511,182.0,RSV,202511,2025-03-15
mo,202511,145.0,RSV,202511,2025-03-15
mp,202511,0.0,RSV,202511,2025-03-15
ms,202511,39.0,RSV,202511,2025-03-15
mt,202511,71.0,RSV,202511,2025-03-15
nc,202511,163.0,RSV,202511,2025-03-15
nd,202511,43.0,RSV,202511,2025-03-15
ne,202511,72.0,RSV,202511,2025-03-15
nh,202511,23.0,RSV,202511,2025-03-15
nj,202511,114.0,RSV,202511,2025-03-15
nm,202511,96.0,RSV,202511,2025-03-15
nv,202511,59.0,RSV,202511,2025-03-15
ny,202511,256.0,RSV,202511,2025-03-15
oh,202511,193.0,RSV,202511,2025-03-15
ok,202511,78.0,RSV,202511,2025-03-15
or,202511,109.0,RSV,202511,2025-03-15
pa,202511,433.0,RSV,202511,2025-03-15
pr,202511,31.0,RSV,202511,2025-03-15
ri,202511,17.0,RSV,202511,2025-03-15
sc,202511,41.0,RSV,202511,2025-03-15
sd,202511,46.0,RSV,202511,2025-03-15
tn,202511,66.0,RSV,202511,2025-03-15
tx,202511,298.0,RSV,202511,2025-03-15
ut,202511,133.0,RSV,202511,2025-03-15
va,202511,50.0,RSV,202511,2025-03-15
vi,202511,0.0,RSV,202511,2025-03-15
vt,202511,8.0,RSV,202511,2025-03-15
wa,202511,94.0,RSV,202511,2025-03-15
wi,202511,159.0,RSV,202511,2025-03-15
wv,202511,91.0,RSV,202511,2025-03-15
wy,202511,58.0,RSV,202511,2025-03-15
ak,202512,19.0,RSV,202512,2025-03-22
al,202512,38.0,RSV,202512,2025-03-22
ar,202512,46.0,RSV,202512,2025-03-22
as,202512,8.0,RSV,202512,2025-03-22
az,202512,163.0,RSV,202512,2025-03-22
ca,202512,348.0,RSV,202512,2025-03-22
co,202512,149.0,RSV,202512,2025-03-22
ct,202512,29.0,RSV,202512,2025-03-22
dc,202512,1.0,RSV,202512,2025-03-22
de,202512,15.0,RSV,202512,2025-03-22
fl,202512,232.0,RSV,202512,2025-03-22
ga,202512,45.0,RSV,202512,2025-03-22
gu,202512,0.0,RSV,202512,2025-03-22
hi,202512,8.0,RSV,202512,2025-03-22
ia,202512,62.0,RSV,202512,2025-03-22
id,202512,49.0,RSV,202512,2025-03-22
il,202512,210.0,RSV,202512,2025-03-22
in,202512,95.0,RSV,202512,2025-03-22
ks,202512,61.0,RSV,202512,2025-03-22
ky,202512,62.0,RSV,202512,2025-03-22
la,202512,45.0,RSV,202512,2025-03-22
ma,202512,65.0,RSV,202512,2025-03-22
md,202512,24.0,RSV,202512,2025-03-22
me,202512,23.0,RSV,202512,2025-03-22
mi,202512,261.0,RSV,202512,2025-03-22
mn,202512,157.0,RSV,202512,2025-03-22
mo,202512,138.0,RSV,202512,2025-03-22
mp,202512,0.0,RSV,202512,2025-03-22
ms,202512,24.0,RSV,202512,2025-03-22
mt,202512,58.0,RSV,202512,2025-03-22
nc,202512,139.0,RSV,202512,2025-03-22
nd,202512,37.0,RSV,202512,2025-03-22
ne,202512,67.0,RSV,202512,2025-03-22
nh,202512,26.0,RSV,202512,2025-03-22
nj,202512,101.0,RSV,202512,2025-03-22
nm,202512,67.0,RSV,202512,2025-03-22
nv,202512,36.0,RSV,202512,2025-03-22
ny,202512,240.0,RSV,202512,2025-03-22
oh,202512,178.0,RSV,202512,2025-03-22
ok,202512,60.0,RSV,202512,2025-03-22
or,202512,93.0,RSV,202512,2025-03-22
pa,202512,451.0,RSV,202512,2025-03-22
pr,202512,20.0,RSV,202512,2025-03-22
ri,202512,18.0,RSV,202512,2025-03-22
sc,202512,37.0,RSV,202512,2025-03-22
sd,202512,43.0,RSV,202512,2025-03-22
tn,202512,63.0,RSV,202512,2025-03-22
tx,202512,219.0,RSV,202512,2025-03-22
ut,202512,127.0,RSV,202512,2025-03-22
va,202512,39.0,RSV,202512,2025-03-22
vi,202512,1.0,RSV,202512,2025-03-22
vt,202512,4.0,RSV,202512,2025-03-22
wa,202512,81.0,RSV,202512,2025-03-22
wi,202512,118.0,RSV,202512,2025-03-22
wv,202512,67.0,RSV,202512,2025-03-22
wy,202512,47.0,RSV,202512,2025-03-22
ak,202513,2.0,RSV,202513,2025-03-29
al,202513,34.0,RSV,202513,2025-03-29
ar,202513,42.0,RSV,202513,2025-03-29
as,202513,3.0,RSV,202513,2025-03-29
az,202513,158.0,RSV,202513,2025-03-29
ca,202513,256.0,RSV,202513,2025-03-29
co,202513,151.0,RSV,202513,2025-03-29
ct,202513,24.0,RSV,202513,2025-03-29
dc,202513,0.0,RSV,202513,2025-03-29
de,202513,8.0,RSV,202513,2025-03-29
fl,202513,167.0,RSV,202513,2025-03-29
ga,202513,35.0,RSV,202513,2025-03-29
gu,202513,0.0,RSV,202513,2025-03-29
hi,202513,11.0,RSV,202513,2025-03-29
ia,202513,49.0,RSV,202513,2025-03-29
id,202513,48.0,RSV,202513,2025-03-29
il,202513,157.0,RSV,202513,2025-03-29
in,202513,60.0,RSV,202513,2025-03-29
ks,202513,52.0,RSV,202513,2025-03-29
ky,202513,67.0,RSV,202513,2025-03-29
la,202513,22.0,RSV,202513,2025-03-29
ma,202513,60.0,RSV,202513,2025-03-29
md,202513,29.0,RSV,202513,2025-03-29
me,202513,16.0,RSV,202513,2025-03-29
mi,202513,241.0,RSV,202513,2025-03-29
mn,202513,130.0,RSV,202513,2025-03-29
mo,202513,100.0,RSV,202513,2025-03-29
mp,202513,0.0,RSV,202513,2025-03-29
ms,202513,6.0,RSV,202513,2025-03-29
mt,202513,54.0,RSV,202513,2025-03-29
nc,202513,113.0,RSV,202513,2025-03-29
nd,202513,26.0,RSV,202513,2025-03-29
ne,202513,67.0,RSV,202513,2025-03-29
nh,202513,7.0,RSV,202513,2025-03-29
nj,202513,81.0,RSV,202513,2025-03-29
nm,202513,46.0,RSV,202513,2025-03-29
nv,202513,26.0,RSV,202513,2025-03-29
ny,202513,195.0,RSV,202513,2025-03-29
oh,202513,115.0,RSV,202513,2025-03-29
ok,202513,43.0,RSV,202513,2025-03-29
or,202513,77.0,RSV,202513,2025-03-29
pa,202513,339.0,RSV,202513,2025-03-29
pr,202513,29.0,RSV,202513,2025-03-29
ri,202513,14.0,RSV,202513,2025-03-29
sc,202513,28.0,RSV,202513,2025-03-29
sd,202513,37.0,RSV,202513,2025-03-29
tn,202513,46.0,RSV,202513,2025-03-29
tx,202513,156.0,RSV,202513,2025-03-29
ut,202513,76.0,RSV,202513,2025-03-29
va,202513,41.0,RSV,202513,2025-03-29
vi,202513,0.0,RSV,202513,2025-03-29
vt,202513,9.0,RSV,202513,2025-03-29
wa,202513,55.0,RSV,202513,2025-03-29
wi,202513,105.0,RSV,202513,2025-03-29
wv,202513,56.0,RSV,202513,2025-03-29
wy,202513,30.0,RSV,202513,2025-03-29
ak,202514,14.0,RSV,202514,2025-04-05
al,202514,28.0,RSV,202514,2025-04-05
ar,202514,28.0,RSV,202514,2025-04-05
as,202514,,RSV,202514,2025-04-05
az,202514,59.0,RSV,202514,2025-04-05
ca,202514,208.0,RSV,202514,2025-04-05
co,202514,104.0,RSV,202514,2025-04-05
ct,202514,24.0,RSV,202514,2025-04-05
dc,202514,0.0,RSV,202514,2025-04-05
de,202514,11.0,RSV,202514,2025-04-05
fl,202514,157.0,RSV,202514,2025-04-05
ga,202514,40.0,RSV,202514,2025-04-05
gu,202514,0.0,RSV,202514,2025-04-05
hi,202514,5.0,RSV,202514,2025-04-05
ia,202514,23.0,RSV,202514,2025-04-05
id,202514,36.0,RSV,202514,2025-04-05
il,202514,182.0,RSV,202514,2025-04-05
in,202514,65.0,RSV,202514,2025-04-05
ks,202514,32.0,RSV,202514,2025-04-05
ky,202514,55.0,RSV,202514,2025-04-05
la,202514,22.0,RSV,202514,2025-04-05
ma,202514,60.0,RSV,202514,2025-04-05
md,202514,15.0,RSV,202514,2025-04-05
me,202514,10.0,RSV,202514,2025-04-05
mi,202514,225.0,RSV,202514,2025-04-05
mn,202514,104.0,RSV,202514,2025-04-05
mo,202514,78.0,RSV,202514,2025-04-05
mp,202514,0.0,RSV,202514,2025-04-05
ms,202514,8.0,RSV,202514,2025-04-05
mt,202514,46.0,RSV,202514,2025-04-05
nc,202514,106.0,RSV,202514,2025-04-05
nd,202514,27.0,RSV,202514,2025-04-05
ne,202514,33.0,RSV,202514,2025-04-05
nh,202514,8.0,RSV,202514,2025-04-05
nj,202514,72.0,RSV,202514,2025-04-05
nm,202514,44.0,RSV,202514,2025-04-05
nv,202514,25.0,RSV,202514,2025-04-05
ny,202514,171.0,RSV,202514,2025-04-05
oh,202514,110.0,RSV,202514,2025-04-05
ok,202514,31.0,RSV,202514,2025-04-05
or,202514,51.0,RSV,202514,2025-04-05
pa,202514,257.0,RSV,202514,2025-04-05
pr,202514,38.0,RSV,202514,2025-04-05
ri,202514,9.0,RSV,202514,2025-04-05
sc,202514,37.0,RSV,202514,2025-04-05
sd,202514,37.0,RSV,202514,2025-04-05
tn,202514,39.0,RSV,202514,2025-04-05
tx,202514,123.0,RSV,202514,2025-04-05
ut,202514,70.0,RSV,202514,2025-04-05
va,202514,33.0,RSV,202514,2025-04-05
vi,202514,0.0,RSV,202514,2025-04-05
vt,202514,12.0,RSV,202514,2025-04-05
wa,202514,39.0,RSV,202514,2025-04-05
wi,202514,99.0,RSV,202514,2025-04-05
wv,202514,59.0,RSV,202514,2025-04-05
wy,202514,19.0,RSV,202514,2025-04-05
ak,202515,7.0,RSV,202515,2025-04-12
al,202515,26.0,RSV,202515,2025-04-12
ar,202515,28.0,RSV,202515,2025-04-12
as,202515,,RSV,202515,2025-04-12
az,202515,70.0,RSV,202515,2025-04-12
ca,202515,157.0,RSV,202515,2025-04-12
co,202515,74.0,RSV,202515,2025-04-12
ct,202515,18.0,RSV,202515,2025-04-12
dc,202515,1.0,RSV,202515,2025-04-12
de,202515,5.0,RSV,202515,2025-04-12
fl,202515,139.0,RSV,202515,2025-04-12
ga,202515,33.0,RSV,202515,2025-04-12
gu,202515,0.0,RSV,202515,2025-04-12
hi,202515,7.0,RSV,202515,2025-04-12
ia,202515,42.0,RSV,202515,2025-04-12
id,202515,21.0,RSV,202515,2025-04-12
il,202515,100.0,RSV,202515,2025-04-12
in,202515,53.0,RSV,202515,2025-04-12
ks,202515,16.0,RSV,202515,2025-04-12
ky,202515,57.0,RSV,202515,2025-04-12
la,202515,17.0,RSV,202515,2025-04-12
ma,202515,52.0,RSV,202515,2025-04-12
md,202515,13.0,RSV,202515,2025-04-12
me,202515,6.0,RSV,202515,2025-04-12
mi,202515,155.0,RSV,202515,2025-04-12
mn,202515,71.0,RSV,202515,2025-04-12
mo,202515,62.0,RSV,202515,2025-04-12
mp,202515,0.0,RSV,202515,2025-04-12
ms,202515,7.0,RSV,202515,2025-04-12
mt,202515,33.0,RSV,202515,2025-04-12
nc,202515,69.0,RSV,202515,2025-04-12
nd,202515,23.0,RSV,202515,2025-04-12
ne,202515,23.0,RSV,202515,2025-04-12
nh,202515,8.0,RSV,202515,2025-04-12
nj,202515,62.0,RSV,202515,2025-04-12
nm,202515,16.0,RSV,202515,2025-04-12
nv,202515,18.0,RSV,202515,2025-04-12
ny,202515,120.0,RSV,202515,2025-04-12
oh,202515,93.0,RSV,202515,2025-04-12
ok,202515,15.0,RSV,202515,2025-04-12
or,202515,38.0,RSV,202515,2025-04-12
pa,202515,187.0,RSV,202515,2025-04-12
pr,202515,58.0,RSV,202515,2025-04-12
ri,202515,6.0,RSV,202515,2025-04-12
sc,202515,19.0,RSV,202515,2025-04-12
sd,202515,21.0,RSV,202515,2025-04-12
tn,202515,24.0,RSV,202515,2025-04-12
tx,202515,116.0,RSV,202515,2025-04-12
ut,202515,28.0,RSV,202515,2025-04-12
va,202515,26.0,RSV,202515,2025-04-12
vi,202515,0.0,RSV,202515,2025-04-12
vt,202515,4.0,RSV,202515,2025-04-12
wa,202515,38.0,RSV,202515,2025-04-12
wi,202515,66.0,RSV,202515,2025-04-12
wv,202515,48.0,RSV,202515,2025-04-12
wy,202515,16.0,RSV,202515,2025-04-12
ak,202516,6.0,RSV,202516,2025-04-19
al,202516,30.0,RSV,202516,2025-04-19
ar,202516,10.0,RSV,202516,2025-04-19
as,202516,,RSV,202516,2025-04-19
az,202516,28.0,RSV,202516,2025-04-19
ca,202516,99.0,RSV,202516,2025-04-19
co,202516,55.0,RSV,202516,2025-04-19
ct,202516,10.0,RSV,202516,2025-04-19
dc,202516,0.0,RSV,202516,2025-04-19
de,202516,5.0,RSV,202516,2025-04-19
fl,202516,127.0,RSV,202516,2025-04-19
ga,202516,18.0,RSV,202516,2025-04-19
gu,202516,0.0,RSV,202516,2025-04-19
hi,202516,6.0,RSV,202516,2025-04-19
ia,202516,21.0,RSV,202516,2025-04-19
id,202516,12.0,RSV,202516,2025-04-19
il,202516,90.0,RSV,202516,2025-04-19
in,202516,25.0,RSV,202516,2025-04-19
ks,202516,25.0,RSV,202516,2025-04-19
ky,202516,43.0,RSV,202516,2025-04-19
la,202516,13.0,RSV,202516,2025-04-19
ma,202516,47.0,RSV,202516,2025-04-19
md,202516,9.0,RSV,202516,2025-04-19
me,202516,12.0,RSV,202516,2025-04-19
mi,202516,174.0,RSV,202516,2025-04-19
mn,202516,50.0,RSV,202516,2025-04-19
mo,202516,48.0,RSV,202516,2025-04-19
mp,202516,0.0,RSV,202516,2025-04-19
ms,202516,10.0,RSV,202516,2025-04-19
mt,202516,12.0,RSV,202516,2025-04-19
nc,202516,48.0,RSV,202516,2025-04-19
nd,202516,16.0,RSV,202516,2025-04-19
ne,202516,33.0,RSV,202516,2025-04-19
nh,202516,9.0,RSV,202516,2025-04-19
nj,202516,47.0,RSV,202516,2025-04-19
nm,202516,14.0,RSV,202516,2025-04-19
nv,202516,13.0,RSV,202516,2025-04-19
ny,202516,109.0,RSV,202516,2025-04-19
oh,202516,84.0,RSV,202516,2025-04-19
ok,202516,16.0,RSV,202516,2025-04-19
or,202516,27.0,RSV,202516,2025-04-19
pa,202516,169.0,RSV,202516,2025-04-19
pr,202516,21.0,RSV,202516,2025-04-19
ri,202516,7.0,RSV,202516,2025-04-19
sc,202516,22.0,RSV,202516,2025-04-19
sd,202516,16.0,RSV,202516,2025-04-19
tn,202516,28.0,RSV,202516,2025-04-19
tx,202516,107.0,RSV,202516,2025-04-19
ut,202516,17.0,RSV,202516,2025-04-19
va,202516,21.0,RSV,202516,2025-04-19
vi,202516,0.0,RSV,202516,2025-04-19
vt,202516,4.0,RSV,202516,2025-04-19
wa,202516,22.0,RSV,202516,2025-04-19
wi,202516,51.0,RSV,202516,2025-04-19
wv,202516,46.0,RSV,202516,2025-04-19
wy,202516,11.0,RSV,202516,2025-04-19
ak,202517,1.0,RSV,202517,2025-04-26
al,202517,23.0,RSV,202517,2025-04-26
ar,202517,13.0,RSV,202517,2025-04-26
as,202517,2.0,RSV,202517,2025-04-26
az,202517,20.0,RSV,202517,2025-04-26
ca,202517,100.0,RSV,202517,2025-04-26
co,202517,39.0,RSV,202517,2025-04-26
ct,202517,14.0,RSV,202517,2025-04-26
dc,202517,2.0,RSV,202517,2025-04-26
de,202517,2.0,RSV,202517,2025-04-26
fl,202517,90.0,RSV,202517,2025-04-26
ga,202517,17.0,RSV,202517,2025-04-26
gu,202517,0.0,RSV,202517,2025-04-26
hi,202517,5.0,RSV,202517,2025-04-26
ia,202517,20.0,RSV,202517,2025-04-26
id,202517,18.0,RSV,202517,2025-04-26
il,202517,49.0,RSV,202517,2025-04-26
in,202517,20.0,RSV,202517,2025-04-26
ks,202517,16.0,RSV,202517,2025-04-26
ky,202517,33.0,RSV,202517,2025-04-26
la,202517,17.0,RSV,202517,2025-04-26
ma,202517,51.0,RSV,202517,2025-04-26
md,202517,7.0,RSV,202517,2025-04-26
me,202517,6.0,RSV,202517,2025-04-26
mi,202517,135.0,RSV,202517,2025-04-26
mn,202517,36.0,RSV,202517,2025-04-26
mo,202517,38.0,RSV,202517,2025-04-26
mp,202517,0.0,RSV,202517,2025-04-26
ms,202517,8.0,RSV,202517,2025-04-26
mt,202517,19.0,RSV,202517,2025-04-26
nc,202517,39.0,RSV,202517,2025-04-26
nd,202517,4.0,RSV,202517,2025-04-26
ne,202517,16.0,RSV,202517,2025-04-26
nh,202517,9.0,RSV,202517,2025-04-26
nj,202517,35.0,RSV,202517,2025-04-26
nm,202517,10.0,RSV,202517,2025-04-26
nv,202517,4.0,RSV,202517,2025-04-26
ny,202517,95.0,RSV,202517,2025-04-26
oh,202517,67.0,RSV,202517,2025-04-26
ok,202517,10.0,RSV,202517,2025-04-26
or,202517,20.0,RSV,202517,2025-04-26
pa,202517,142.0,RSV,202517,2025-04-26
pr,202517,24.0,RSV,202517,2025-04-26
ri,202517,3.0,RSV,202517,2025-04-26
sc,202517,20.0,RSV,202517,2025-04-26
sd,202517,12.0,RSV,202517,2025-04-26
tn,202517,28.0,RSV,202517,2025-04-26
tx,202517,76.0,RSV,202517,2025-04-26
ut,202517,11.0,RSV,202517,2025-04-26
va,202517,12.0,RSV,202517,2025-04-26
vi,202517,0.0,RSV,202517,2025-04-26
vt,202517,3.0,RSV,202517,2025-04-26
wa,202517,19.0,RSV,202517,2025-04-26
wi,202517,52.0,RSV,202517,2025-04-26
wv,202517,27.0,RSV,202517,2025-04-26
wy,202517,4.0,RSV,202517,2025-04-26
ak,202518,2.0,RSV,202518,2025-05-03
al,202518,12.0,RSV,202518,2025-05-03
ar,202518,8.0,RSV,202518,2025-05-03
as,202518,2.0,RSV,202518,2025-05-03
az,202518,30.0,RSV,202518,2025-05-03
ca,202518,68.0,RSV,202518,2025-05-03
co,202518,32.0,RSV,202518,2025-05-03
ct,202518,9.0,RSV,202518,2025-05-03
dc,202518,0.0,RSV,202518,2025-05-03
de,202518,3.0,RSV,202518,2025-05-03
fl,202518,103.0,RSV,202518,2025-05-03
ga,202518,19.0,RSV,202518,2025-05-03
gu,202518,0.0,RSV,202518,2025-05-03
hi,202518,5.0,RSV,202518,2025-05-03
ia,202518,14.0,RSV,202518,2025-05-03
id,202518,8.0,RSV,202518,2025-05-03
il,202518,35.0,RSV,202518,2025-05-03
in,202518,21.0,RSV,202518,2025-05-03
ks,202518,9.0,RSV,202518,2025-05-03
ky,202518,24.0,RSV,202518,2025-05-03
la,202518,9.0,RSV,202518,2025-05-03
ma,202518,37.0,RSV,202518,2025-05-03
md,202518,5.0,RSV,202518,2025-05-03
me,202518,2.0,RSV,202518,2025-05-03
mi,202518,73.0,RSV,202518,2025-05-03
mn,202518,36.0,RSV,202518,2025-05-03
mo,202518,28.0,RSV,202518,2025-05-03
mp,202518,0.0,RSV,202518,2025-05-03
ms,202518,10.0,RSV,202518,2025-05-03
mt,202518,20.0,RSV,202518,2025-05-03
nc,202518,37.0,RSV,202518,2025-05-03
nd,202518,7.0,RSV,202518,2025-05-03
ne,202518,18.0,RSV,202518,2025-05-03
nh,202518,8.0,RSV,202518,2025-05-03
nj,202518,34.0,RSV,202518,2025-05-03
nm,202518,13.0,RSV,202518,2025-05-03
nv,202518,7.0,RSV,202518,2025-05-03
ny,202518,60.0,RSV,202518,2025-05-03
oh,202518,36.0,RSV,202518,2025-05-03
ok,202518,5.0,RSV,202518,2025-05-03
or,202518,13.0,RSV,202518,2025-05-03
pa,202518,105.0,RSV,202518,2025-05-03
pr,202518,23.0,RSV,202518,2025-05-03
ri,202518,5.0,RSV,202518,2025-05-03
sc,202518,19.0,RSV,202518,2025-05-03
sd,202518,4.0,RSV,202518,2025-05-03
tn,202518,27.0,RSV,202518,2025-05-03
tx,202518,55.0,RSV,202518,2025-05-03
ut,202518,10.0,RSV,202518,2025-05-03
va,202518,10.0,RSV,202518,2025-05-03
vi,202518,0.0,RSV,202518,2025-05-03
vt,202518,2.0,RSV,202518,2025-05-03
wa,202518,10.0,RSV,202518,2025-05-03
wi,202518,28.0,RSV,202518,2025-05-03
wv,202518,23.0,RSV,202518,2025-05-03
wy,202518,3.0,RSV,202518,2025-05-03
ak,202519,3.0,RSV,202519,2025-05-10
al,202519,14.0,RSV,202519,2025-05-10
ar,202519,8.0,RSV,202519,2025-05-10
as,202519,0.0,RSV,202519,2025-05-10
az,202519,6.0,RSV,202519,2025-05-10
ca,202519,46.0,RSV,202519,2025-05-10
co,202519,26.0,RSV,202519,2025-05-10
ct,202519,8.0,RSV,202519,2025-05-10
dc,202519,0.0,RSV,202519,2025-05-10
de,202519,2.0,RSV,202519,2025-05-10
fl,202519,73.0,RSV,202519,2025-05-10
ga,202519,17.0,RSV,202519,2025-05-10
gu,202519,0.0,RSV,202519,2025-05-10
hi,202519,7.0,RSV,202519,2025-05-10
ia,202519,10.0,RSV,202519,2025-05-10
id,202519,6.0,RSV,202519,2025-05-10
il,202519,25.0,RSV,202519,2025-05-10
in,202519,18.0,RSV,202519,2025-05-10
ks,202519,7.0,RSV,202519,2025-05-10
ky,202519,25.0,RSV,202519,2025-05-10
la,202519,12.0,RSV,202519,2025-05-10
ma,202519,23.0,RSV,202519,2025-05-10
md,202519,9.0,RSV,202519,2025-05-10
me,202519,3.0,RSV,202519,2025-05-10
mi,202519,32.0,RSV,202519,2025-05-10
mn,202519,25.0,RSV,202519,2025-05-10
mo,202519,26.0,RSV,202519,2025-05-10
mp,202519,0.0,RSV,202519,2025-05-10
ms,202519,3.0,RSV,202519,2025-05-10
mt,202519,17.0,RSV,202519,2025-05-10
nc,202519,26.0,RSV,202519,2025-05-10
nd,202519,3.0,RSV,202519,2025-05-10
ne,202519,10.0,RSV,202519,2025-05-10
nh,202519,6.0,RSV,202519,2025-05-10
nj,202519,17.0,RSV,202519,2025-05-10
nm,202519,5.0,RSV,202519,2025-05-10
nv,202519,7.0,RSV,202519,2025-05-10
ny,202519,58.0,RSV,202519,2025-05-10
oh,202519,35.0,RSV,202519,2025-05-10
ok,202519,7.0,RSV,202519,2025-05-10
or,202519,9.0,RSV,202519,2025-05-10
pa,202519,86.0,RSV,202519,2025-05-10
pr,202519,27.0,RSV,202519,2025-05-10
ri,202519,2.0,RSV,202519,2025-05-10
sc,202519,14.0,RSV,202519,2025-05-10
sd,202519,6.0,RSV,202519,2025-05-10
tn,202519,10.0,RSV,202519,2025-05-10
tx,202519,35.0,RSV,202519,2025-05-10
ut,202519,10.0,RSV,202519,2025-05-10
va,202519,14.0,RSV,202519,2025-05-10
vi,202519,0.0,RSV,202519,2025-05-10
vt,202519,1.0,RSV,202519,2025-05-10
wa,202519,5.0,RSV,202519,2025-05-10
wi,202519,29.0,RSV,202519,2025-05-10
wv,202519,16.0,RSV,202519,2025-05-10
wy,202519,3.0,RSV,202519,2025-05-10
ak,202520,0.0,RSV,202520,2025-05-17
al,202520,12.0,RSV,202520,2025-05-17
ar,202520,8.0,RSV,202520,2025-05-17
as,202520,,RSV,202520,2025-05-17
az,202520,6.0,RSV,202520,2025-05-17
ca,202520,38.0,RSV,202520,2025-05-17
co,202520,15.0,RSV,202520,2025-05-17
ct,202520,9.0,RSV,202520,2025-05-17
dc,202520,0.0,RSV,202520,2025-05-17
de,202520,3.0,RSV,202520,2025-05-17
fl,202520,80.0,RSV,202520,2025-05-17
ga,202520,13.0,RSV,202520,2025-05-17
gu,202520,0.0,RSV,202520,2025-05-17
hi,202520,7.0,RSV,202520,2025-05-17
ia,202520,95.0,RSV,202520,2025-05-17
id,202520,3.0,RSV,202520,2025-05-17
il,202520,20.0,RSV,202520,2025-05-17
in,202520,13.0,RSV,202520,2025-05-17
ks,202520,6.0,RSV,202520,2025-05-17
ky,202520,23.0,RSV,202520,2025-05-17
la,202520,5.0,RSV,202520,2025-05-17
ma,202520,15.0,RSV,202520,2025-05-17
md,202520,7.0,RSV,202520,2025-05-17
me,202520,6.0,RSV,202520,2025-05-17
mi,202520,32.0,RSV,202520,2025-05-17
mn,202520,5.0,RSV,202520,2025-05-17
mo,202520,24.0,RSV,202520,2025-05-17
mp,202520,0.0,RSV,202520,2025-05-17
ms,202520,5.0,RSV,202520,2025-05-17
mt,202520,5.0,RSV,202520,2025-05-17
nc,202520,29.0,RSV,202520,2025-05-17
nd,202520,2.0,RSV,202520,2025-05-17
ne,202520,4.0,RSV,202520,2025-05-17
nh,202520,1.0,RSV,202520,2025-05-17
nj,202520,10.0,RSV,202520,2025-05-17
nm,202520,2.0,RSV,202520,2025-05-17
nv,202520,2.0,RSV,202520,2025-05-17
ny,202520,45.0,RSV,202520,2025-05-17
oh,202520,19.0,RSV,202520,2025-05-17
ok,202520,9.0,RSV,202520,2025-05-17
or,202520,8.0,RSV,202520,2025-05-17
pa,202520,77.0,RSV,202520,2025-05-17
pr,202520,12.0,RSV,202520,2025-05-17
ri,202520,5.0,RSV,202520,2025-05-17
sc,202520,10.0,RSV,202520,2025-05-17
sd,202520,2.0,RSV,202520,2025-05-17
tn,202520,15.0,RSV,202520,2025-05-17
tx,202520,44.0,RSV,202520,2025-05-17
ut,202520,6.0,RSV,202520,2025-05-17
va,202520,8.0,RSV,202520,2025-05-17
vi,202520,0.0,RSV,202520,2025-05-17
vt,202520,0.0,RSV,202520,2025-05-17
wa,202520,7.0,RSV,202520,2025-05-17
wi,202520,21.0,RSV,202520,2025-05-17
wv,202520,7.0,RSV,202520,2025-05-17
wy,202520,0.0,RSV,202520,2025-05-17
ak,202521,1.0,RSV,202521,2025-05-24
al,202521,3.0,RSV,202521,2025-05-24
ar,202521,5.0,RSV,202521,2025-05-24
as,202521,,RSV,202521,2025-05-24
az,202521,10.0,RSV,202521,2025-05-24
ca,202521,33.0,RSV,202521,2025-05-24
co,202521,12.0,RSV,202521,2025-05-24
ct,202521,2.0,RSV,202521,2025-05-24
dc,202521,0.0,RSV,202521,2025-05-24
de,202521,0.0,RSV,202521,2025-05-24
fl,202521,72.0,RSV,202521,2025-05-24
ga,202521,15.0,RSV,202521,2025-05-24
gu,202521,0.0,RSV,202521,2025-05-24
hi,202521,4.0,RSV,202521,2025-05-24
ia,202521,4.0,RSV,202521,2025-05-24
id,202521,4.0,RSV,202521,2025-05-24
il,202521,17.0,RSV,202521,2025-05-24
in,202521,9.0,RSV,202521,2025-05-24
ks,202521,7.0,RSV,202521,2025-05-24
ky,202521,15.0,RSV,202521,2025-05-24
la,202521,9.0,RSV,202521,2025-05-24
ma,202521,12.0,RSV,202521,2025-05-24
md,202521,13.0,RSV,202521,2025-05-24
me,202521,3.0,RSV,202521,2025-05-24
mi,202521,12.0,RSV,202521,2025-05-24
mn,202521,7.0,RSV,202521,2025-05-24
mo,202521,21.0,RSV,202521,2025-05-24
mp,202521,0.0,RSV,202521,2025-05-24
ms,202521,5.0,RSV,202521,2025-05-24
mt,202521,3.0,RSV,202521,2025-05-24
nc,202521,16.0,RSV,202521,2025-05-24
nd,202521,1.0,RSV,202521,2025-05-24
ne,202521,3.0,RSV,202521,2025-05-24
nh,202521,1.0,RSV,202521,2025-05-24
nj,202521,15.0,RSV,202521,2025-05-24
nm,202521,1.0,RSV,202521,2025-05-24
nv,202521,2.0,RSV,202521,2025-05-24
ny,202521,38.0,RSV,202521,2025-05-24
oh,202521,10.0,RSV,202521,2025-05-24
ok,202521,4.0,RSV,202521,2025-05-24
or,202521,11.0,RSV,202521,2025-05-24
pa,202521,77.0,RSV,202521,2025-05-24
pr,202521,11.0,RSV,202521,2025-05-24
ri,202521,1.0,RSV,202521,2025-05-24
sc,202521,7.0,RSV,202521,2025-05-24
sd,202521,2.0,RSV,202521,2025-05-24
tn,202521,17.0,RSV,202521,2025-05-24
tx,202521,54.0,RSV,202521,2025-05-24
ut,202521,6.0,RSV,202521,2025-05-24
va,202521,5.0,RSV,202521,2025-05-24
vi,202521,0.0,RSV,202521,2025-05-24
vt,202521,1.0,RSV,202521,2025-05-24
wa,202521,7.0,RSV,202521,2025-05-24
wi,202521,10.0,RSV,202521,2025-05-24
wv,202521,6.0,RSV,202521,2025-05-24
wy,202521,6.0,RSV,202521,2025-05-24
ak,202522,2.0,RSV,202522,2025-05-31
al,202522,9.0,RSV,202522,2025-05-31
ar,202522,10.0,RSV,202522,2025-05-31
as,202522,0.0,RSV,202522,2025-05-31
az,202522,9.0,RSV,202522,2025-05-31
ca,202522,24.0,RSV,202522,2025-05-31
co,202522,9.0,RSV,202522,2025-05-31
ct,202522,2.0,RSV,202522,2025-05-31
dc,202522,0.0,RSV,202522,2025-05-31
de,202522,2.0,RSV,202522,2025-05-31
fl,202522,81.0,RSV,202522,2025-05-31
ga,202522,15.0,RSV,202522,2025-05-31
gu,202522,0.0,RSV,202522,2025-05-31
hi,202522,2.0,RSV,202522,2025-05-31
ia,202522,5.0,RSV,202522,2025-05-31
id,202522,4.0,RSV,202522,2025-05-31
il,202522,11.0,RSV,202522,2025-05-31
in,202522,9.0,RSV,202522,2025-05-31
ks,202522,3.0,RSV,202522,2025-05-31
ky,202522,14.0,RSV,202522,2025-05-31
la,202522,5.0,RSV,202522,2025-05-31
ma,202522,10.0,RSV,202522,2025-05-31
md,202522,20.0,RSV,202522,2025-05-31
me,202522,0.0,RSV,202522,2025-05-31
mi,202522,15.0,RSV,202522,2025-05-31
mn,202522,4.0,RSV,202522,2025-05-31
mo,202522,26.0,RSV,202522,2025-05-31
mp,202522,0.0,RSV,202522,2025-05-31
ms,202522,1.0,RSV,202522,2025-05-31
mt,202522,0.0,RSV,202522,2025-05-31
nc,202522,9.0,RSV,202522,2025-05-31
nd,202522,3.0,RSV,202522,2025-05-31
ne,202522,3.0,RSV,202522,2025-05-31
nh,202522,0.0,RSV,202522,2025-05-31
nj,202522,22.0,RSV,202522,2025-05-31
nm,202522,1.0,RSV,202522,2025-05-31
nv,202522,1.0,RSV,202522,2025-05-31
ny,202522,19.0,RSV,202522,2025-05-31
oh,202522,18.0,RSV,202522,2025-05-31
ok,202522,3.0,RSV,202522,2025-05-31
or,202522,5.0,RSV,202522,2025-05-31
pa,202522,134.0,RSV,202522,2025-05-31
pr,202522,6.0,RSV,202522,2025-05-31
ri,202522,2.0,RSV,202522,2025-05-31
sc,202522,7.0,RSV,202522,2025-05-31
sd,202522,4.0,RSV,202522,2025-05-31
tn,202522,5.0,RSV,202522,2025-05-31
tx,202522,26.0,RSV,202522,2025-05-31
ut,202522,2.0,RSV,202522,2025-05-31
va,202522,4.0,RSV,202522,2025-05-31
vi,202522,0.0,RSV,202522,2025-05-31
vt,202522,1.0,RSV,202522,2025-05-31
wa,202522,4.0,RSV,202522,2025-05-31
wi,202522,9.0,RSV,202522,2025-05-31
wv,202522,10.0,RSV,202522,2025-05-31
wy,202522,2.0,RSV,202522,2025-05-31
ak,202523,2.0,RSV,202523,2025-06-07
al,202523,12.0,RSV,202523,2025-06-07
ar,202523,7.0,RSV,202523,2025-06-07
as,202523,1.0,RSV,202523,2025-06-07
az,202523,3.0,RSV,202523,2025-06-07
ca,202523,20.0,RSV,202523,2025-06-07
co,202523,6.0,RSV,202523,2025-06-07
ct,202523,2.0,RSV,202523,2025-06-07
dc,202523,0.0,RSV,202523,2025-06-07
de,202523,2.0,RSV,202523,2025-06-07
fl,202523,81.0,RSV,202523,2025-06-07
ga,202523,9.0,RSV,202523,2025-06-07
gu,202523,0.0,RSV,202523,2025-06-07
hi,202523,6.0,RSV,202523,2025-06-07
ia,202523,2.0,RSV,202523,2025-06-07
id,202523,6.0,RSV,202523,2025-06-07
il,202523,7.0,RSV,202523,2025-06-07
in,202523,2.0,RSV,202523,2025-06-07
ks,202523,5.0,RSV,202523,2025-06-07
ky,202523,7.0,RSV,202523,2025-06-07
la,202523,4.0,RSV,202523,2025-06-07
ma,202523,11.0,RSV,202523,2025-06-07
md,202523,20.0,RSV,202523,2025-06-07
me,202523,1.0,RSV,202523,2025-06-07
mi,202523,10.0,RSV,202523,2025-06-07
mn,202523,2.0,RSV,202523,2025-06-07
mo,202523,21.0,RSV,202523,2025-06-07
mp,202523,0.0,RSV,202523,2025-06-07
ms,202523,3.0,RSV,202523,2025-06-07
mt,202523,1.0,RSV,202523,2025-06-07
nc,202523,9.0,RSV,202523,2025-06-07
nd,202523,0.0,RSV,202523,2025-06-07
ne,202523,3.0,RSV,202523,2025-06-07
nh,202523,0.0,RSV,202523,2025-06-07
nj,202523,12.0,RSV,202523,2025-06-07
nm,202523,2.0,RSV,202523,2025-06-07
nv,202523,0.0,RSV,202523,2025-06-07
ny,202523,26.0,RSV,202523,2025-06-07
oh,202523,8.0,RSV,202523,2025-06-07
ok,202523,5.0,RSV,202523,2025-06-07
or,202523,4.0,RSV,202523,2025-06-07
pa,202523,63.0,RSV,202523,2025-06-07
pr,202523,6.0,RSV,202523,2025-06-07
ri,202523,2.0,RSV,202523,2025-06-07
sc,202523,13.0,RSV,202523,2025-06-07
sd,202523,2.0,RSV,202523,2025-06-07
tn,202523,11.0,RSV,202523,2025-06-07
tx,202523,31.0,RSV,202523,2025-06-07
ut,202523,4.0,RSV,202523,2025-06-07
va,202523,4.0,RSV,202523,2025-06-07
vi,202523,0.0,RSV,202523,2025-06-07
vt,202523,0.0,RSV,202523,2025-06-07
wa,202523,2.0,RSV,202523,2025-06-07
wi,202523,6.0,RSV,202523,2025-06-07
wv,202523,10.0,RSV,202523,2025-06-07
wy,202523,1.0,RSV,202523,2025-06-07
ak,202524,3.0,RSV,202524,2025-06-14
al,202524,9.0,RSV,202524,2025-06-14
ar,202524,6.0,RSV,202524,2025-06-14
as,202524,0.0,RSV,202524,2025-06-14
az,202524,14.0,RSV,202524,2025-06-14
ca,202524,16.0,RSV,202524,2025-06-14
co,202524,0.0,RSV,202524,2025-06-14
ct,202524,4.0,RSV,202524,2025-06-14
dc,202524,0.0,RSV,202524,2025-06-14
de,202524,2.0,RSV,202524,2025-06-14
fl,202524,80.0,RSV,202524,2025-06-14
ga,202524,10.0,RSV,202524,2025-06-14
gu,202524,0.0,RSV,202524,2025-06-14
hi,202524,5.0,RSV,202524,2025-06-14
ia,202524,3.0,RSV,202524,2025-06-14
id,202524,0.0,RSV,202524,2025-06-14
il,202524,3.0,RSV,202524,2025-06-14
in,202524,7.0,RSV,202524,2025-06-14
ks,202524,3.0,RSV,202524,2025-06-14
ky,202524,8.0,RSV,202524,2025-06-14
la,202524,4.0,RSV,202524,2025-06-14
ma,202524,15.0,RSV,202524,2025-06-14
md,202524,9.0,RSV,202524,2025-06-14
me,202524,0.0,RSV,202524,2025-06-14
mi,202524,19.0,RSV,202524,2025-06-14
mn,202524,2.0,RSV,202524,2025-06-14
mo,202524,18.0,RSV,202524,2025-06-14
mp,202524,0.0,RSV,202524,2025-06-14
ms,202524,6.0,RSV,202524,2025-06-14
mt,202524,1.0,RSV,202524,2025-06-14
nc,202524,11.0,RSV,202524,2025-06-14
nd,202524,2.0,RSV,202524,2025-06-14
ne,202524,3.0,RSV,202524,2025-06-14
nh,202524,0.0,RSV,202524,2025-06-14
nj,202524,13.0,RSV,202524,2025-06-14
nm,202524,1.0,RSV,202524,2025-06-14
nv,202524,1.0,RSV,202524,2025-06-14
ny,202524,23.0,RSV,202524,2025-06-14
oh,202524,5.0,RSV,202524,2025-06-14
ok,202524,3.0,RSV,202524,2025-06-14
or,202524,0.0,RSV,202524,2025-06-14
pa,202524,42.0,RSV,202524,2025-06-14
pr,202524,16.0,RSV,202524,2025-06-14
ri,202524,0.0,RSV,202524,2025-06-14
sc,202524,7.0,RSV,202524,2025-06-14
sd,202524,0.0,RSV,202524,2025-06-14
tn,202524,3.0,RSV,202524,2025-06-14
tx,202524,21.0,RSV,202524,2025-06-14
ut,202524,4.0,RSV,202524,2025-06-14
va,202524,2.0,RSV,202524,2025-06-14
vi,202524,0.0,RSV,202524,2025-06-14
vt,202524,1.0,RSV,202524,2025-06-14
wa,202524,2.0,RSV,202524,2025-06-14
wi,202524,2.0,RSV,202524,2025-06-14
wv,202524,9.0,RSV,202524,2025-06-14
wy,202524,0.0,RSV,202524,2025-06-14
ak,202525,4.0,RSV,202525,2025-06-21
al,202525,7.0,RSV,202525,2025-06-21
ar,202525,4.0,RSV,202525,2025-06-21
as,202525,2.0,RSV,202525,2025-06-21
az,202525,2.0,RSV,202525,2025-06-21
ca,202525,9.0,RSV,202525,2025-06-21
co,202525,0.0,RSV,202525,2025-06-21
ct,202525,1.0,RSV,202525,2025-06-21
dc,202525,0.0,RSV,202525,2025-06-21
de,202525,0.0,RSV,202525,2025-06-21
fl,202525,62.0,RSV,202525,2025-06-21
ga,202525,6.0,RSV,202525,2025-06-21
gu,202525,1.0,RSV,202525,2025-06-21
hi,202525,1.0,RSV,202525,2025-06-21
ia,202525,1.0,RSV,202525,2025-06-21
id,202525,0.0,RSV,202525,2025-06-21
il,202525,6.0,RSV,202525,2025-06-21
in,202525,3.0,RSV,202525,2025-06-21
ks,202525,3.0,RSV,202525,2025-06-21
ky,202525,8.0,RSV,202525,2025-06-21
la,202525,3.0,RSV,202525,2025-06-21
ma,202525,6.0,RSV,202525,2025-06-21
md,202525,8.0,RSV,202525,2025-06-21
me,202525,0.0,RSV,202525,2025-06-21
mi,202525,4.0,RSV,202525,2025-06-21
mn,202525,4.0,RSV,202525,2025-06-21
mo,202525,16.0,RSV,202525,2025-06-21
mp,202525,0.0,RSV,202525,2025-06-21
ms,202525,1.0,RSV,202525,2025-06-21
mt,202525,1.0,RSV,202525,2025-06-21
nc,202525,9.0,RSV,202525,2025-06-21
nd,202525,2.0,RSV,202525,2025-06-21
ne,202525,2.0,RSV,202525,2025-06-21
nh,202525,0.0,RSV,202525,2025-06-21
nj,202525,10.0,RSV,202525,2025-06-21
nm,202525,0.0,RSV,202525,2025-06-21
nv,202525,1.0,RSV,202525,2025-06-21
ny,202525,12.0,RSV,202525,2025-06-21
oh,202525,8.0,RSV,202525,2025-06-21
ok,202525,6.0,RSV,202525,2025-06-21
or,202525,0.0,RSV,202525,2025-06-21
pa,202525,35.0,RSV,202525,2025-06-21
pr,202525,3.0,RSV,202525,2025-06-21
ri,202525,1.0,RSV,202525,2025-06-21
sc,202525,6.0,RSV,202525,2025-06-21
sd,202525,0.0,RSV,202525,2025-06-21
tn,202525,2.0,RSV,202525,2025-06-21
tx,202525,24.0,RSV,202525,2025-06-21
ut,202525,2.0,RSV,202525,2025-06-21
va,202525,5.0,RSV,202525,2025-06-21
vi,202525,0.0,RSV,202525,2025-06-21
vt,202525,1.0,RSV,202525,2025-06-21
wa,202525,0.0,RSV,202525,2025-06-21
wi,202525,3.0,RSV,202525,2025-06-21
wv,202525,13.0,RSV,202525,2025-06-21
wy,202525,0.0,RSV,202525,2025-06-21
ak,202526,2.0,RSV,202526,2025-06-28
al,202526,6.0,RSV,202526,2025-06-28
ar,202526,4.0,RSV,202526,2025-06-28
as,202526,0.0,RSV,202526,2025-06-28
az,202526,0.0,RSV,202526,2025-06-28
ca,202526,6.0,RSV,202526,2025-06-28
co,202526,0.0,RSV,202526,2025-06-28
ct,202526,2.0,RSV,202526,2025-06-28
dc,202526,0.0,RSV,202526,2025-06-28
de,202526,1.0,RSV,202526,2025-06-28
fl,202526,53.0,RSV,202526,2025-06-28
ga,202526,6.0,RSV,202526,2025-06-28
gu,202526,1.0,RSV,202526,2025-06-28
hi,202526,4.0,RSV,202526,2025-06-28
ia,202526,3.0,RSV,202526,2025-06-28
id,202526,0.0,RSV,202526,2025-06-28
il,202526,5.0,RSV,202526,2025-06-28
in,202526,2.0,RSV,202526,2025-06-28
ks,202526,2.0,RSV,202526,2025-06-28
ky,202526,10.0,RSV,202526,2025-06-28
la,202526,4.0,RSV,202526,2025-06-28
ma,202526,6.0,RSV,202526,2025-06-28
md,202526,3.0,RSV,202526,2025-06-28
me,202526,0.0,RSV,202526,2025-06-28
mi,202526,3.0,RSV,202526,2025-06-28
mn,202526,3.0,RSV,202526,2025-06-28
mo,202526,18.0,RSV,202526,2025-06-28
mp,202526,0.0,RSV,202526,2025-06-28
ms,202526,1.0,RSV,202526,2025-06-28
mt,202526,0.0,RSV,202526,2025-06-28
nc,202526,10.0,RSV,202526,2025-06-28
nd,202526,0.0,RSV,202526,2025-06-28
ne,202526,1.0,RSV,202526,2025-06-28
nh,202526,1.0,RSV,202526,2025-06-28
nj,202526,7.0,RSV,202526,2025-06-28
nm,202526,0.0,RSV,202526,2025-06-28
nv,202526,0.0,RSV,202526,2025-06-28
ny,202526,13.0,RSV,202526,2025-06-28
oh,202526,4.0,RSV,202526,2025-06-28
ok,202526,4.0,RSV,202526,2025-06-28
or,202526,1.0,RSV,202526,2025-06-28
pa,202526,41.0,RSV,202526,2025-06-28
pr,202526,2.0,RSV,202526,2025-06-28
ri,202526,0.0,RSV,202526,2025-06-28
sc,202526,3.0,RSV,202526,2025-06-28
sd,202526,0.0,RSV,202526,2025-06-28
tn,202526,5.0,RSV,202526,2025-06-28
tx,202526,15.0,RSV,202526,2025-06-28
ut,202526,0.0,RSV,202526,2025-06-28
va,202526,5.0,RSV,202526,2025-06-28
vi,202526,0.0,RSV,202526,2025-06-28
vt,202526,0.0,RSV,202526,2025-06-28
wa,202526,0.0,RSV,202526,2025-06-28
wi,202526,2.0,RSV,202526,2025-06-28
wv,202526,6.0,RSV,202526,2025-06-28
wy,202526,0.0,RSV,202526,2025-06-28
ak,202527,0.0,RSV,202527,2025-07-05
al,202527,3.0,RSV,202527,2025-07-05
ar,202527,2.0,RSV,202527,2025-07-05
as,202527,3.0,RSV,202527,2025-07-05
az,202527,1.0,RSV,202527,2025-07-05
ca,202527,12.0,RSV,202527,2025-07-05
co,202527,2.0,RSV,202527,2025-07-05
ct,202527,2.0,RSV,202527,2025-07-05
dc,202527,0.0,RSV,202527,2025-07-05
de,202527,0.0,RSV,202527,2025-07-05
fl,202527,65.0,RSV,202527,2025-07-05
ga,202527,6.0,RSV,202527,2025-07-05
gu,202527,0.0,RSV,202527,2025-07-05
hi,202527,1.0,RSV,202527,2025-07-05
ia,202527,1.0,RSV,202527,2025-07-05
id,202527,0.0,RSV,202527,2025-07-05
il,202527,3.0,RSV,202527,2025-07-05
in,202527,1.0,RSV,202527,2025-07-05
ks,202527,0.0,RSV,202527,2025-07-05
ky,202527,3.0,RSV,202527,2025-07-05
la,202527,4.0,RSV,202527,2025-07-05
ma,202527,13.0,RSV,202527,2025-07-05
md,202527,5.0,RSV,202527,2025-07-05
me,202527,0.0,RSV,202527,2025-07-05
mi,202527,5.0,RSV,202527,2025-07-05
mn,202527,3.0,RSV,202527,2025-07-05
mo,202527,2.0,RSV,202527,2025-07-05
mp,202527,0.0,RSV,202527,2025-07-05
ms,202527,0.0,RSV,202527,2025-07-05
mt,202527,1.0,RSV,202527,2025-07-05
nc,202527,11.0,RSV,202527,2025-07-05
nd,202527,0.0,RSV,202527,2025-07-05
ne,202527,1.0,RSV,202527,2025-07-05
nh,202527,0.0,RSV,202527,2025-07-05
nj,202527,3.0,RSV,202527,2025-07-05
nm,202527,0.0,RSV,202527,2025-07-05
nv,202527,0.0,RSV,202527,2025-07-05
ny,202527,16.0,RSV,202527,2025-07-05
oh,202527,4.0,RSV,202527,2025-07-05
ok,202527,1.0,RSV,202527,2025-07-05
or,202527,0.0,RSV,202527,2025-07-05
pa,202527,22.0,RSV,202527,2025-07-05
pr,202527,6.0,RSV,202527,2025-07-05
ri,202527,0.0,RSV,202527,2025-07-05
sc,202527,3.0,RSV,202527,2025-07-05
sd,202527,0.0,RSV,202527,2025-07-05
tn,202527,5.0,RSV,202527,2025-07-05
tx,202527,19.0,RSV,202527,2025-07-05
ut,202527,1.0,RSV,202527,2025-07-05
va,202527,1.0,RSV,202527,2025-07-05
vi,202527,0.0,RSV,202527,2025-07-05
vt,202527,0.0,RSV,202527,2025-07-05
wa,202527,1.0,RSV,202527,2025-07-05
wi,202527,5.0,RSV,202527,2025-07-05
wv,202527,1.0,RSV,202527,2025-07-05
wy,202527,0.0,RSV,202527,2025-07-05
ak,202528,0.0,RSV,202528,2025-07-12
al,202528,6.0,RSV,202528,2025-07-12
ar,202528,0.0,RSV,202528,2025-07-12
as,202528,0.0,RSV,202528,2025-07-12
az,202528,1.0,RSV,202528,2025-07-12
ca,202528,10.0,RSV,202528,2025-07-12
co,202528,1.0,RSV,202528,2025-07-12
ct,202528,1.0,RSV,202528,2025-07-12
dc,202528,0.0,RSV,202528,2025-07-12
de,202528,0.0,RSV,202528,2025-07-12
fl,202528,78.0,RSV,202528,2025-07-12
ga,202528,5.0,RSV,202528,2025-07-12
gu,202528,0.0,RSV,202528,2025-07-12
hi,202528,5.0,RSV,202528,2025-07-12
ia,202528,1.0,RSV,202528,2025-07-12
id,202528,0.0,RSV,202528,2025-07-12
il,202528,2.0,RSV,202528,2025-07-12
in,202528,1.0,RSV,202528,2025-07-12
ks,202528,1.0,RSV,202528,2025-07-12
ky,202528,2.0,RSV,202528,2025-07-12
la,202528,5.0,RSV,202528,2025-07-12
ma,202528,9.0,RSV,202528,2025-07-12
md,202528,0.0,RSV,202528,2025-07-12
me,202528,0.0,RSV,202528,2025-07-12
mi,202528,2.0,RSV,202528,2025-07-12
mn,202528,1.0,RSV,202528,2025-07-12
mo,202528,1.0,RSV,202528,2025-07-12
mp,202528,0.0,RSV,202528,2025-07-12
ms,202528,2.0,RSV,202528,2025-07-12
mt,202528,0.0,RSV,202528,2025-07-12
nc,202528,7.0,RSV,202528,2025-07-12
nd,202528,1.0,RSV,202528,2025-07-12
ne,202528,0.0,RSV,202528,2025-07-12
nh,202528,0.0,RSV,202528,2025-07-12
nj,202528,10.0,RSV,202528,2025-07-12
nm,202528,1.0,RSV,202528,2025-07-12
nv,202528,0.0,RSV,202528,2025-07-12
ny,202528,14.0,RSV,202528,2025-07-12
oh,202528,7.0,RSV,202528,2025-07-12
ok,202528,0.0,RSV,202528,2025-07-12
or,202528,0.0,RSV,202528,2025-07-12
pa,202528,38.0,RSV,202528,2025-07-12
pr,202528,1.0,RSV,202528,2025-07-12
ri,202528,0.0,RSV,202528,2025-07-12
sc,202528,2.0,RSV,202528,2025-07-12
sd,202528,0.0,RSV,202528,2025-07-12
tn,202528,1.0,RSV,202528,2025-07-12
tx,202528,16.0,RSV,202528,2025-07-12
ut,202528,2.0,RSV,202528,2025-07-12
va,202528,3.0,RSV,202528,2025-07-12
vi,202528,0.0,RSV,202528,2025-07-12
vt,202528,0.0,RSV,202528,2025-07-12
wa,202528,1.0,RSV,202528,2025-07-12
wi,202528,1.0,RSV,202528,2025-07-12
wv,202528,4.0,RSV,202528,2025-07-12
wy,202528,0.0,RSV,202528,2025-07-12
ak,202529,0.0,RSV,202529,2025-07-19
al,202529,8.0,RSV,202529,2025-07-19
ar,202529,0.0,RSV,202529,2025-07-19
as,202529,0.0,RSV,202529,2025-07-19
az,202529,0.0,RSV,202529,2025-07-19
ca,202529,4.0,RSV,202529,2025-07-19
co,202529,2.0,RSV,202529,2025-07-19
ct,202529,1.0,RSV,202529,2025-07-19
dc,202529,0.0,RSV,202529,2025-07-19
de,202529,0.0,RSV,202529,2025-07-19
fl,202529,81.0,RSV,202529,2025-07-19
ga,202529,12.0,RSV,202529,2025-07-19
gu,202529,1.0,RSV,202529,2025-07-19
hi,202529,2.0,RSV,202529,2025-07-19
ia,202529,1.0,RSV,202529,2025-07-19
id,202529,0.0,RSV,202529,2025-07-19
il,202529,2.0,RSV,202529,2025-07-19
in,202529,0.0,RSV,202529,2025-07-19
ks,202529,0.0,RSV,202529,2025-07-19
ky,202529,4.0,RSV,202529,2025-07-19
la,202529,3.0,RSV,202529,2025-07-19
ma,202529,5.0,RSV,202529,2025-07-19
md,202529,7.0,RSV,202529,2025-07-19
me,202529,0.0,RSV,202529,2025-07-19
mi,202529,1.0,RSV,202529,2025-07-19
mn,202529,3.0,RSV,202529,2025-07-19
mo,202529,3.0,RSV,202529,2025-07-19
mp,202529,0.0,RSV,202529,2025-07-19
ms,202529,2.0,RSV,202529,2025-07-19
mt,202529,0.0,RSV,202529,2025-07-19
nc,202529,7.0,RSV,202529,2025-07-19
nd,202529,0.0,RSV,202529,2025-07-19
ne,202529,2.0,RSV,202529,2025-07-19
nh,202529,0.0,RSV,202529,2025-07-19
nj,202529,6.0,RSV,202529,2025-07-19
nm,202529,1.0,RSV,202529,2025-07-19
nv,202529,0.0,RSV,202529,2025-07-19
ny,202529,14.0,RSV,202529,2025-07-19
oh,202529,10.0,RSV,202529,2025-07-19
ok,202529,11.0,RSV,202529,2025-07-19
or,202529,0.0,RSV,202529,2025-07-19
pa,202529,38.0,RSV,202529,2025-07-19
pr,202529,0.0,RSV,202529,2025-07-19
ri,202529,0.0,RSV,202529,2025-07-19
sc,202529,0.0,RSV,202529,2025-07-19
sd,202529,0.0,RSV,202529,2025-07-19
tn,202529,1.0,RSV,202529,2025-07-19
tx,202529,10.0,RSV,202529,2025-07-19
ut,202529,0.0,RSV,202529,2025-07-19
va,202529,2.0,RSV,202529,2025-07-19
vi,202529,0.0,RSV,202529,2025-07-19
vt,202529,1.0,RSV,202529,2025-07-19
wa,202529,0.0,RSV,202529,2025-07-19
wi,202529,1.0,RSV,202529,2025-07-19
wv,202529,3.0,RSV,202529,2025-07-19
wy,202529,0.0,RSV,202529,2025-07-19
ak,202530,1.0,RSV,202530,2025-07-26
al,202530,2.0,RSV,202530,2025-07-26
ar,202530,5.0,RSV,202530,2025-07-26
as,202530,0.0,RSV,202530,2025-07-26
az,202530,1.0,RSV,202530,2025-07-26
ca,202530,20.0,RSV,202530,2025-07-26
co,202530,3.0,RSV,202530,2025-07-26
ct,202530,1.0,RSV,202530,2025-07-26
dc,202530,0.0,RSV,202530,2025-07-26
de,202530,1.0,RSV,202530,2025-07-26
fl,202530,76.0,RSV,202530,2025-07-26
ga,202530,4.0,RSV,202530,2025-07-26
gu,202530,0.0,RSV,202530,2025-07-26
hi,202530,2.0,RSV,202530,2025-07-26
ia,202530,1.0,RSV,202530,2025-07-26
id,202530,0.0,RSV,202530,2025-07-26
il,202530,3.0,RSV,202530,2025-07-26
in,202530,0.0,RSV,202530,2025-07-26
ks,202530,1.0,RSV,202530,2025-07-26
ky,202530,3.0,RSV,202530,2025-07-26
la,202530,5.0,RSV,202530,2025-07-26
ma,202530,10.0,RSV,202530,2025-07-26
md,202530,12.0,RSV,202530,2025-07-26
me,202530,0.0,RSV,202530,2025-07-26
mi,202530,0.0,RSV,202530,2025-07-26
mn,202530,5.0,RSV,202530,2025-07-26
mo,202530,2.0,RSV,202530,2025-07-26
mp,202530,0.0,RSV,202530,2025-07-26
ms,202530,1.0,RSV,202530,2025-07-26
mt,202530,0.0,RSV,202530,2025-07-26
nc,202530,8.0,RSV,202530,2025-07-26
nd,202530,0.0,RSV,202530,2025-07-26
ne,202530,0.0,RSV,202530,2025-07-26
nh,202530,0.0,RSV,202530,2025-07-26
nj,202530,4.0,RSV,202530,2025-07-26
nm,202530,1.0,RSV,202530,2025-07-26
nv,202530,0.0,RSV,202530,2025-07-26
ny,202530,16.0,RSV,202530,2025-07-26
oh,202530,4.0,RSV,202530,2025-07-26
ok,202530,1.0,RSV,202530,2025-07-26
or,202530,1.0,RSV,202530,2025-07-26
pa,202530,34.0,RSV,202530,2025-07-26
pr,202530,6.0,RSV,202530,2025-07-26
ri,202530,1.0,RSV,202530,2025-07-26
sc,202530,2.0,RSV,202530,2025-07-26
sd,202530,0.0,RSV,202530,2025-07-26
tn,202530,2.0,RSV,202530,2025-07-26
tx,202530,18.0,RSV,202530,2025-07-26
ut,202530,0.0,RSV,202530,2025-07-26
va,202530,2.0,RSV,202530,2025-07-26
vi,202530,0.0,RSV,202530,2025-07-26
vt,202530,0.0,RSV,202530,2025-07-26
wa,202530,0.0,RSV,202530,2025-07-26
wi,202530,4.0,RSV,202530,2025-07-26
wv,202530,1.0,RSV,202530,2025-07-26
wy,202530,0.0,RSV,202530,2025-07-26
ak,202531,0.0,RSV,202531,2025-08-02
al,202531,2.0,RSV,202531,2025-08-02
ar,202531,1.0,RSV,202531,2025-08-02
as,202531,0.0,RSV,202531,2025-08-02
az,202531,10.0,RSV,202531,2025-08-02
ca,202531,10.0,RSV,202531,2025-08-02
co,202531,1.0,RSV,202531,2025-08-02
ct,202531,1.0,RSV,202531,2025-08-02
dc,202531,0.0,RSV,202531,2025-08-02
de,202531,0.0,RSV,202531,2025-08-02
fl,202531,60.0,RSV,202531,2025-08-02
ga,202531,5.0,RSV,202531,2025-08-02
gu,202531,0.0,RSV,202531,2025-08-02
hi,202531,3.0,RSV,202531,2025-08-02
ia,202531,0.0,RSV,202531,2025-08-02
id,202531,0.0,RSV,202531,2025-08-02
il,202531,2.0,RSV,202531,2025-08-02
in,202531,4.0,RSV,202531,2025-08-02
ks,202531,0.0,RSV,202531,2025-08-02
ky,202531,1.0,RSV,202531,2025-08-02
la,202531,6.0,RSV,202531,2025-08-02
ma,202531,4.0,RSV,202531,2025-08-02
md,202531,3.0,RSV,202531,2025-08-02
me,202531,0.0,RSV,202531,2025-08-02
mi,202531,0.0,RSV,202531,2025-08-02
mn,202531,1.0,RSV,202531,2025-08-02
mo,202531,1.0,RSV,202531,2025-08-02
mp,202531,0.0,RSV,202531,2025-08-02
ms,202531,2.0,RSV,202531,2025-08-02
mt,202531,0.0,RSV,202531,2025-08-02
nc,202531,8.0,RSV,202531,2025-08-02
nd,202531,0.0,RSV,202531,2025-08-02
ne,202531,1.0,RSV,202531,2025-08-02
nh,202531,0.0,RSV,202531,2025-08-02
nj,202531,4.0,RSV,202531,2025-08-02
nm,202531,2.0,RSV,202531,2025-08-02
nv,202531,0.0,RSV,202531,2025-08-02
ny,202531,10.0,RSV,202531,2025-08-02
oh,202531,6.0,RSV,202531,2025-08-02
ok,202531,2.0,RSV,202531,2025-08-02
or,202531,1.0,RSV,202531,2025-08-02
pa,202531,52.0,RSV,202531,2025-08-02
pr,202531,6.0,RSV,202531,2025-08-02
ri,202531,3.0,RSV,202531,2025-08-02
sc,202531,1.0,RSV,202531,2025-08-02
sd,202531,1.0,RSV,202531,2025-08-02
tn,202531,2.0,RSV,202531,2025-08-02
tx,202531,17.0,RSV,202531,2025-08-02
ut,202531,0.0,RSV,202531,2025-08-02
va,202531,0.0,RSV,202531,2025-08-02
vi,202531,0.0,RSV,202531,2025-08-02
vt,202531,0.0,RSV,202531,2025-08-02
wa,202531,2.0,RSV,202531,2025-08-02
wi,202531,1.0,RSV,202531,2025-08-02
wv,202531,4.0,RSV,202531,2025-08-02
wy,202531,0.0,RSV,202531,2025-08-02
ak,202532,0.0,RSV,202532,2025-08-09
al,202532,1.0,RSV,202532,2025-08-09
ar,202532,0.0,RSV,202532,2025-08-09
as,202532,0.0,RSV,202532,2025-08-09
az,202532,2.0,RSV,202532,2025-08-09
ca,202532,10.0,RSV,202532,2025-08-09
co,202532,2.0,RSV,202532,2025-08-09
ct,202532,1.0,RSV,202532,2025-08-09
dc,202532,0.0,RSV,202532,2025-08-09
de,202532,0.0,RSV,202532,2025-08-09
fl,202532,49.0,RSV,202532,2025-08-09
ga,202532,10.0,RSV,202532,2025-08-09
gu,202532,1.0,RSV,202532,2025-08-09
hi,202532,2.0,RSV,202532,2025-08-09
ia,202532,1.0,RSV,202532,2025-08-09
id,202532,0.0,RSV,202532,2025-08-09
il,202532,23.0,RSV,202532,2025-08-09
in,202532,1.0,RSV,202532,2025-08-09
ks,202532,0.0,RSV,202532,2025-08-09
ky,202532,2.0,RSV,202532,2025-08-09
la,202532,9.0,RSV,202532,2025-08-09
ma,202532,1.0,RSV,202532,2025-08-09
md,202532,2.0,RSV,202532,2025-08-09
me,202532,0.0,RSV,202532,2025-08-09
mi,202532,0.0,RSV,202532,2025-08-09
mn,202532,3.0,RSV,202532,2025-08-09
mo,202532,0.0,RSV,202532,2025-08-09
mp,202532,1.0,RSV,202532,2025-08-09
ms,202532,0.0,RSV,202532,2025-08-09
mt,202532,0.0,RSV,202532,2025-08-09
nc,202532,6.0,RSV,202532,2025-08-09
nd,202532,1.0,RSV,202532,2025-08-09
ne,202532,2.0,RSV,202532,2025-08-09
nh,202532,0.0,RSV,202532,2025-08-09
nj,202532,5.0,RSV,202532,2025-08-09
nm,202532,2.0,RSV,202532,2025-08-09
nv,202532,0.0,RSV,202532,2025-08-09
ny,202532,17.0,RSV,202532,2025-08-09
oh,202532,4.0,RSV,202532,2025-08-09
ok,202532,0.0,RSV,202532,2025-08-09
or,202532,0.0,RSV,202532,2025-08-09
pa,202532,33.0,RSV,202532,2025-08-09
pr,202532,2.0,RSV,202532,2025-08-09
ri,202532,0.0,RSV,202532,2025-08-09
sc,202532,0.0,RSV,202532,2025-08-09
sd,202532,0.0,RSV,202532,2025-08-09
tn,202532,2.0,RSV,202532,2025-08-09
tx,202532,11.0,RSV,202532,2025-08-09
ut,202532,0.0,RSV,202532,2025-08-09
va,202532,4.0,RSV,202532,2025-08-09
vi,202532,0.0,RSV,202532,2025-08-09
vt,202532,0.0,RSV,202532,2025-08-09
wa,202532,0.0,RSV,202532,2025-08-09
wi,202532,1.0,RSV,202532,2025-08-09
wv,202532,0.0,RSV,202532,2025-08-09
wy,202532,0.0,RSV,202532,2025-08-09
ak,202533,1.0,RSV,202533,2025-08-16
al,202533,3.0,RSV,202533,2025-08-16
ar,202533,2.0,RSV,202533,2025-08-16
as,202533,0.0,RSV,202533,2025-08-16
az,202533,0.0,RSV,202533,2025-08-16
ca,202533,10.0,RSV,202533,2025-08-16
co,202533,1.0,RSV,202533,2025-08-16
ct,202533,1.0,RSV,202533,2025-08-16
dc,202533,0.0,RSV,202533,2025-08-16
de,202533,0.0,RSV,202533,2025-08-16
fl,202533,61.0,RSV,202533,2025-08-16
ga,202533,24.0,RSV,202533,2025-08-16
gu,202533,0.0,RSV,202533,2025-08-16
hi,202533,2.0,RSV,202533,2025-08-16
ia,202533,0.0,RSV,202533,2025-08-16
id,202533,0.0,RSV,202533,2025-08-16
il,202533,1.0,RSV,202533,2025-08-16
in,202533,1.0,RSV,202533,2025-08-16
ks,202533,0.0,RSV,202533,2025-08-16
ky,202533,2.0,RSV,202533,2025-08-16
la,202533,3.0,RSV,202533,2025-08-16
ma,202533,9.0,RSV,202533,2025-08-16
md,202533,0.0,RSV,202533,2025-08-16
me,202533,0.0,RSV,202533,2025-08-16
mi,202533,2.0,RSV,202533,2025-08-16
mn,202533,5.0,RSV,202533,2025-08-16
mo,202533,3.0,RSV,202533,2025-08-16
mp,202533,0.0,RSV,202533,2025-08-16
ms,202533,0.0,RSV,202533,2025-08-16
mt,202533,0.0,RSV,202533,2025-08-16
nc,202533,4.0,RSV,202533,2025-08-16
nd,202533,1.0,RSV,202533,2025-08-16
ne,202533,3.0,RSV,202533,2025-08-16
nh,202533,0.0,RSV,202533,2025-08-16
nj,202533,7.0,RSV,202533,2025-08-16
nm,202533,0.0,RSV,202533,2025-08-16
nv,202533,1.0,RSV,202533,2025-08-16
ny,202533,12.0,RSV,202533,2025-08-16
oh,202533,2.0,RSV,202533,2025-08-16
ok,202533,2.0,RSV,202533,2025-08-16
or,202533,1.0,RSV,202533,2025-08-16
pa,202533,42.0,RSV,202533,2025-08-16
pr,202533,3.0,RSV,202533,2025-08-16
ri,202533,0.0,RSV,202533,2025-08-16
sc,202533,7.0,RSV,202533,2025-08-16
sd,202533,0.0,RSV,202533,2025-08-16
tn,202533,3.0,RSV,202533,2025-08-16
tx,202533,15.0,RSV,202533,2025-08-16
ut,202533,0.0,RSV,202533,2025-08-16
va,202533,1.0,RSV,202533,2025-08-16
vi,202533,0.0,RSV,202533,2025-08-16
vt,202533,0.0,RSV,202533,2025-08-16
wa,202533,2.0,RSV,202533,2025-08-16
wi,202533,2.0,RSV,202533,2025-08-16
wv,202533,2.0,RSV,202533,2025-08-16
wy,202533,0.0,RSV,202533,2025-08-16
ak,202534,0.0,RSV,202534,2025-08-23
al,202534,3.0,RSV,202534,2025-08-23
ar,202534,1.0,RSV,202534,2025-08-23
as,202534,1.0,RSV,202534,2025-08-23
az,202534,2.0,RSV,202534,2025-08-23
ca,202534,12.0,RSV,202534,2025-08-23
co,202534,0.0,RSV,202534,2025-08-23
ct,202534,1.0,RSV,202534,2025-08-23
dc,202534,0.0,RSV,202534,2025-08-23
de,202534,0.0,RSV,202534,2025-08-23
fl,202534,72.0,RSV,202534,2025-08-23
ga,202534,14.0,RSV,202534,2025-08-23
gu,202534,0.0,RSV,202534,2025-08-23
hi,202534,4.0,RSV,202534,2025-08-23
ia,202534,2.0,RSV,202534,2025-08-23
id,202534,0.0,RSV,202534,2025-08-23
il,202534,5.0,RSV,202534,2025-08-23
in,202534,2.0,RSV,202534,2025-08-23
ks,202534,0.0,RSV,202534,2025-08-23
ky,202534,3.0,RSV,202534,2025-08-23
la,202534,2.0,RSV,202534,2025-08-23
ma,202534,2.0,RSV,202534,2025-08-23
md,202534,2.0,RSV,202534,2025-08-23
me,202534,1.0,RSV,202534,2025-08-23
mi,202534,1.0,RSV,202534,2025-08-23
mn,202534,5.0,RSV,202534,2025-08-23
mo,202534,1.0,RSV,202534,2025-08-23
mp,202534,0.0,RSV,202534,2025-08-23
ms,202534,0.0,RSV,202534,2025-08-23
mt,202534,0.0,RSV,202534,2025-08-23
nc,202534,3.0,RSV,202534,2025-08-23
nd,202534,0.0,RSV,202534,2025-08-23
ne,202534,1.0,RSV,202534,2025-08-23
nh,202534,0.0,RSV,202534,2025-08-23
nj,202534,4.0,RSV,202534,2025-08-23
nm,202534,0.0,RSV,202534,2025-08-23
nv,202534,0.0,RSV,202534,2025-08-23
ny,202534,13.0,RSV,202534,2025-08-23
oh,202534,6.0,RSV,202534,2025-08-23
ok,202534,0.0,RSV,202534,2025-08-23
or,202534,0.0,RSV,202534,2025-08-23
pa,202534,35.0,RSV,202534,2025-08-23
pr,202534,2.0,RSV,202534,2025-08-23
ri,202534,1.0,RSV,202534,2025-08-23
sc,202534,6.0,RSV,202534,2025-08-23
sd,202534,0.0,RSV,202534,2025-08-23
tn,202534,0.0,RSV,202534,2025-08-23
tx,202534,24.0,RSV,202534,2025-08-23
ut,202534,0.0,RSV,202534,2025-08-23
va,202534,4.0,RSV,202534,2025-08-23
vi,202534,0.0,RSV,202534,2025-08-23
vt,202534,0.0,RSV,202534,2025-08-23
wa,202534,0.0,RSV,202534,2025-08-23
wi,202534,3.0,RSV,202534,2025-08-23
wv,202534,1.0,RSV,202534,2025-08-23
wy,202534,0.0,RSV,202534,2025-08-23
ak,202535,0.0,RSV,202535,2025-08-30
al,202535,6.0,RSV,202535,2025-08-30
ar,202535,1.0,RSV,202535,2025-08-30
as,202535,0.0,RSV,202535,2025-08-30
az,202535,9.0,RSV,202535,2025-08-30
ca,202535,12.0,RSV,202535,2025-08-30
co,202535,0.0,RSV,202535,2025-08-30
ct,202535,2.0,RSV,202535,2025-08-30
dc,202535,0.0,RSV,202535,2025-08-30
de,202535,0.0,RSV,202535,2025-08-30
fl,202535,94.0,RSV,202535,2025-08-30
ga,202535,15.0,RSV,202535,2025-08-30
gu,202535,3.0,RSV,202535,2025-08-30
hi,202535,2.0,RSV,202535,2025-08-30
ia,202535,1.0,RSV,202535,2025-08-30
id,202535,0.0,RSV,202535,2025-08-30
il,202535,3.0,RSV,202535,2025-08-30
in,202535,4.0,RSV,202535,2025-08-30
ks,202535,1.0,RSV,202535,2025-08-30
ky,202535,1.0,RSV,202535,2025-08-30
la,202535,4.0,RSV,202535,2025-08-30
ma,202535,5.0,RSV,202535,2025-08-30
md,202535,0.0,RSV,202535,2025-08-30
me,202535,0.0,RSV,202535,2025-08-30
mi,202535,1.0,RSV,202535,2025-08-30
mn,202535,3.0,RSV,202535,2025-08-30
mo,202535,1.0,RSV,202535,2025-08-30
mp,202535,1.0,RSV,202535,2025-08-30
ms,202535,0.0,RSV,202535,2025-08-30
mt,202535,0.0,RSV,202535,2025-08-30
nc,202535,4.0,RSV,202535,2025-08-30
nd,202535,0.0,RSV,202535,2025-08-30
ne,202535,1.0,RSV,202535,2025-08-30
nh,202535,1.0,RSV,202535,2025-08-30
nj,202535,5.0,RSV,202535,2025-08-30
nm,202535,0.0,RSV,202535,2025-08-30
nv,202535,0.0,RSV,202535,2025-08-30
ny,202535,19.0,RSV,202535,2025-08-30
oh,202535,4.0,RSV,202535,2025-08-30
ok,202535,0.0,RSV,202535,2025-08-30
or,202535,0.0,RSV,202535,2025-08-30
pa,202535,32.0,RSV,202535,2025-08-30
pr,202535,6.0,RSV,202535,2025-08-30
ri,202535,0.0,RSV,202535,2025-08-30
sc,202535,0.0,RSV,202535,2025-08-30
sd,202535,0.0,RSV,202535,2025-08-30
tn,202535,2.0,RSV,202535,2025-08-30
tx,202535,8.0,RSV,202535,2025-08-30
ut,202535,0.0,RSV,202535,2025-08-30
va,202535,1.0,RSV,202535,2025-08-30
vi,202535,0.0,RSV,202535,2025-08-30
vt,202535,0.0,RSV,202535,2025-08-30
wa,202535,0.0,RSV,202535,2025-08-30
wi,202535,2.0,RSV,202535,2025-08-30
wv,202535,1.0,RSV,202535,2025-08-30
wy,202535,0.0,RSV,202535,2025-08-30
ak,202536,0.0,RSV,202536,2025-09-06
al,202536,7.0,RSV,202536,2025-09-06
ar,202536,2.0,RSV,202536,2025-09-06
as,202536,0.0,RSV,202536,2025-09-06
az,202536,1.0,RSV,202536,2025-09-06
ca,202536,10.0,RSV,202536,2025-09-06
co,202536,1.0,RSV,202536,2025-09-06
ct,202536,2.0,RSV,202536,2025-09-06
dc,202536,0.0,RSV,202536,2025-09-06
de,202536,1.0,RSV,202536,2025-09-06
fl,202536,83.0,RSV,202536,2025-09-06
ga,202536,13.0,RSV,202536,2025-09-06
gu,202536,0.0,RSV,202536,2025-09-06
hi,202536,4.0,RSV,202536,2025-09-06
ia,202536,3.0,RSV,202536,2025-09-06
id,202536,0.0,RSV,202536,2025-09-06
il,202536,8.0,RSV,202536,2025-09-06
in,202536,6.0,RSV,202536,2025-09-06
ks,202536,2.0,RSV,202536,2025-09-06
ky,202536,3.0,RSV,202536,2025-09-06
la,202536,2.0,RSV,202536,2025-09-06
ma,202536,7.0,RSV,202536,2025-09-06
md,202536,3.0,RSV,202536,2025-09-06
me,202536,2.0,RSV,202536,2025-09-06
mi,202536,1.0,RSV,202536,2025-09-06
mn,202536,5.0,RSV,202536,2025-09-06
mo,202536,0.0,RSV,202536,2025-09-06
mp,202536,0.0,RSV,202536,2025-09-06
ms,202536,0.0,RSV,202536,2025-09-06
mt,202536,33.0,RSV,202536,2025-09-06
nc,202536,3.0,RSV,202536,2025-09-06
nd,202536,0.0,RSV,202536,2025-09-06
ne,202536,0.0,RSV,202536,2025-09-06
nh,202536,0.0,RSV,202536,2025-09-06
nj,202536,12.0,RSV,202536,2025-09-06
nm,202536,1.0,RSV,202536,2025-09-06
nv,202536,0.0,RSV,202536,2025-09-06
ny,202536,27.0,RSV,202536,2025-09-06
oh,202536,3.0,RSV,202536,2025-09-06
ok,202536,1.0,RSV,202536,2025-09-06
or,202536,1.0,RSV,202536,2025-09-06
pa,202536,36.0,RSV,202536,2025-09-06
pr,202536,11.0,RSV,202536,2025-09-06
ri,202536,0.0,RSV,202536,2025-09-06
sc,202536,0.0,RSV,202536,2025-09-06
sd,202536,0.0,RSV,202536,2025-09-06
tn,202536,3.0,RSV,202536,2025-09-06
tx,202536,19.0,RSV,202536,2025-09-06
ut,202536,0.0,RSV,202536,2025-09-06
va,202536,4.0,RSV,202536,2025-09-06
vi,202536,0.0,RSV,202536,2025-09-06
vt,202536,0.0,RSV,202536,2025-09-06
wa,202536,0.0,RSV,202536,2025-09-06
wi,202536,6.0,RSV,202536,2025-09-06
wv,202536,0.0,RSV,202536,2025-09-06
wy,202536,0.0,RSV,202536,2025-09-06
ak,202537,2.0,RSV,202537,2025-09-13
al,202537,7.0,RSV,202537,2025-09-13
ar,202537,2.0,RSV,202537,2025-09-13
as,202537,0.0,RSV,202537,2025-09-13
az,202537,1.0,RSV,202537,2025-09-13
ca,202537,20.0,RSV,202537,2025-09-13
co,202537,0.0,RSV,202537,2025-09-13
ct,202537,3.0,RSV,202537,2025-09-13
dc,202537,0.0,RSV,202537,2025-09-13
de,202537,1.0,RSV,202537,2025-09-13
fl,202537,101.0,RSV,202537,2025-09-13
ga,202537,22.0,RSV,202537,2025-09-13
gu,202537,1.0,RSV,202537,2025-09-13
hi,202537,3.0,RSV,202537,2025-09-13
ia,202537,0.0,RSV,202537,2025-09-13
id,202537,0.0,RSV,202537,2025-09-13
il,202537,3.0,RSV,202537,2025-09-13
in,202537,6.0,RSV,202537,2025-09-13
ks,202537,1.0,RSV,202537,2025-09-13
ky,202537,2.0,RSV,202537,2025-09-13
la,202537,2.0,RSV,202537,2025-09-13
ma,202537,6.0,RSV,202537,2025-09-13
md,202537,3.0,RSV,202537,2025-09-13
me,202537,1.0,RSV,202537,2025-09-13
mi,202537,1.0,RSV,202537,2025-09-13
mn,202537,3.0,RSV,202537,2025-09-13
mo,202537,0.0,RSV,202537,2025-09-13
mp,202537,0.0,RSV,202537,2025-09-13
ms,202537,2.0,RSV,202537,2025-09-13
mt,202537,0.0,RSV,202537,2025-09-13
nc,202537,9.0,RSV,202537,2025-09-13
nd,202537,0.0,RSV,202537,2025-09-13
ne,202537,3.0,RSV,202537,2025-09-13
nh,202537,0.0,RSV,202537,2025-09-13
nj,202537,13.0,RSV,202537,2025-09-13
nm,202537,0.0,RSV,202537,2025-09-13
nv,202537,1.0,RSV,202537,2025-09-13
ny,202537,31.0,RSV,202537,2025-09-13
oh,202537,5.0,RSV,202537,2025-09-13
ok,202537,1.0,RSV,202537,2025-09-13
or,202537,0.0,RSV,202537,2025-09-13
pa,202537,41.0,RSV,202537,2025-09-13
pr,202537,22.0,RSV,202537,2025-09-13
ri,202537,0.0,RSV,202537,2025-09-13
sc,202537,2.0,RSV,202537,2025-09-13
sd,202537,0.0,RSV,202537,2025-09-13
tn,202537,2.0,RSV,202537,2025-09-13
tx,202537,28.0,RSV,202537,2025-09-13
ut,202537,0.0,RSV,202537,2025-09-13
va,202537,6.0,RSV,202537,2025-09-13
vi,202537,0.0,RSV,202537,2025-09-13
vt,202537,0.0,RSV,202537,2025-09-13
wa,202537,1.0,RSV,202537,2025-09-13
wi,202537,0.0,RSV,202537,2025-09-13
wv,202537,2.0,RSV,202537,2025-09-13
wy,202537,0.0,RSV,202537,2025-09-13
ak,202538,0.0,RSV,202538,2025-09-20
al,202538,9.0,RSV,202538,2025-09-20
ar,202538,4.0,RSV,202538,2025-09-20
as,202538,0.0,RSV,202538,2025-09-20
az,202538,1.0,RSV,202538,2025-09-20
ca,202538,21.0,RSV,202538,2025-09-20
co,202538,0.0,RSV,202538,2025-09-20
ct,202538,0.0,RSV,202538,2025-09-20
dc,202538,2.0,RSV,202538,2025-09-20
de,202538,1.0,RSV,202538,2025-09-20
fl,202538,124.0,RSV,202538,2025-09-20
ga,202538,17.0,RSV,202538,2025-09-20
gu,202538,1.0,RSV,202538,2025-09-20
hi,202538,6.0,RSV,202538,2025-09-20
ia,202538,1.0,RSV,202538,2025-09-20
id,202538,1.0,RSV,202538,2025-09-20
il,202538,2.0,RSV,202538,2025-09-20
in,202538,2.0,RSV,202538,2025-09-20
ks,202538,2.0,RSV,202538,2025-09-20
ky,202538,2.0,RSV,202538,2025-09-20
la,202538,4.0,RSV,202538,2025-09-20
ma,202538,11.0,RSV,202538,2025-09-20
md,202538,2.0,RSV,202538,2025-09-20
me,202538,0.0,RSV,202538,2025-09-20
mi,202538,2.0,RSV,202538,2025-09-20
mn,202538,3.0,RSV,202538,2025-09-20
mo,202538,1.0,RSV,202538,2025-09-20
mp,202538,1.0,RSV,202538,2025-09-20
ms,202538,0.0,RSV,202538,2025-09-20
mt,202538,0.0,RSV,202538,2025-09-20
nc,202538,6.0,RSV,202538,2025-09-20
nd,202538,0.0,RSV,202538,2025-09-20
ne,202538,1.0,RSV,202538,2025-09-20
nh,202538,0.0,RSV,202538,2025-09-20
nj,202538,8.0,RSV,202538,2025-09-20
nm,202538,0.0,RSV,202538,2025-09-20
nv,202538,0.0,RSV,202538,2025-09-20
ny,202538,30.0,RSV,202538,2025-09-20
oh,202538,2.0,RSV,202538,2025-09-20
ok,202538,0.0,RSV,202538,2025-09-20
or,202538,1.0,RSV,202538,2025-09-20
pa,202538,33.0,RSV,202538,2025-09-20
pr,202538,16.0,RSV,202538,2025-09-20
ri,202538,3.0,RSV,202538,2025-09-20
sc,202538,4.0,RSV,202538,2025-09-20
sd,202538,0.0,RSV,202538,2025-09-20
tn,202538,0.0,RSV,202538,2025-09-20
tx,202538,30.0,RSV,202538,2025-09-20
ut,202538,0.0,RSV,202538,2025-09-20
va,202538,3.0,RSV,202538,2025-09-20
vi,202538,0.0,RSV,202538,2025-09-20
vt,202538,0.0,RSV,202538,2025-09-20
wa,202538,1.0,RSV,202538,2025-09-20
wi,202538,5.0,RSV,202538,2025-09-20
wv,202538,0.0,RSV,202538,2025-09-20
wy,202538,0.0,RSV,202538,2025-09-20
ak,202539,0.0,RSV,202539,2025-09-27
al,202539,14.0,RSV,202539,2025-09-27
ar,202539,4.0,RSV,202539,2025-09-27
as,202539,0.0,RSV,202539,2025-09-27
az,202539,2.0,RSV,202539,2025-09-27
ca,202539,9.0,RSV,202539,2025-09-27
co,202539,0.0,RSV,202539,2025-09-27
ct,202539,0.0,RSV,202539,2025-09-27
dc,202539,0.0,RSV,202539,2025-09-27
de,202539,1.0,RSV,202539,2025-09-27
fl,202539,156.0,RSV,202539,2025-09-27
ga,202539,23.0,RSV,202539,2025-09-27
gu,202539,4.0,RSV,202539,2025-09-27
hi,202539,3.0,RSV,202539,2025-09-27
ia,202539,1.0,RSV,202539,2025-09-27
id,202539,0.0,RSV,202539,2025-09-27
il,202539,6.0,RSV,202539,2025-09-27
in,202539,2.0,RSV,202539,2025-09-27
ks,202539,0.0,RSV,202539,2025-09-27
ky,202539,5.0,RSV,202539,2025-09-27
la,202539,5.0,RSV,202539,2025-09-27
ma,202539,9.0,RSV,202539,2025-09-27
md,202539,8.0,RSV,202539,2025-09-27
me,202539,0.0,RSV,202539,2025-09-27
mi,202539,2.0,RSV,202539,2025-09-27
mn,202539,3.0,RSV,202539,2025-09-27
mo,202539,1.0,RSV,202539,2025-09-27
mp,202539,0.0,RSV,202539,2025-09-27
ms,202539,1.0,RSV,202539,2025-09-27
mt,202539,0.0,RSV,202539,2025-09-27
nc,202539,4.0,RSV,202539,2025-09-27
nd,202539,0.0,RSV,202539,2025-09-27
ne,202539,0.0,RSV,202539,2025-09-27
nh,202539,0.0,RSV,202539,2025-09-27
nj,202539,14.0,RSV,202539,2025-09-27
nm,202539,0.0,RSV,202539,2025-09-27
nv,202539,0.0,RSV,202539,2025-09-27
ny,202539,45.0,RSV,202539,2025-09-27
oh,202539,4.0,RSV,202539,2025-09-27
ok,202539,1.0,RSV,202539,2025-09-27
or,202539,1.0,RSV,202539,2025-09-27
pa,202539,35.0,RSV,202539,2025-09-27
pr,202539,13.0,RSV,202539,2025-09-27
ri,202539,2.0,RSV,202539,2025-09-27
sc,202539,8.0,RSV,202539,2025-09-27
sd,202539,0.0,RSV,202539,2025-09-27
tn,202539,4.0,RSV,202539,2025-09-27
tx,202539,33.0,RSV,202539,2025-09-27
ut,202539,0.0,RSV,202539,2025-09-27
va,202539,16.0,RSV,202539,2025-09-27
vi,202539,0.0,RSV,202539,2025-09-27
vt,202539,0.0,RSV,202539,2025-09-27
wa,202539,4.0,RSV,202539,2025-09-27
wi,202539,8.0,RSV,202539,2025-09-27
wv,202539,1.0,RSV,202539,2025-09-27
wy,202539,0.0,RSV,202539,2025-09-27
ak,202540,1.0,RSV,202540,2025-10-04
al,202540,15.0,RSV,202540,2025-10-04
ar,202540,6.0,RSV,202540,2025-10-04
as,202540,0.0,RSV,202540,2025-10-04
az,202540,13.0,RSV,202540,2025-10-04
ca,202540,18.0,RSV,202540,2025-10-04
co,202540,2.0,RSV,202540,2025-10-04
ct,202540,2.0,RSV,202540,2025-10-04
dc,202540,0.0,RSV,202540,2025-10-04
de,202540,2.0,RSV,202540,2025-10-04
fl,202540,180.0,RSV,202540,2025-10-04
ga,202540,26.0,RSV,202540,2025-10-04
gu,202540,1.0,RSV,202540,2025-10-04
hi,202540,5.0,RSV,202540,2025-10-04
ia,202540,1.0,RSV,202540,2025-10-04
id,202540,1.0,RSV,202540,2025-10-04
il,202540,6.0,RSV,202540,2025-10-04
in,202540,4.0,RSV,202540,2025-10-04
ks,202540,1.0,RSV,202540,2025-10-04
ky,202540,4.0,RSV,202540,2025-10-04
la,202540,8.0,RSV,202540,2025-10-04
ma,202540,23.0,RSV,202540,2025-10-04
md,202540,5.0,RSV,202540,2025-10-04
me,202540,1.0,RSV,202540,2025-10-04
mi,202540,2.0,RSV,202540,2025-10-04
mn,202540,2.0,RSV,202540,2025-10-04
mo,202540,1.0,RSV,202540,2025-10-04
mp,202540,0.0,RSV,202540,2025-10-04
ms,202540,3.0,RSV,202540,2025-10-04
mt,202540,1.0,RSV,202540,2025-10-04
nc,202540,8.0,RSV,202540,2025-10-04
nd,202540,1.0,RSV,202540,2025-10-04
ne,202540,2.0,RSV,202540,2025-10-04
nh,202540,1.0,RSV,202540,2025-10-04
nj,202540,19.0,RSV,202540,2025-10-04
nm,202540,0.0,RSV,202540,2025-10-04
nv,202540,1.0,RSV,202540,2025-10-04
ny,202540,30.0,RSV,202540,2025-10-04
oh,202540,4.0,RSV,202540,2025-10-04
ok,202540,2.0,RSV,202540,2025-10-04
or,202540,1.0,RSV,202540,2025-10-04
pa,202540,51.0,RSV,202540,2025-10-04
pr,202540,16.0,RSV,202540,2025-10-04
ri,202540,1.0,RSV,202540,2025-10-04
sc,202540,12.0,RSV,202540,2025-10-04
sd,202540,0.0,RSV,202540,2025-10-04
tn,202540,4.0,RSV,202540,2025-10-04
tx,202540,42.0,RSV,202540,2025-10-04
ut,202540,0.0,RSV,202540,2025-10-04
va,202540,10.0,RSV,202540,2025-10-04
vi,202540,0.0,RSV,202540,2025-10-04
vt,202540,0.0,RSV,202540,2025-10-04
wa,202540,0.0,RSV,202540,2025-10-04
wi,202540,5.0,RSV,202540,2025-10-04
wv,202540,1.0,RSV,202540,2025-10-04
wy,202540,0.0,RSV,202540,2025-10-04
ak,202541,0.0,RSV,202541,2025-10-11
al,202541,20.0,RSV,202541,2025-10-11
ar,202541,8.0,RSV,202541,2025-10-11
as,202541,0.0,RSV,202541,2025-10-11
az,202541,2.0,RSV,202541,2025-10-11
ca,202541,21.0,RSV,202541,2025-10-11
co,202541,1.0,RSV,202541,2025-10-11
ct,202541,0.0,RSV,202541,2025-10-11
dc,202541,1.0,RSV,202541,2025-10-11
de,202541,1.0,RSV,202541,2025-10-11
fl,202541,217.0,RSV,202541,2025-10-11
ga,202541,30.0,RSV,202541,2025-10-11
gu,202541,7.0,RSV,202541,2025-10-11
hi,202541,6.0,RSV,202541,2025-10-11
ia,202541,0.0,RSV,202541,2025-10-11
id,202541,1.0,RSV,202541,2025-10-11
il,202541,4.0,RSV,202541,2025-10-11
in,202541,5.0,RSV,202541,2025-10-11
ks,202541,1.0,RSV,202541,2025-10-11
ky,202541,1.0,RSV,202541,2025-10-11
la,202541,10.0,RSV,202541,2025-10-11
ma,202541,16.0,RSV,202541,2025-10-11
md,202541,6.0,RSV,202541,2025-10-11
me,202541,1.0,RSV,202541,2025-10-11
mi,202541,4.0,RSV,202541,2025-10-11
mn,202541,6.0,RSV,202541,2025-10-11
mo,202541,9.0,RSV,202541,2025-10-11
mp,202541,0.0,RSV,202541,2025-10-11
ms,202541,4.0,RSV,202541,2025-10-11
mt,202541,0.0,RSV,202541,2025-10-11
nc,202541,9.0,RSV,202541,2025-10-11
nd,202541,0.0,RSV,202541,2025-10-11
ne,202541,1.0,RSV,202541,2025-10-11
nh,202541,0.0,RSV,202541,2025-10-11
nj,202541,13.0,RSV,202541,2025-10-11
nm,202541,0.0,RSV,202541,2025-10-11
nv,202541,1.0,RSV,202541,2025-10-11
ny,202541,47.0,RSV,202541,2025-10-11
oh,202541,8.0,RSV,202541,2025-10-11
ok,202541,2.0,RSV,202541,2025-10-11
or,202541,1.0,RSV,202541,2025-10-11
pa,202541,41.0,RSV,202541,2025-10-11
pr,202541,28.0,RSV,202541,2025-10-11
ri,202541,4.0,RSV,202541,2025-10-11
sc,202541,11.0,RSV,202541,2025-10-11
sd,202541,0.0,RSV,202541,2025-10-11
tn,202541,3.0,RSV,202541,2025-10-11
tx,202541,45.0,RSV,202541,2025-10-11
ut,202541,1.0,RSV,202541,2025-10-11
va,202541,11.0,RSV,202541,2025-10-11
vi,202541,0.0,RSV,202541,2025-10-11
vt,202541,0.0,RSV,202541,2025-10-11
wa,202541,2.0,RSV,202541,2025-10-11
wi,202541,5.0,RSV,202541,2025-10-11
wv,202541,0.0,RSV,202541,2025-10-11
wy,202541,0.0,RSV,202541,2025-10-11
ak,202542,1.0,RSV,202542,2025-10-18
al,202542,21.0,RSV,202542,2025-10-18
ar,202542,6.0,RSV,202542,2025-10-18
as,202542,0.0,RSV,202542,2025-10-18
az,202542,3.0,RSV,202542,2025-10-18
ca,202542,26.0,RSV,202542,2025-10-18
co,202542,2.0,RSV,202542,2025-10-18
ct,202542,0.0,RSV,202542,2025-10-18
dc,202542,1.0,RSV,202542,2025-10-18
de,202542,3.0,RSV,202542,2025-10-18
fl,202542,251.0,RSV,202542,2025-10-18
ga,202542,39.0,RSV,202542,2025-10-18
gu,202542,2.0,RSV,202542,2025-10-18
hi,202542,3.0,RSV,202542,2025-10-18
ia,202542,1.0,RSV,202542,2025-10-18
id,202542,1.0,RSV,202542,2025-10-18
il,202542,12.0,RSV,202542,2025-10-18
in,202542,5.0,RSV,202542,2025-10-18
ks,202542,0.0,RSV,202542,2025-10-18
ky,202542,4.0,RSV,202542,2025-10-18
la,202542,10.0,RSV,202542,2025-10-18
ma,202542,12.0,RSV,202542,2025-10-18
md,202542,8.0,RSV,202542,2025-10-18
me,202542,0.0,RSV,202542,2025-10-18
mi,202542,6.0,RSV,202542,2025-10-18
mn,202542,9.0,RSV,202542,2025-10-18
mo,202542,2.0,RSV,202542,2025-10-18
mp,202542,0.0,RSV,202542,2025-10-18
ms,202542,0.0,RSV,202542,2025-10-18
mt,202542,2.0,RSV,202542,2025-10-18
nc,202542,4.0,RSV,202542,2025-10-18
nd,202542,1.0,RSV,202542,2025-10-18
ne,202542,0.0,RSV,202542,2025-10-18
nh,202542,1.0,RSV,202542,2025-10-18
nj,202542,15.0,RSV,202542,2025-10-18
nm,202542,1.0,RSV,202542,2025-10-18
nv,202542,2.0,RSV,202542,2025-10-18
ny,202542,37.0,RSV,202542,2025-10-18
oh,202542,11.0,RSV,202542,2025-10-18
ok,202542,1.0,RSV,202542,2025-10-18
or,202542,4.0,RSV,202542,2025-10-18
pa,202542,48.0,RSV,202542,2025-10-18
pr,202542,31.0,RSV,202542,2025-10-18
ri,202542,3.0,RSV,202542,2025-10-18
sc,202542,14.0,RSV,202542,2025-10-18
sd,202542,0.0,RSV,202542,2025-10-18
tn,202542,4.0,RSV,202542,2025-10-18
tx,202542,84.0,RSV,202542,2025-10-18
ut,202542,0.0,RSV,202542,2025-10-18
va,202542,25.0,RSV,202542,2025-10-18
vi,202542,0.0,RSV,202542,2025-10-18
vt,202542,1.0,RSV,202542,2025-10-18
wa,202542,7.0,RSV,202542,2025-10-18
wi,202542,9.0,RSV,202542,2025-10-18
wv,202542,3.0,RSV,202542,2025-10-18
wy,202542,0.0,RSV,202542,2025-10-18
ak,202543,0.0,RSV,202543,2025-10-25
al,202543,19.0,RSV,202543,2025-10-25
ar,202543,13.0,RSV,202543,2025-10-25
as,202543,,RSV,202543,2025-10-25
az,202543,2.0,RSV,202543,2025-10-25
ca,202543,22.0,RSV,202543,2025-10-25
co,202543,2.0,RSV,202543,2025-10-25
ct,202543,2.0,RSV,202543,2025-10-25
dc,202543,0.0,RSV,202543,2025-10-25
de,202543,4.0,RSV,202543,2025-10-25
fl,202543,279.0,RSV,202543,2025-10-25
ga,202543,48.0,RSV,202543,2025-10-25
gu,202543,5.0,RSV,202543,2025-10-25
hi,202543,7.0,RSV,202543,2025-10-25
ia,202543,4.0,RSV,202543,2025-10-25
id,202543,1.0,RSV,202543,2025-10-25
il,202543,7.0,RSV,202543,2025-10-25
in,202543,6.0,RSV,202543,2025-10-25
ks,202543,1.0,RSV,202543,2025-10-25
ky,202543,4.0,RSV,202543,2025-10-25
la,202543,18.0,RSV,202543,2025-10-25
ma,202543,22.0,RSV,202543,2025-10-25
md,202543,7.0,RSV,202543,2025-10-25
me,202543,0.0,RSV,202543,2025-10-25
mi,202543,7.0,RSV,202543,2025-10-25
mn,202543,10.0,RSV,202543,2025-10-25
mo,202543,4.0,RSV,202543,2025-10-25
mp,202543,0.0,RSV,202543,2025-10-25
ms,202543,0.0,RSV,202543,2025-10-25
mt,202543,0.0,RSV,202543,2025-10-25
nc,202543,16.0,RSV,202543,2025-10-25
nd,202543,0.0,RSV,202543,2025-10-25
ne,202543,2.0,RSV,202543,2025-10-25
nh,202543,0.0,RSV,202543,2025-10-25
nj,202543,22.0,RSV,202543,2025-10-25
nm,202543,0.0,RSV,202543,2025-10-25
nv,202543,4.0,RSV,202543,2025-10-25
ny,202543,48.0,RSV,202543,2025-10-25
oh,202543,8.0,RSV,202543,2025-10-25
ok,202543,1.0,RSV,202543,2025-10-25
or,202543,0.0,RSV,202543,2025-10-25
pa,202543,55.0,RSV,202543,2025-10-25
pr,202543,30.0,RSV,202543,2025-10-25
ri,202543,5.0,RSV,202543,2025-10-25
sc,202543,25.0,RSV,202543,2025-10-25
sd,202543,0.0,RSV,202543,2025-10-25
tn,202543,6.0,RSV,202543,2025-10-25
tx,202543,91.0,RSV,202543,2025-10-25
ut,202543,1.0,RSV,202543,2025-10-25
va,202543,20.0,RSV,202543,2025-10-25
vi,202543,0.0,RSV,202543,2025-10-25
vt,202543,0.0,RSV,202543,2025-10-25
wa,202543,5.0,RSV,202543,2025-10-25
wi,202543,2.0,RSV,202543,2025-10-25
wv,202543,3.0,RSV,202543,2025-10-25
wy,202543,0.0,RSV,202543,2025-10-25
ak,202544,3.0,RSV,202544,2025-11-01
al,202544,24.0,RSV,202544,2025-11-01
ar,202544,6.0,RSV,202544,2025-11-01
as,202544,,RSV,202544,2025-11-01
az,202544,1.0,RSV,202544,2025-11-01
ca,202544,43.0,RSV,202544,2025-11-01
co,202544,1.0,RSV,202544,2025-11-01
ct,202544,5.0,RSV,202544,2025-11-01
dc,202544,0.0,RSV,202544,2025-11-01
de,202544,4.0,RSV,202544,2025-11-01
fl,202544,355.0,RSV,202544,2025-11-01
ga,202544,50.0,RSV,202544,2025-11-01
gu,202544,2.0,RSV,202544,2025-11-01
hi,202544,7.0,RSV,202544,2025-11-01
ia,202544,3.0,RSV,202544,2025-11-01
id,202544,1.0,RSV,202544,2025-11-01
il,202544,14.0,RSV,202544,2025-11-01
in,202544,7.0,RSV,202544,2025-11-01
ks,202544,8.0,RSV,202544,2025-11-01
ky,202544,5.0,RSV,202544,2025-11-01
la,202544,15.0,RSV,202544,2025-11-01
ma,202544,32.0,RSV,202544,2025-11-01
md,202544,14.0,RSV,202544,2025-11-01
me,202544,0.0,RSV,202544,2025-11-01
mi,202544,14.0,RSV,202544,2025-11-01
mn,202544,13.0,RSV,202544,2025-11-01
mo,202544,3.0,RSV,202544,2025-11-01
mp,202544,0.0,RSV,202544,2025-11-01
ms,202544,2.0,RSV,202544,2025-11-01
mt,202544,0.0,RSV,202544,2025-11-01
nc,202544,24.0,RSV,202544,2025-11-01
nd,202544,0.0,RSV,202544,2025-11-01
ne,202544,1.0,RSV,202544,2025-11-01
nh,202544,2.0,RSV,202544,2025-11-01
nj,202544,32.0,RSV,202544,2025-11-01
nm,202544,0.0,RSV,202544,2025-11-01
nv,202544,2.0,RSV,202544,2025-11-01
ny,202544,57.0,RSV,202544,2025-11-01
oh,202544,13.0,RSV,202544,2025-11-01
ok,202544,0.0,RSV,202544,2025-11-01
or,202544,0.0,RSV,202544,2025-11-01
pa,202544,48.0,RSV,202544,2025-11-01
pr,202544,40.0,RSV,202544,2025-11-01
ri,202544,5.0,RSV,202544,2025-11-01
sc,202544,28.0,RSV,202544,2025-11-01
sd,202544,0.0,RSV,202544,2025-11-01
tn,202544,11.0,RSV,202544,2025-11-01
tx,202544,113.0,RSV,202544,2025-11-01
ut,202544,0.0,RSV,202544,2025-11-01
va,202544,30.0,RSV,202544,2025-11-01
vi,202544,0.0,RSV,202544,2025-11-01
vt,202544,0.0,RSV,202544,2025-11-01
wa,202544,4.0,RSV,202544,2025-11-01
wi,202544,7.0,RSV,202544,2025-11-01
wv,202544,1.0,RSV,202544,2025-11-01
wy,202544,0.0,RSV,202544,2025-11-01
ak,202545,3.0,RSV,202545,2025-11-08
al,202545,37.0,RSV,202545,2025-11-08
ar,202545,21.0,RSV,202545,2025-11-08
as,202545,0.0,RSV,202545,2025-11-08
az,202545,6.0,RSV,202545,2025-11-08
ca,202545,38.0,RSV,202545,2025-11-08
co,202545,3.0,RSV,202545,2025-11-08
ct,202545,4.0,RSV,202545,2025-11-08
dc,202545,1.0,RSV,202545,2025-11-08
de,202545,4.0,RSV,202545,2025-11-08
fl,202545,326.0,RSV,202545,2025-11-08
ga,202545,78.0,RSV,202545,2025-11-08
gu,202545,4.0,RSV,202545,2025-11-08
hi,202545,2.0,RSV,202545,2025-11-08
ia,202545,2.0,RSV,202545,2025-11-08
id,202545,2.0,RSV,202545,2025-11-08
il,202545,16.0,RSV,202545,2025-11-08
in,202545,17.0,RSV,202545,2025-11-08
ks,202545,3.0,RSV,202545,2025-11-08
ky,202545,12.0,RSV,202545,2025-11-08
la,202545,24.0,RSV,202545,2025-11-08
ma,202545,23.0,RSV,202545,2025-11-08
md,202545,16.0,RSV,202545,2025-11-08
me,202545,1.0,RSV,202545,2025-11-08
mi,202545,10.0,RSV,202545,2025-11-08
mn,202545,10.0,RSV,202545,2025-11-08
mo,202545,4.0,RSV,202545,2025-11-08
mp,202545,0.0,RSV,202545,2025-11-08
ms,202545,1.0,RSV,202545,2025-11-08
mt,202545,0.0,RSV,202545,2025-11-08
nc,202545,36.0,RSV,202545,2025-11-08
nd,202545,0.0,RSV,202545,2025-11-08
ne,202545,2.0,RSV,202545,2025-11-08
nh,202545,1.0,RSV,202545,2025-11-08
nj,202545,42.0,RSV,202545,2025-11-08
nm,202545,0.0,RSV,202545,2025-11-08
nv,202545,3.0,RSV,202545,2025-11-08
ny,202545,66.0,RSV,202545,2025-11-08
oh,202545,27.0,RSV,202545,2025-11-08
ok,202545,1.0,RSV,202545,2025-11-08
or,202545,2.0,RSV,202545,2025-11-08
pa,202545,39.0,RSV,202545,2025-11-08
pr,202545,81.0,RSV,202545,2025-11-08
ri,202545,5.0,RSV,202545,2025-11-08
sc,202545,41.0,RSV,202545,2025-11-08
sd,202545,1.0,RSV,202545,2025-11-08
tn,202545,14.0,RSV,202545,2025-11-08
tx,202545,185.0,RSV,202545,2025-11-08
ut,202545,0.0,RSV,202545,2025-11-08
va,202545,30.0,RSV,202545,2025-11-08
vi,202545,0.0,RSV,202545,2025-11-08
vt,202545,0.0,RSV,202545,2025-11-08
wa,202545,10.0,RSV,202545,2025-11-08
wi,202545,6.0,RSV,202545,2025-11-08
wv,202545,5.0,RSV,202545,2025-11-08
wy,202545,0.0,RSV,202545,2025-11-08
ak,202546,3.0,RSV,202546,2025-11-15
al,202546,40.0,RSV,202546,2025-11-15
ar,202546,28.0,RSV,202546,2025-11-15
as,202546,0.0,RSV,202546,2025-11-15
az,202546,4.0,RSV,202546,2025-11-15
ca,202546,71.0,RSV,202546,2025-11-15
co,202546,6.0,RSV,202546,2025-11-15
ct,202546,4.0,RSV,202546,2025-11-15
dc,202546,2.0,RSV,202546,2025-11-15
de,202546,12.0,RSV,202546,2025-11-15
fl,202546,340.0,RSV,202546,2025-11-15
ga,202546,105.0,RSV,202546,2025-11-15
gu,202546,0.0,RSV,202546,2025-11-15
hi,202546,9.0,RSV,202546,2025-11-15
ia,202546,1.0,RSV,202546,2025-11-15
id,202546,1.0,RSV,202546,2025-11-15
il,202546,19.0,RSV,202546,2025-11-15
in,202546,14.0,RSV,202546,2025-11-15
ks,202546,4.0,RSV,202546,2025-11-15
ky,202546,14.0,RSV,202546,2025-11-15
la,202546,32.0,RSV,202546,2025-11-15
ma,202546,20.0,RSV,202546,2025-11-15
md,202546,27.0,RSV,202546,2025-11-15
me,202546,0.0,RSV,202546,2025-11-15
mi,202546,9.0,RSV,202546,2025-11-15
mn,202546,18.0,RSV,202546,2025-11-15
mo,202546,9.0,RSV,202546,2025-11-15
mp,202546,1.0,RSV,202546,2025-11-15
ms,202546,6.0,RSV,202546,2025-11-15
mt,202546,0.0,RSV,202546,2025-11-15
nc,202546,30.0,RSV,202546,2025-11-15
nd,202546,0.0,RSV,202546,2025-11-15
ne,202546,6.0,RSV,202546,2025-11-15
nh,202546,5.0,RSV,202546,2025-11-15
nj,202546,46.0,RSV,202546,2025-11-15
nm,202546,2.0,RSV,202546,2025-11-15
nv,202546,2.0,RSV,202546,2025-11-15
ny,202546,106.0,RSV,202546,2025-11-15
oh,202546,35.0,RSV,202546,2025-11-15
ok,202546,1.0,RSV,202546,2025-11-15
or,202546,6.0,RSV,202546,2025-11-15
pa,202546,100.0,RSV,202546,2025-11-15
pr,202546,97.0,RSV,202546,2025-11-15
ri,202546,4.0,RSV,202546,2025-11-15
sc,202546,53.0,RSV,202546,2025-11-15
sd,202546,0.0,RSV,202546,2025-11-15
tn,202546,15.0,RSV,202546,2025-11-15
tx,202546,202.0,RSV,202546,2025-11-15
ut,202546,0.0,RSV,202546,2025-11-15
va,202546,38.0,RSV,202546,2025-11-15
vi,202546,0.0,RSV,202546,2025-11-15
vt,202546,0.0,RSV,202546,2025-11-15
wa,202546,4.0,RSV,202546,2025-11-15
wi,202546,5.0,RSV,202546,2025-11-15
wv,202546,4.0,RSV,202546,2025-11-15
wy,202546,0.0,RSV,202546,2025-11-15
ak,202547,2.0,RSV,202547,2025-11-22
al,202547,56.0,RSV,202547,2025-11-22
ar,202547,23.0,RSV,202547,2025-11-22
as,202547,,RSV,202547,2025-11-22
az,202547,9.0,RSV,202547,2025-11-22
ca,202547,73.0,RSV,202547,2025-11-22
co,202547,8.0,RSV,202547,2025-11-22
ct,202547,9.0,RSV,202547,2025-11-22
dc,202547,3.0,RSV,202547,2025-11-22
de,202547,14.0,RSV,202547,2025-11-22
fl,202547,391.0,RSV,202547,2025-11-22
ga,202547,108.0,RSV,202547,2025-11-22
gu,202547,0.0,RSV,202547,2025-11-22
hi,202547,6.0,RSV,202547,2025-11-22
ia,202547,2.0,RSV,202547,2025-11-22
id,202547,0.0,RSV,202547,2025-11-22
il,202547,32.0,RSV,202547,2025-11-22
in,202547,26.0,RSV,202547,2025-11-22
ks,202547,4.0,RSV,202547,2025-11-22
ky,202547,17.0,RSV,202547,2025-11-22
la,202547,53.0,RSV,202547,2025-11-22
ma,202547,15.0,RSV,202547,2025-11-22
md,202547,18.0,RSV,202547,2025-11-22
me,202547,2.0,RSV,202547,2025-11-22
mi,202547,10.0,RSV,202547,2025-11-22
mn,202547,25.0,RSV,202547,2025-11-22
mo,202547,10.0,RSV,202547,2025-11-22
mp,202547,0.0,RSV,202547,2025-11-22
ms,202547,11.0,RSV,202547,2025-11-22
mt,202547,2.0,RSV,202547,2025-11-22
nc,202547,48.0,RSV,202547,2025-11-22
nd,202547,1.0,RSV,202547,2025-11-22
ne,202547,2.0,RSV,202547,2025-11-22
nh,202547,3.0,RSV,202547,2025-11-22
nj,202547,68.0,RSV,202547,2025-11-22
nm,202547,1.0,RSV,202547,2025-11-22
nv,202547,3.0,RSV,202547,2025-11-22
ny,202547,134.0,RSV,202547,2025-11-22
oh,202547,33.0,RSV,202547,2025-11-22
ok,202547,2.0,RSV,202547,2025-11-22
or,202547,2.0,RSV,202547,2025-11-22
pa,202547,89.0,RSV,202547,2025-11-22
pr,202547,117.0,RSV,202547,2025-11-22
ri,202547,11.0,RSV,202547,2025-11-22
sc,202547,54.0,RSV,202547,2025-11-22
sd,202547,0.0,RSV,202547,2025-11-22
tn,202547,24.0,RSV,202547,2025-11-22
tx,202547,255.0,RSV,202547,2025-11-22
ut,202547,2.0,RSV,202547,2025-11-22
va,202547,39.0,RSV,202547,2025-11-22
vi,202547,0.0,RSV,202547,2025-11-22
vt,202547,1.0,RSV,202547,2025-11-22
wa,202547,13.0,RSV,202547,2025-11-22
wi,202547,11.0,RSV,202547,2025-11-22
wv,202547,9.0,RSV,202547,2025-11-22
wy,202547,0.0,RSV,202547,2025-11-22
ak,202548,0.0,RSV,202548,2025-11-29
al,202548,51.0,RSV,202548,2025-11-29
ar,202548,27.0,RSV,202548,2025-11-29
as,202548,,RSV,202548,2025-11-29
az,202548,8.0,RSV,202548,2025-11-29
ca,202548,96.0,RSV,202548,2025-11-29
co,202548,10.0,RSV,202548,2025-11-29
ct,202548,14.0,RSV,202548,2025-11-29
dc,202548,2.0,RSV,202548,2025-11-29
de,202548,15.0,RSV,202548,2025-11-29
fl,202548,430.0,RSV,202548,2025-11-29
ga,202548,153.0,RSV,202548,2025-11-29
gu,202548,3.0,RSV,202548,2025-11-29
hi,202548,13.0,RSV,202548,2025-11-29
ia,202548,4.0,RSV,202548,2025-11-29
id,202548,5.0,RSV,202548,2025-11-29
il,202548,33.0,RSV,202548,2025-11-29
in,202548,36.0,RSV,202548,2025-11-29
ks,202548,0.0,RSV,202548,2025-11-29
ky,202548,27.0,RSV,202548,2025-11-29
la,202548,62.0,RSV,202548,2025-11-29
ma,202548,21.0,RSV,202548,2025-11-29
md,202548,39.0,RSV,202548,2025-11-29
me,202548,0.0,RSV,202548,2025-11-29
mi,202548,22.0,RSV,202548,2025-11-29
mn,202548,19.0,RSV,202548,2025-11-29
mo,202548,13.0,RSV,202548,2025-11-29
mp,202548,3.0,RSV,202548,2025-11-29
ms,202548,12.0,RSV,202548,2025-11-29
mt,202548,0.0,RSV,202548,2025-11-29
nc,202548,77.0,RSV,202548,2025-11-29
nd,202548,1.0,RSV,202548,2025-11-29
ne,202548,4.0,RSV,202548,2025-11-29
nh,202548,6.0,RSV,202548,2025-11-29
nj,202548,84.0,RSV,202548,2025-11-29
nm,202548,2.0,RSV,202548,2025-11-29
nv,202548,5.0,RSV,202548,2025-11-29
ny,202548,207.0,RSV,202548,2025-11-29
oh,202548,57.0,RSV,202548,2025-11-29
ok,202548,9.0,RSV,202548,2025-11-29
or,202548,4.0,RSV,202548,2025-11-29
pa,202548,141.0,RSV,202548,2025-11-29
pr,202548,149.0,RSV,202548,2025-11-29
ri,202548,13.0,RSV,202548,2025-11-29
sc,202548,71.0,RSV,202548,2025-11-29
sd,202548,0.0,RSV,202548,2025-11-29
tn,202548,20.0,RSV,202548,2025-11-29
tx,202548,316.0,RSV,202548,2025-11-29
ut,202548,2.0,RSV,202548,2025-11-29
va,202548,46.0,RSV,202548,2025-11-29
vi,202548,0.0,RSV,202548,2025-11-29
vt,202548,1.0,RSV,202548,2025-11-29
wa,202548,8.0,RSV,202548,2025-11-29
wi,202548,9.0,RSV,202548,2025-11-29
wv,202548,23.0,RSV,202548,2025-11-29
wy,202548,0.0,RSV,202548,2025-11-29
ak,202549,1.0,RSV,202549,2025-12-06
al,202549,78.0,RSV,202549,2025-12-06
ar,202549,29.0,RSV,202549,2025-12-06
as,202549,,RSV,202549,2025-12-06
az,202549,3.0,RSV,202549,2025-12-06
ca,202549,136.0,RSV,202549,2025-12-06
co,202549,12.0,RSV,202549,2025-12-06
ct,202549,13.0,RSV,202549,2025-12-06
dc,202549,2.0,RSV,202549,2025-12-06
de,202549,13.0,RSV,202549,2025-12-06
fl,202549,431.0,RSV,202549,2025-12-06
ga,202549,160.0,RSV,202549,2025-12-06
gu,202549,0.0,RSV,202549,2025-12-06
hi,202549,7.0,RSV,202549,2025-12-06
ia,202549,6.0,RSV,202549,2025-12-06
id,202549,5.0,RSV,202549,2025-12-06
il,202549,56.0,RSV,202549,2025-12-06
in,202549,44.0,RSV,202549,2025-12-06
ks,202549,5.0,RSV,202549,2025-12-06
ky,202549,31.0,RSV,202549,2025-12-06
la,202549,81.0,RSV,202549,2025-12-06
ma,202549,63.0,RSV,202549,2025-12-06
md,202549,49.0,RSV,202549,2025-12-06
me,202549,3.0,RSV,202549,2025-12-06
mi,202549,25.0,RSV,202549,2025-12-06
mn,202549,27.0,RSV,202549,2025-12-06
mo,202549,18.0,RSV,202549,2025-12-06
mp,202549,0.0,RSV,202549,2025-12-06
ms,202549,15.0,RSV,202549,2025-12-06
mt,202549,2.0,RSV,202549,2025-12-06
nc,202549,107.0,RSV,202549,2025-12-06
nd,202549,3.0,RSV,202549,2025-12-06
ne,202549,4.0,RSV,202549,2025-12-06
nh,202549,4.0,RSV,202549,2025-12-06
nj,202549,114.0,RSV,202549,2025-12-06
nm,202549,4.0,RSV,202549,2025-12-06
nv,202549,9.0,RSV,202549,2025-12-06
ny,202549,281.0,RSV,202549,2025-12-06
oh,202549,102.0,RSV,202549,2025-12-06
ok,202549,12.0,RSV,202549,2025-12-06
or,202549,10.0,RSV,202549,2025-12-06
pa,202549,152.0,RSV,202549,2025-12-06
pr,202549,158.0,RSV,202549,2025-12-06
ri,202549,13.0,RSV,202549,2025-12-06
sc,202549,97.0,RSV,202549,2025-12-06
sd,202549,1.0,RSV,202549,2025-12-06
tn,202549,46.0,RSV,202549,2025-12-06
tx,202549,350.0,RSV,202549,2025-12-06
ut,202549,2.0,RSV,202549,2025-12-06
va,202549,70.0,RSV,202549,2025-12-06
vi,202549,0.0,RSV,202549,2025-12-06
vt,202549,0.0,RSV,202549,2025-12-06
wa,202549,30.0,RSV,202549,2025-12-06
wi,202549,17.0,RSV,202549,2025-12-06
wv,202549,20.0,RSV,202549,2025-12-06
wy,202549,1.0,RSV,202549,2025-12-06
ak,202550,3.0,RSV,202550,2025-12-13
al,202550,84.0,RSV,202550,2025-12-13
ar,202550,30.0,RSV,202550,2025-12-13
as,202550,,RSV,202550,2025-12-13
az,202550,8.0,RSV,202550,2025-12-13
ca,202550,150.0,RSV,202550,2025-12-13
co,202550,28.0,RSV,202550,2025-12-13
ct,202550,27.0,RSV,202550,2025-12-13
dc,202550,3.0,RSV,202550,2025-12-13
de,202550,24.0,RSV,202550,2025-12-13
fl,202550,449.0,RSV,202550,2025-12-13
ga,202550,193.0,RSV,202550,2025-12-13
gu,202550,0.0,RSV,202550,2025-12-13
hi,202550,10.0,RSV,202550,2025-12-13
ia,202550,5.0,RSV,202550,2025-12-13
id,202550,3.0,RSV,202550,2025-12-13
il,202550,90.0,RSV,202550,2025-12-13
in,202550,70.0,RSV,202550,2025-12-13
ks,202550,16.0,RSV,202550,2025-12-13
ky,202550,40.0,RSV,202550,2025-12-13
la,202550,94.0,RSV,202550,2025-12-13
ma,202550,38.0,RSV,202550,2025-12-13
md,202550,92.0,RSV,202550,2025-12-13
me,202550,0.0,RSV,202550,2025-12-13
mi,202550,42.0,RSV,202550,2025-12-13
mn,202550,38.0,RSV,202550,2025-12-13
mo,202550,27.0,RSV,202550,2025-12-13
mp,202550,1.0,RSV,202550,2025-12-13
ms,202550,24.0,RSV,202550,2025-12-13
mt,202550,2.0,RSV,202550,2025-12-13
nc,202550,143.0,RSV,202550,2025-12-13
nd,202550,1.0,RSV,202550,2025-12-13
ne,202550,5.0,RSV,202550,2025-12-13
nh,202550,6.0,RSV,202550,2025-12-13
nj,202550,168.0,RSV,202550,2025-12-13
nm,202550,6.0,RSV,202550,2025-12-13
nv,202550,16.0,RSV,202550,2025-12-13
ny,202550,364.0,RSV,202550,2025-12-13
oh,202550,111.0,RSV,202550,2025-12-13
ok,202550,7.0,RSV,202550,2025-12-13
or,202550,12.0,RSV,202550,2025-12-13
pa,202550,230.0,RSV,202550,2025-12-13
pr,202550,123.0,RSV,202550,2025-12-13
ri,202550,23.0,RSV,202550,2025-12-13
sc,202550,106.0,RSV,202550,2025-12-13
sd,202550,1.0,RSV,202550,2025-12-13
tn,202550,51.0,RSV,202550,2025-12-13
tx,202550,439.0,RSV,202550,2025-12-13
ut,202550,0.0,RSV,202550,2025-12-13
va,202550,78.0,RSV,202550,2025-12-13
vi,202550,0.0,RSV,202550,2025-12-13
vt,202550,2.0,RSV,202550,2025-12-13
wa,202550,33.0,RSV,202550,2025-12-13
wi,202550,10.0,RSV,202550,2025-12-13
wv,202550,15.0,RSV,202550,2025-12-13
wy,202550,1.0,RSV,202550,2025-12-13
ak,202551,4.0,RSV,202551,2025-12-20
al,202551,92.0,RSV,202551,2025-12-20
ar,202551,55.0,RSV,202551,2025-12-20
as,202551,,RSV,202551,2025-12-20
az,202551,18.0,RSV,202551,2025-12-20
ca,202551,191.0,RSV,202551,2025-12-20
co,202551,41.0,RSV,202551,2025-12-20
ct,202551,25.0,RSV,202551,2025-12-20
dc,202551,4.0,RSV,202551,2025-12-20
de,202551,36.0,RSV,202551,2025-12-20
fl,202551,419.0,RSV,202551,2025-12-20
ga,202551,220.0,RSV,202551,2025-12-20
gu,202551,2.0,RSV,202551,2025-12-20
hi,202551,4.0,RSV,202551,2025-12-20
ia,202551,16.0,RSV,202551,2025-12-20
id,202551,5.0,RSV,202551,2025-12-20
il,202551,126.0,RSV,202551,2025-12-20
in,202551,76.0,RSV,202551,2025-12-20
ks,202551,24.0,RSV,202551,2025-12-20
ky,202551,58.0,RSV,202551,2025-12-20
la,202551,116.0,RSV,202551,2025-12-20
ma,202551,54.0,RSV,202551,2025-12-20
md,202551,91.0,RSV,202551,2025-12-20
me,202551,4.0,RSV,202551,2025-12-20
mi,202551,79.0,RSV,202551,2025-12-20
mn,202551,53.0,RSV,202551,2025-12-20
mo,202551,52.0,RSV,202551,2025-12-20
mp,202551,1.0,RSV,202551,2025-12-20
ms,202551,32.0,RSV,202551,2025-12-20
mt,202551,7.0,RSV,202551,2025-12-20
nc,202551,166.0,RSV,202551,2025-12-20
nd,202551,2.0,RSV,202551,2025-12-20
ne,202551,9.0,RSV,202551,2025-12-20
nh,202551,8.0,RSV,202551,2025-12-20
nj,202551,206.0,RSV,202551,2025-12-20
nm,202551,14.0,RSV,202551,2025-12-20
nv,202551,25.0,RSV,202551,2025-12-20
ny,202551,390.0,RSV,202551,2025-12-20
oh,202551,164.0,RSV,202551,2025-12-20
ok,202551,14.0,RSV,202551,2025-12-20
or,202551,13.0,RSV,202551,2025-12-20
pa,202551,291.0,RSV,202551,2025-12-20
pr,202551,106.0,RSV,202551,2025-12-20
ri,202551,22.0,RSV,202551,2025-12-20
sc,202551,131.0,RSV,202551,2025-12-20
sd,202551,3.0,RSV,202551,2025-12-20
tn,202551,101.0,RSV,202551,2025-12-20
tx,202551,513.0,RSV,202551,2025-12-20
ut,202551,7.0,RSV,202551,2025-12-20
va,202551,109.0,RSV,202551,2025-12-20
vi,202551,0.0,RSV,202551,2025-12-20
vt,202551,0.0,RSV,202551,2025-12-20
wa,202551,47.0,RSV,202551,2025-12-20
wi,202551,28.0,RSV,202551,2025-12-20
wv,202551,18.0,RSV,202551,2025-12-20
wy,202551,1.0,RSV,202551,2025-12-20
ak,202552,8.0,RSV,202552,2025-12-27
al,202552,109.0,RSV,202552,2025-12-27
ar,202552,70.0,RSV,202552,2025-12-27
as,202552,,RSV,202552,2025-12-27
az,202552,23.0,RSV,202552,2025-12-27
ca,202552,278.0,RSV,202552,2025-12-27
co,202552,60.0,RSV,202552,2025-12-27
ct,202552,40.0,RSV,202552,2025-12-27
dc,202552,5.0,RSV,202552,2025-12-27
de,202552,49.0,RSV,202552,2025-12-27
fl,202552,492.0,RSV,202552,2025-12-27
ga,202552,261.0,RSV,202552,2025-12-27
gu,202552,1.0,RSV,202552,2025-12-27
hi,202552,8.0,RSV,202552,2025-12-27
ia,202552,19.0,RSV,202552,2025-12-27
id,202552,13.0,RSV,202552,2025-12-27
il,202552,166.0,RSV,202552,2025-12-27
in,202552,108.0,RSV,202552,2025-12-27
ks,202552,24.0,RSV,202552,2025-12-27
ky,202552,65.0,RSV,202552,2025-12-27
la,202552,125.0,RSV,202552,2025-12-27
ma,202552,76.0,RSV,202552,2025-12-27
md,202552,116.0,RSV,202552,2025-12-27
me,202552,2.0,RSV,202552,2025-12-27
mi,202552,92.0,RSV,202552,2025-12-27
mn,202552,66.0,RSV,202552,2025-12-27
mo,202552,101.0,RSV,202552,2025-12-27
mp,202552,1.0,RSV,202552,2025-12-27
ms,202552,49.0,RSV,202552,2025-12-27
mt,202552,3.0,RSV,202552,2025-12-27
nc,202552,224.0,RSV,202552,2025-12-27
nd,202552,5.0,RSV,202552,2025-12-27
ne,202552,9.0,RSV,202552,2025-12-27
nh,202552,10.0,RSV,202552,2025-12-27
nj,202552,229.0,RSV,202552,2025-12-27
nm,202552,11.0,RSV,202552,2025-12-27
nv,202552,22.0,RSV,202552,2025-12-27
ny,202552,468.0,RSV,202552,2025-12-27
oh,202552,238.0,RSV,202552,2025-12-27
ok,202552,28.0,RSV,202552,2025-12-27
or,202552,37.0,RSV,202552,2025-12-27
pa,202552,388.0,RSV,202552,2025-12-27
pr,202552,60.0,RSV,202552,2025-12-27
ri,202552,25.0,RSV,202552,2025-12-27
sc,202552,158.0,RSV,202552,2025-12-27
sd,202552,4.0,RSV,202552,2025-12-27
tn,202552,109.0,RSV,202552,2025-12-27
tx,202552,692.0,RSV,202552,2025-12-27
ut,202552,8.0,RSV,202552,2025-12-27
va,202552,135.0,RSV,202552,2025-12-27
vi,202552,0.0,RSV,202552,2025-12-27
vt,202552,4.0,RSV,202552,2025-12-27
wa,202552,58.0,RSV,202552,2025-12-27
wi,202552,29.0,RSV,202552,2025-12-27
wv,202552,19.0,RSV,202552,2025-12-27
wy,202552,2.0,RSV,202552,2025-12-27
ak,202553,6.0,RSV,202553,2026-01-03
al,202553,113.0,RSV,202553,2026-01-03
ar,202553,82.0,RSV,202553,2026-01-03
as,202553,,RSV,202553,2026-01-03
az,202553,40.0,RSV,202553,2026-01-03
ca,202553,409.0,RSV,202553,2026-01-03
co,202553,46.0,RSV,202553,2026-01-03
ct,202553,70.0,RSV,202553,2026-01-03
dc,202553,11.0,RSV,202553,2026-01-03
de,202553,74.0,RSV,202553,2026-01-03
fl,202553,528.0,RSV,202553,2026-01-03
ga,202553,251.0,RSV,202553,2026-01-03
gu,202553,0.0,RSV,202553,2026-01-03
hi,202553,23.0,RSV,202553,2026-01-03
ia,202553,30.0,RSV,202553,2026-01-03
id,202553,16.0,RSV,202553,2026-01-03
il,202553,241.0,RSV,202553,2026-01-03
in,202553,158.0,RSV,202553,2026-01-03
ks,202553,42.0,RSV,202553,2026-01-03
ky,202553,79.0,RSV,202553,2026-01-03
la,202553,144.0,RSV,202553,2026-01-03
ma,202553,107.0,RSV,202553,2026-01-03
md,202553,175.0,RSV,202553,2026-01-03
me,202553,2.0,RSV,202553,2026-01-03
mi,202553,127.0,RSV,202553,2026-01-03
mn,202553,80.0,RSV,202553,2026-01-03
mo,202553,106.0,RSV,202553,2026-01-03
mp,202553,0.0,RSV,202553,2026-01-03
ms,202553,39.0,RSV,202553,2026-01-03
mt,202553,4.0,RSV,202553,2026-01-03
nc,202553,287.0,RSV,202553,2026-01-03
nd,202553,6.0,RSV,202553,2026-01-03
ne,202553,19.0,RSV,202553,2026-01-03
nh,202553,18.0,RSV,202553,2026-01-03
nj,202553,311.0,RSV,202553,2026-01-03
nm,202553,18.0,RSV,202553,2026-01-03
nv,202553,29.0,RSV,202553,2026-01-03
ny,202553,552.0,RSV,202553,2026-01-03
oh,202553,333.0,RSV,202553,2026-01-03
ok,202553,34.0,RSV,202553,2026-01-03
or,202553,22.0,RSV,202553,2026-01-03
pa,202553,493.0,RSV,202553,2026-01-03
pr,202553,68.0,RSV,202553,2026-01-03
ri,202553,34.0,RSV,202553,2026-01-03
sc,202553,177.0,RSV,202553,2026-01-03
sd,202553,6.0,RSV,202553,2026-01-03
tn,202553,171.0,RSV,202553,2026-01-03
tx,202553,685.0,RSV,202553,2026-01-03
ut,202553,7.0,RSV,202553,2026-01-03
va,202553,155.0,RSV,202553,2026-01-03
vi,202553,0.0,RSV,202553,2026-01-03
vt,202553,2.0,RSV,202553,2026-01-03
wa,202553,53.0,RSV,202553,2026-01-03
wi,202553,60.0,RSV,202553,2026-01-03
wv,202553,60.0,RSV,202553,2026-01-03
wy,202553,2.0,RSV,202553,2026-01-03
ak,202601,8.0,RSV,202601,2026-01-10
al,202601,121.0,RSV,202601,2026-01-10
ar,202601,55.0,RSV,202601,2026-01-10
as,202601,,RSV,202601,2026-01-10
az,202601,41.0,RSV,202601,2026-01-10
ca,202601,407.0,RSV,202601,2026-01-10
co,202601,76.0,RSV,202601,2026-01-10
ct,202601,62.0,RSV,202601,2026-01-10
dc,202601,8.0,RSV,202601,2026-01-10
de,202601,54.0,RSV,202601,2026-01-10
fl,202601,511.0,RSV,202601,2026-01-10
ga,202601,263.0,RSV,202601,2026-01-10
gu,202601,1.0,RSV,202601,2026-01-10
hi,202601,23.0,RSV,202601,2026-01-10
ia,202601,30.0,RSV,202601,2026-01-10
id,202601,21.0,RSV,202601,2026-01-10
il,202601,219.0,RSV,202601,2026-01-10
in,202601,153.0,RSV,202601,2026-01-10
ks,202601,38.0,RSV,202601,2026-01-10
ky,202601,115.0,RSV,202601,2026-01-10
la,202601,121.0,RSV,202601,2026-01-10
ma,202601,111.0,RSV,202601,2026-01-10
md,202601,162.0,RSV,202601,2026-01-10
me,202601,1.0,RSV,202601,2026-01-10
mi,202601,130.0,RSV,202601,2026-01-10
mn,202601,77.0,RSV,202601,2026-01-10
mo,202601,84.0,RSV,202601,2026-01-10
mp,202601,0.0,RSV,202601,2026-01-10
ms,202601,67.0,RSV,202601,2026-01-10
mt,202601,5.0,RSV,202601,2026-01-10
nc,202601,273.0,RSV,202601,2026-01-10
nd,202601,8.0,RSV,202601,2026-01-10
ne,202601,21.0,RSV,202601,2026-01-10
nh,202601,8.0,RSV,202601,2026-01-10
nj,202601,279.0,RSV,202601,2026-01-10
nm,202601,20.0,RSV,202601,2026-01-10
nv,202601,20.0,RSV,202601,2026-01-10
ny,202601,549.0,RSV,202601,2026-01-10
oh,202601,289.0,RSV,202601,2026-01-10
ok,202601,62.0,RSV,202601,2026-01-10
or,202601,30.0,RSV,202601,2026-01-10
pa,202601,429.0,RSV,202601,2026-01-10
pr,202601,33.0,RSV,202601,2026-01-10
ri,202601,37.0,RSV,202601,2026-01-10
sc,202601,140.0,RSV,202601,2026-01-10
sd,202601,4.0,RSV,202601,2026-01-10
tn,202601,157.0,RSV,202601,2026-01-10
tx,202601,549.0,RSV,202601,2026-01-10
ut,202601,16.0,RSV,202601,2026-01-10
va,202601,182.0,RSV,202601,2026-01-10
vi,202601,0.0,RSV,202601,2026-01-10
vt,202601,4.0,RSV,202601,2026-01-10
wa,202601,74.0,RSV,202601,2026-01-10
wi,202601,73.0,RSV,202601,2026-01-10
wv,202601,57.0,RSV,202601,2026-01-10
wy,202601,3.0,RSV,202601,2026-01-10
ak,202602,12.0,RSV,202602,2026-01-17
al,202602,69.0,RSV,202602,2026-01-17
ar,202602,56.0,RSV,202602,2026-01-17
as,202602,,RSV,202602,2026-01-17
az,202602,29.0,RSV,202602,2026-01-17
ca,202602,428.0,RSV,202602,2026-01-17
co,202602,76.0,RSV,202602,2026-01-17
ct,202602,80.0,RSV,202602,2026-01-17
dc,202602,12.0,RSV,202602,2026-01-17
de,202602,58.0,RSV,202602,2026-01-17
fl,202602,449.0,RSV,202602,2026-01-17
ga,202602,195.0,RSV,202602,2026-01-17
gu,202602,0.0,RSV,202602,2026-01-17
hi,202602,20.0,RSV,202602,2026-01-17
ia,202602,57.0,RSV,202602,2026-01-17
id,202602,19.0,RSV,202602,2026-01-17
il,202602,243.0,RSV,202602,2026-01-17
in,202602,140.0,RSV,202602,2026-01-17
ks,202602,33.0,RSV,202602,2026-01-17
ky,202602,99.0,RSV,202602,2026-01-17
la,202602,126.0,RSV,202602,2026-01-17
ma,202602,98.0,RSV,202602,2026-01-17
md,202602,168.0,RSV,202602,2026-01-17
me,202602,5.0,RSV,202602,2026-01-17
mi,202602,133.0,RSV,202602,2026-01-17
mn,202602,94.0,RSV,202602,2026-01-17
mo,202602,126.0,RSV,202602,2026-01-17
mp,202602,1.0,RSV,202602,2026-01-17
ms,202602,67.0,RSV,202602,2026-01-17
mt,202602,0.0,RSV,202602,2026-01-17
nc,202602,229.0,RSV,202602,2026-01-17
nd,202602,3.0,RSV,202602,2026-01-17
ne,202602,17.0,RSV,202602,2026-01-17
nh,202602,23.0,RSV,202602,2026-01-17
nj,202602,290.0,RSV,202602,2026-01-17
nm,202602,41.0,RSV,202602,2026-01-17
nv,202602,34.0,RSV,202602,2026-01-17
ny,202602,631.0,RSV,202602,2026-01-17
oh,202602,292.0,RSV,202602,2026-01-17
ok,202602,30.0,RSV,202602,2026-01-17
or,202602,40.0,RSV,202602,2026-01-17
pa,202602,480.0,RSV,202602,2026-01-17
pr,202602,38.0,RSV,202602,2026-01-17
ri,202602,31.0,RSV,202602,2026-01-17
sc,202602,107.0,RSV,202602,2026-01-17
sd,202602,10.0,RSV,202602,2026-01-17
tn,202602,131.0,RSV,202602,2026-01-17
tx,202602,495.0,RSV,202602,2026-01-17
ut,202602,13.0,RSV,202602,2026-01-17
va,202602,155.0,RSV,202602,2026-01-17
vi,202602,0.0,RSV,202602,2026-01-17
vt,202602,4.0,RSV,202602,2026-01-17
wa,202602,67.0,RSV,202602,2026-01-17
wi,202602,95.0,RSV,202602,2026-01-17
wv,202602,48.0,RSV,202602,2026-01-17
wy,202602,6.0,RSV,202602,2026-01-17
ak,202603,9.0,RSV,202603,2026-01-24
al,202603,86.0,RSV,202603,2026-01-24
ar,202603,61.0,RSV,202603,2026-01-24
as,202603,,RSV,202603,2026-01-24
az,202603,55.0,RSV,202603,2026-01-24
ca,202603,459.0,RSV,202603,2026-01-24
co,202603,99.0,RSV,202603,2026-01-24
ct,202603,82.0,RSV,202603,2026-01-24
dc,202603,11.0,RSV,202603,2026-01-24
de,202603,53.0,RSV,202603,2026-01-24
fl,202603,368.0,RSV,202603,2026-01-24
ga,202603,164.0,RSV,202603,2026-01-24
gu,202603,0.0,RSV,202603,2026-01-24
hi,202603,22.0,RSV,202603,2026-01-24
ia,202603,59.0,RSV,202603,2026-01-24
id,202603,17.0,RSV,202603,2026-01-24
il,202603,239.0,RSV,202603,2026-01-24
in,202603,150.0,RSV,202603,2026-01-24
ks,202603,40.0,RSV,202603,2026-01-24
ky,202603,73.0,RSV,202603,2026-01-24
la,202603,126.0,RSV,202603,2026-01-24
ma,202603,201.0,RSV,202603,2026-01-24
md,202603,136.0,RSV,202603,2026-01-24
me,202603,5.0,RSV,202603,2026-01-24
mi,202603,129.0,RSV,202603,2026-01-24
mn,202603,95.0,RSV,202603,2026-01-24
mo,202603,115.0,RSV,202603,2026-01-24
mp,202603,3.0,RSV,202603,2026-01-24
ms,202603,56.0,RSV,202603,2026-01-24
mt,202603,3.0,RSV,202603,2026-01-24
nc,202603,257.0,RSV,202603,2026-01-24
nd,202603,7.0,RSV,202603,2026-01-24
ne,202603,22.0,RSV,202603,2026-01-24
nh,202603,31.0,RSV,202603,2026-01-24
nj,202603,310.0,RSV,202603,2026-01-24
nm,202603,42.0,RSV,202603,2026-01-24
nv,202603,39.0,RSV,202603,2026-01-24
ny,202603,598.0,RSV,202603,2026-01-24
oh,202603,337.0,RSV,202603,2026-01-24
ok,202603,24.0,RSV,202603,2026-01-24
or,202603,40.0,RSV,202603,2026-01-24
pa,202603,435.0,RSV,202603,2026-01-24
pr,202603,33.0,RSV,202603,2026-01-24
ri,202603,33.0,RSV,202603,2026-01-24
sc,202603,96.0,RSV,202603,2026-01-24
sd,202603,13.0,RSV,202603,2026-01-24
tn,202603,138.0,RSV,202603,2026-01-24
tx,202603,555.0,RSV,202603,2026-01-24
ut,202603,18.0,RSV,202603,2026-01-24
va,202603,161.0,RSV,202603,2026-01-24
vi,202603,0.0,RSV,202603,2026-01-24
vt,202603,12.0,RSV,202603,2026-01-24
wa,202603,53.0,RSV,202603,2026-01-24
wi,202603,84.0,RSV,202603,2026-01-24
wv,202603,51.0,RSV,202603,2026-01-24
wy,202603,3.0,RSV,202603,2026-01-24
ak,202604,15.0,RSV,202604,2026-01-31
al,202604,72.0,RSV,202604,2026-01-31
ar,202604,66.0,RSV,202604,2026-01-31
as,202604,,RSV,202604,2026-01-31
az,202604,60.0,RSV,202604,2026-01-31
ca,202604,521.0,RSV,202604,2026-01-31
co,202604,138.0,RSV,202604,2026-01-31
ct,202604,82.0,RSV,202604,2026-01-31
dc,202604,5.0,RSV,202604,2026-01-31
de,202604,55.0,RSV,202604,2026-01-31
fl,202604,395.0,RSV,202604,2026-01-31
ga,202604,168.0,RSV,202604,2026-01-31
gu,202604,0.0,RSV,202604,2026-01-31
hi,202604,33.0,RSV,202604,2026-01-31
ia,202604,51.0,RSV,202604,2026-01-31
id,202604,21.0,RSV,202604,2026-01-31
il,202604,217.0,RSV,202604,2026-01-31
in,202604,131.0,RSV,202604,2026-01-31
ks,202604,32.0,RSV,202604,2026-01-31
ky,202604,86.0,RSV,202604,2026-01-31
la,202604,128.0,RSV,202604,2026-01-31
ma,202604,110.0,RSV,202604,2026-01-31
md,202604,114.0,RSV,202604,2026-01-31
me,202604,6.0,RSV,202604,2026-01-31
mi,202604,142.0,RSV,202604,2026-01-31
mn,202604,108.0,RSV,202604,2026-01-31
mo,202604,138.0,RSV,202604,2026-01-31
mp,202604,1.0,RSV,202604,2026-01-31
ms,202604,59.0,RSV,202604,2026-01-31
mt,202604,13.0,RSV,202604,2026-01-31
nc,202604,242.0,RSV,202604,2026-01-31
nd,202604,7.0,RSV,202604,2026-01-31
ne,202604,21.0,RSV,202604,2026-01-31
nh,202604,29.0,RSV,202604,2026-01-31
nj,202604,289.0,RSV,202604,2026-01-31
nm,202604,49.0,RSV,202604,2026-01-31
nv,202604,51.0,RSV,202604,2026-01-31
ny,202604,640.0,RSV,202604,2026-01-31
oh,202604,305.0,RSV,202604,2026-01-31
ok,202604,44.0,RSV,202604,2026-01-31
or,202604,52.0,RSV,202604,2026-01-31
pa,202604,523.0,RSV,202604,2026-01-31
pr,202604,30.0,RSV,202604,2026-01-31
ri,202604,29.0,RSV,202604,2026-01-31
sc,202604,76.0,RSV,202604,2026-01-31
sd,202604,14.0,RSV,202604,2026-01-31
tn,202604,129.0,RSV,202604,2026-01-31
tx,202604,547.0,RSV,202604,2026-01-31
ut,202604,30.0,RSV,202604,2026-01-31
va,202604,125.0,RSV,202604,2026-01-31
vi,202604,0.0,RSV,202604,2026-01-31
vt,202604,5.0,RSV,202604,2026-01-31
wa,202604,82.0,RSV,202604,2026-01-31
wi,202604,72.0,RSV,202604,2026-01-31
wv,202604,35.0,RSV,202604,2026-01-31
wy,202604,6.0,RSV,202604,2026-01-31
ak,202605,8.0,RSV,202605,2026-02-07
al,202605,73.0,RSV,202605,2026-02-07
ar,202605,64.0,RSV,202605,2026-02-07
as,202605,,RSV,202605,2026-02-07
az,202605,91.0,RSV,202605,2026-02-07
ca,202605,584.0,RSV,202605,2026-02-07
co,202605,180.0,RSV,202605,2026-02-07
ct,202605,90.0,RSV,202605,2026-02-07
dc,202605,10.0,RSV,202605,2026-02-07
de,202605,46.0,RSV,202605,2026-02-07
fl,202605,334.0,RSV,202605,2026-02-07
ga,202605,172.0,RSV,202605,2026-02-07
gu,202605,0.0,RSV,202605,2026-02-07
hi,202605,26.0,RSV,202605,2026-02-07
ia,202605,71.0,RSV,202605,2026-02-07
id,202605,30.0,RSV,202605,2026-02-07
il,202605,279.0,RSV,202605,2026-02-07
in,202605,135.0,RSV,202605,2026-02-07
ks,202605,65.0,RSV,202605,2026-02-07
ky,202605,83.0,RSV,202605,2026-02-07
la,202605,107.0,RSV,202605,2026-02-07
ma,202605,171.0,RSV,202605,2026-02-07
md,202605,110.0,RSV,202605,2026-02-07
me,202605,6.0,RSV,202605,2026-02-07
mi,202605,139.0,RSV,202605,2026-02-07
mn,202605,122.0,RSV,202605,2026-02-07
mo,202605,123.0,RSV,202605,2026-02-07
mp,202605,1.0,RSV,202605,2026-02-07
ms,202605,51.0,RSV,202605,2026-02-07
mt,202605,11.0,RSV,202605,2026-02-07
nc,202605,258.0,RSV,202605,2026-02-07
nd,202605,10.0,RSV,202605,2026-02-07
ne,202605,34.0,RSV,202605,2026-02-07
nh,202605,34.0,RSV,202605,2026-02-07
nj,202605,291.0,RSV,202605,2026-02-07
nm,202605,75.0,RSV,202605,2026-02-07
nv,202605,83.0,RSV,202605,2026-02-07
ny,202605,744.0,RSV,202605,2026-02-07
oh,202605,290.0,RSV,202605,2026-02-07
ok,202605,65.0,RSV,202605,2026-02-07
or,202605,65.0,RSV,202605,2026-02-07
pa,202605,533.0,RSV,202605,2026-02-07
pr,202605,34.0,RSV,202605,2026-02-07
ri,202605,25.0,RSV,202605,2026-02-07
sc,202605,86.0,RSV,202605,2026-02-07
sd,202605,18.0,RSV,202605,2026-02-07
tn,202605,137.0,RSV,202605,2026-02-07
tx,202605,530.0,RSV,202605,2026-02-07
ut,202605,42.0,RSV,202605,2026-02-07
va,202605,134.0,RSV,202605,2026-02-07
vi,202605,0.0,RSV,202605,2026-02-07
vt,202605,10.0,RSV,202605,2026-02-07
wa,202605,83.0,RSV,202605,2026-02-07
wi,202605,112.0,RSV,202605,2026-02-07
wv,202605,36.0,RSV,202605,2026-02-07
wy,202605,8.0,RSV,202605,2026-02-07
ak,202606,13.0,RSV,202606,2026-02-14
al,202606,72.0,RSV,202606,2026-02-14
ar,202606,63.0,RSV,202606,2026-02-14
as,202606,,RSV,202606,2026-02-14
az,202606,110.0,RSV,202606,2026-02-14
ca,202606,565.0,RSV,202606,2026-02-14
co,202606,192.0,RSV,202606,2026-02-14
ct,202606,107.0,RSV,202606,2026-02-14
dc,202606,7.0,RSV,202606,2026-02-14
de,202606,51.0,RSV,202606,2026-02-14
fl,202606,400.0,RSV,202606,2026-02-14
ga,202606,219.0,RSV,202606,2026-02-14
gu,202606,0.0,RSV,202606,2026-02-14
hi,202606,18.0,RSV,202606,2026-02-14
ia,202606,96.0,RSV,202606,2026-02-14
id,202606,46.0,RSV,202606,2026-02-14
il,202606,339.0,RSV,202606,2026-02-14
in,202606,136.0,RSV,202606,2026-02-14
ks,202606,59.0,RSV,202606,2026-02-14
ky,202606,99.0,RSV,202606,2026-02-14
la,202606,119.0,RSV,202606,2026-02-14
ma,202606,199.0,RSV,202606,2026-02-14
md,202606,127.0,RSV,202606,2026-02-14
me,202606,9.0,RSV,202606,2026-02-14
mi,202606,172.0,RSV,202606,2026-02-14
mn,202606,162.0,RSV,202606,2026-02-14
mo,202606,189.0,RSV,202606,2026-02-14
mp,202606,0.0,RSV,202606,2026-02-14
ms,202606,58.0,RSV,202606,2026-02-14
mt,202606,22.0,RSV,202606,2026-02-14
nc,202606,248.0,RSV,202606,2026-02-14
nd,202606,11.0,RSV,202606,2026-02-14
ne,202606,47.0,RSV,202606,2026-02-14
nh,202606,44.0,RSV,202606,2026-02-14
nj,202606,329.0,RSV,202606,2026-02-14
nm,202606,78.0,RSV,202606,2026-02-14
nv,202606,66.0,RSV,202606,2026-02-14
ny,202606,762.0,RSV,202606,2026-02-14
oh,202606,322.0,RSV,202606,2026-02-14
ok,202606,72.0,RSV,202606,2026-02-14
or,202606,97.0,RSV,202606,2026-02-14
pa,202606,502.0,RSV,202606,2026-02-14
pr,202606,61.0,RSV,202606,2026-02-14
ri,202606,42.0,RSV,202606,2026-02-14
sc,202606,86.0,RSV,202606,2026-02-14
sd,202606,29.0,RSV,202606,2026-02-14
tn,202606,133.0,RSV,202606,2026-02-14
tx,202606,569.0,RSV,202606,2026-02-14
ut,202606,44.0,RSV,202606,2026-02-14
va,202606,97.0,RSV,202606,2026-02-14
vi,202606,0.0,RSV,202606,2026-02-14
vt,202606,8.0,RSV,202606,2026-02-14
wa,202606,95.0,RSV,202606,2026-02-14
wi,202606,112.0,RSV,202606,2026-02-14
wv,202606,40.0,RSV,202606,2026-02-14
wy,202606,24.0,RSV,202606,2026-02-14
ak,202607,8.0,RSV,202607,2026-02-21
al,202607,79.0,RSV,202607,2026-02-21
ar,202607,71.0,RSV,202607,2026-02-21
as,202607,,RSV,202607,2026-02-21
az,202607,119.0,RSV,202607,2026-02-21
ca,202607,597.0,RSV,202607,2026-02-21
co,202607,253.0,RSV,202607,2026-02-21
ct,202607,119.0,RSV,202607,2026-02-21
dc,202607,16.0,RSV,202607,2026-02-21
de,202607,49.0,RSV,202607,2026-02-21
fl,202607,379.0,RSV,202607,2026-02-21
ga,202607,222.0,RSV,202607,2026-02-21
gu,202607,0.0,RSV,202607,2026-02-21
hi,202607,22.0,RSV,202607,2026-02-21
ia,202607,84.0,RSV,202607,2026-02-21
id,202607,48.0,RSV,202607,2026-02-21
il,202607,366.0,RSV,202607,2026-02-21
in,202607,171.0,RSV,202607,2026-02-21
ks,202607,92.0,RSV,202607,2026-02-21
ky,202607,95.0,RSV,202607,2026-02-21
la,202607,139.0,RSV,202607,2026-02-21
ma,202607,219.0,RSV,202607,2026-02-21
md,202607,115.0,RSV,202607,2026-02-21
me,202607,7.0,RSV,202607,2026-02-21
mi,202607,249.0,RSV,202607,2026-02-21
mn,202607,149.0,RSV,202607,2026-02-21
mo,202607,149.0,RSV,202607,2026-02-21
mp,202607,1.0,RSV,202607,2026-02-21
ms,202607,46.0,RSV,202607,2026-02-21
mt,202607,12.0,RSV,202607,2026-02-21
nc,202607,286.0,RSV,202607,2026-02-21
nd,202607,15.0,RSV,202607,2026-02-21
ne,202607,48.0,RSV,202607,2026-02-21
nh,202607,29.0,RSV,202607,2026-02-21
nj,202607,373.0,RSV,202607,2026-02-21
nm,202607,84.0,RSV,202607,2026-02-21
nv,202607,99.0,RSV,202607,2026-02-21
ny,202607,795.0,RSV,202607,2026-02-21
oh,202607,442.0,RSV,202607,2026-02-21
ok,202607,91.0,RSV,202607,2026-02-21
or,202607,105.0,RSV,202607,2026-02-21
pa,202607,548.0,RSV,202607,2026-02-21
pr,202607,18.0,RSV,202607,2026-02-21
ri,202607,36.0,RSV,202607,2026-02-21
sc,202607,70.0,RSV,202607,2026-02-21
sd,202607,34.0,RSV,202607,2026-02-21
tn,202607,149.0,RSV,202607,2026-02-21
tx,202607,616.0,RSV,202607,2026-02-21
ut,202607,54.0,RSV,202607,2026-02-21
va,202607,125.0,RSV,202607,2026-02-21
vi,202607,0.0,RSV,202607,2026-02-21
vt,202607,12.0,RSV,202607,2026-02-21
wa,202607,84.0,RSV,202607,2026-02-21
wi,202607,152.0,RSV,202607,2026-02-21
wv,202607,72.0,RSV,202607,2026-02-21
wy,202607,26.0,RSV,202607,2026-02-21
ak,202608,7.0,RSV,202608,2026-02-28
al,202608,61.0,RSV,202608,2026-02-28
ar,202608,47.0,RSV,202608,2026-02-28
as,202608,13.0,RSV,202608,2026-02-28
az,202608,123.0,RSV,202608,2026-02-28
ca,202608,559.0,RSV,202608,2026-02-28
co,202608,266.0,RSV,202608,2026-02-28
ct,202608,113.0,RSV,202608,2026-02-28
dc,202608,9.0,RSV,202608,2026-02-28
de,202608,50.0,RSV,202608,2026-02-28
fl,202608,295.0,RSV,202608,2026-02-28
ga,202608,168.0,RSV,202608,2026-02-28
gu,202608,0.0,RSV,202608,2026-02-28
hi,202608,17.0,RSV,202608,2026-02-28
ia,202608,118.0,RSV,202608,2026-02-28
id,202608,36.0,RSV,202608,2026-02-28
il,202608,361.0,RSV,202608,2026-02-28
in,202608,173.0,RSV,202608,2026-02-28
ks,202608,87.0,RSV,202608,2026-02-28
ky,202608,84.0,RSV,202608,2026-02-28
la,202608,95.0,RSV,202608,2026-02-28
ma,202608,209.0,RSV,202608,2026-02-28
md,202608,91.0,RSV,202608,2026-02-28
me,202608,14.0,RSV,202608,2026-02-28
mi,202608,255.0,RSV,202608,2026-02-28
mn,202608,168.0,RSV,202608,2026-02-28
mo,202608,153.0,RSV,202608,2026-02-28
mp,202608,1.0,RSV,202608,2026-02-28
ms,202608,47.0,RSV,202608,2026-02-28
mt,202608,28.0,RSV,202608,2026-02-28
nc,202608,246.0,RSV,202608,2026-02-28
nd,202608,24.0,RSV,202608,2026-02-28
ne,202608,66.0,RSV,202608,2026-02-28
nh,202608,40.0,RSV,202608,2026-02-28
nj,202608,333.0,RSV,202608,2026-02-28
nm,202608,98.0,RSV,202608,2026-02-28
nv,202608,78.0,RSV,202608,2026-02-28
ny,202608,758.0,RSV,202608,2026-02-28
oh,202608,383.0,RSV,202608,2026-02-28
ok,202608,82.0,RSV,202608,2026-02-28
or,202608,80.0,RSV,202608,2026-02-28
pa,202608,612.0,RSV,202608,2026-02-28
pr,202608,37.0,RSV,202608,2026-02-28
ri,202608,51.0,RSV,202608,2026-02-28
sc,202608,71.0,RSV,202608,2026-02-28
sd,202608,27.0,RSV,202608,2026-02-28
tn,202608,113.0,RSV,202608,2026-02-28
tx,202608,496.0,RSV,202608,2026-02-28
ut,202608,56.0,RSV,202608,2026-02-28
va,202608,94.0,RSV,202608,2026-02-28
vi,202608,0.0,RSV,202608,2026-02-28
vt,202608,26.0,RSV,202608,2026-02-28
wa,202608,88.0,RSV,202608,2026-02-28
wi,202608,187.0,RSV,202608,2026-02-28
wv,202608,90.0,RSV,202608,2026-02-28
wy,202608,17.0,RSV,202608,2026-02-28
ak,202609,11.0,RSV,202609,2026-03-07
al,202609,57.0,RSV,202609,2026-03-07
ar,202609,56.0,RSV,202609,2026-03-07
as,202609,,RSV,202609,2026-03-07
az,202609,132.0,RSV,202609,2026-03-07
ca,202609,510.0,RSV,202609,2026-03-07
co,202609,232.0,RSV,202609,2026-03-07
ct,202609,115.0,RSV,202609,2026-03-07
dc,202609,6.0,RSV,202609,2026-03-07
de,202609,41.0,RSV,202609,2026-03-07
fl,202609,257.0,RSV,202609,2026-03-07
ga,202609,154.0,RSV,202609,2026-03-07
gu,202609,0.0,RSV,202609,2026-03-07
hi,202609,23.0,RSV,202609,2026-03-07
ia,202609,123.0,RSV,202609,2026-03-07
id,202609,53.0,RSV,202609,2026-03-07
il,202609,342.0,RSV,202609,2026-03-07
in,202609,192.0,RSV,202609,2026-03-07
ks,202609,87.0,RSV,202609,2026-03-07
ky,202609,86.0,RSV,202609,2026-03-07
la,202609,82.0,RSV,202609,2026-03-07
ma,202609,130.0,RSV,202609,2026-03-07
md,202609,89.0,RSV,202609,2026-03-07
me,202609,12.0,RSV,202609,2026-03-07
mi,202609,273.0,RSV,202609,2026-03-07
mn,202609,173.0,RSV,202609,2026-03-07
mo,202609,128.0,RSV,202609,2026-03-07
mp,202609,1.0,RSV,202609,2026-03-07
ms,202609,53.0,RSV,202609,2026-03-07
mt,202609,35.0,RSV,202609,2026-03-07
nc,202609,253.0,RSV,202609,2026-03-07
nd,202609,16.0,RSV,202609,2026-03-07
ne,202609,58.0,RSV,202609,2026-03-07
nh,202609,41.0,RSV,202609,2026-03-07
nj,202609,278.0,RSV,202609,2026-03-07
nm,202609,83.0,RSV,202609,2026-03-07
nv,202609,87.0,RSV,202609,2026-03-07
ny,202609,665.0,RSV,202609,2026-03-07
oh,202609,391.0,RSV,202609,2026-03-07
ok,202609,92.0,RSV,202609,2026-03-07
or,202609,77.0,RSV,202609,2026-03-07
pa,202609,629.0,RSV,202609,2026-03-07
pr,202609,26.0,RSV,202609,2026-03-07
ri,202609,33.0,RSV,202609,2026-03-07
sc,202609,40.0,RSV,202609,2026-03-07
sd,202609,39.0,RSV,202609,2026-03-07
tn,202609,138.0,RSV,202609,2026-03-07
tx,202609,523.0,RSV,202609,2026-03-07
ut,202609,49.0,RSV,202609,2026-03-07
va,202609,88.0,RSV,202609,2026-03-07
vi,202609,0.0,RSV,202609,2026-03-07
vt,202609,22.0,RSV,202609,2026-03-07
wa,202609,62.0,RSV,202609,2026-03-07
wi,202609,198.0,RSV,202609,2026-03-07
wv,202609,79.0,RSV,202609,2026-03-07
wy,202609,23.0,RSV,202609,2026-03-07
ak,202610,10.0,RSV,202610,2026-03-14
al,202610,42.0,RSV,202610,2026-03-14
ar,202610,57.0,RSV,202610,2026-03-14
as,202610,,RSV,202610,2026-03-14
az,202610,94.0,RSV,202610,2026-03-14
ca,202610,448.0,RSV,202610,2026-03-14
co,202610,243.0,RSV,202610,2026-03-14
ct,202610,99.0,RSV,202610,2026-03-14
dc,202610,8.0,RSV,202610,2026-03-14
de,202610,39.0,RSV,202610,2026-03-14
fl,202610,301.0,RSV,202610,2026-03-14
ga,202610,123.0,RSV,202610,2026-03-14
gu,202610,0.0,RSV,202610,2026-03-14
hi,202610,17.0,RSV,202610,2026-03-14
ia,202610,94.0,RSV,202610,2026-03-14
id,202610,43.0,RSV,202610,2026-03-14
il,202610,350.0,RSV,202610,2026-03-14
in,202610,175.0,RSV,202610,2026-03-14
ks,202610,100.0,RSV,202610,2026-03-14
ky,202610,112.0,RSV,202610,2026-03-14
la,202610,81.0,RSV,202610,2026-03-14
ma,202610,165.0,RSV,202610,2026-03-14
md,202610,108.0,RSV,202610,2026-03-14
me,202610,28.0,RSV,202610,2026-03-14
mi,202610,313.0,RSV,202610,2026-03-14
mn,202610,150.0,RSV,202610,2026-03-14
mo,202610,126.0,RSV,202610,2026-03-14
mp,202610,0.0,RSV,202610,2026-03-14
ms,202610,52.0,RSV,202610,2026-03-14
mt,202610,40.0,RSV,202610,2026-03-14
nc,202610,226.0,RSV,202610,2026-03-14
nd,202610,24.0,RSV,202610,2026-03-14
ne,202610,61.0,RSV,202610,2026-03-14
nh,202610,48.0,RSV,202610,2026-03-14
nj,202610,293.0,RSV,202610,2026-03-14
nm,202610,76.0,RSV,202610,2026-03-14
nv,202610,79.0,RSV,202610,2026-03-14
ny,202610,709.0,RSV,202610,2026-03-14
oh,202610,389.0,RSV,202610,2026-03-14
ok,202610,102.0,RSV,202610,2026-03-14
or,202610,77.0,RSV,202610,2026-03-14
pa,202610,615.0,RSV,202610,2026-03-14
pr,202610,26.0,RSV,202610,2026-03-14
ri,202610,41.0,RSV,202610,2026-03-14
sc,202610,34.0,RSV,202610,2026-03-14
sd,202610,35.0,RSV,202610,2026-03-14
tn,202610,106.0,RSV,202610,2026-03-14
tx,202610,403.0,RSV,202610,2026-03-14
ut,202610,59.0,RSV,202610,2026-03-14
va,202610,101.0,RSV,202610,2026-03-14
vi,202610,0.0,RSV,202610,2026-03-14
vt,202610,16.0,RSV,202610,2026-03-14
wa,202610,57.0,RSV,202610,2026-03-14
wi,202610,182.0,RSV,202610,2026-03-14
wv,202610,82.0,RSV,202610,2026-03-14
wy,202610,36.0,RSV,202610,2026-03-14
ak,202611,22.0,RSV,202611,2026-03-21
al,202611,35.0,RSV,202611,2026-03-21
ar,202611,44.0,RSV,202611,2026-03-21
as,202611,,RSV,202611,2026-03-21
az,202611,105.0,RSV,202611,2026-03-21
ca,202611,453.0,RSV,202611,2026-03-21
co,202611,180.0,RSV,202611,2026-03-21
ct,202611,92.0,RSV,202611,2026-03-21
dc,202611,4.0,RSV,202611,2026-03-21
de,202611,28.0,RSV,202611,2026-03-21
fl,202611,291.0,RSV,202611,2026-03-21
ga,202611,110.0,RSV,202611,2026-03-21
gu,202611,0.0,RSV,202611,2026-03-21
hi,202611,21.0,RSV,202611,2026-03-21
ia,202611,80.0,RSV,202611,2026-03-21
id,202611,44.0,RSV,202611,2026-03-21
il,202611,304.0,RSV,202611,2026-03-21
in,202611,164.0,RSV,202611,2026-03-21
ks,202611,54.0,RSV,202611,2026-03-21
ky,202611,97.0,RSV,202611,2026-03-21
la,202611,82.0,RSV,202611,2026-03-21
ma,202611,168.0,RSV,202611,2026-03-21
md,202611,60.0,RSV,202611,2026-03-21
me,202611,22.0,RSV,202611,2026-03-21
mi,202611,282.0,RSV,202611,2026-03-21
mn,202611,143.0,RSV,202611,2026-03-21
mo,202611,125.0,RSV,202611,2026-03-21
mp,202611,0.0,RSV,202611,2026-03-21
ms,202611,35.0,RSV,202611,2026-03-21
mt,202611,33.0,RSV,202611,2026-03-21
nc,202611,205.0,RSV,202611,2026-03-21
nd,202611,29.0,RSV,202611,2026-03-21
ne,202611,66.0,RSV,202611,2026-03-21
nh,202611,42.0,RSV,202611,2026-03-21
nj,202611,230.0,RSV,202611,2026-03-21
nm,202611,77.0,RSV,202611,2026-03-21
nv,202611,75.0,RSV,202611,2026-03-21
ny,202611,605.0,RSV,202611,2026-03-21
oh,202611,320.0,RSV,202611,2026-03-21
ok,202611,81.0,RSV,202611,2026-03-21
or,202611,68.0,RSV,202611,2026-03-21
pa,202611,547.0,RSV,202611,2026-03-21
pr,202611,13.0,RSV,202611,2026-03-21
ri,202611,44.0,RSV,202611,2026-03-21
sc,202611,66.0,RSV,202611,2026-03-21
sd,202611,32.0,RSV,202611,2026-03-21
tn,202611,120.0,RSV,202611,2026-03-21
tx,202611,400.0,RSV,202611,2026-03-21
ut,202611,49.0,RSV,202611,2026-03-21
va,202611,56.0,RSV,202611,2026-03-21
vi,202611,0.0,RSV,202611,2026-03-21
vt,202611,14.0,RSV,202611,2026-03-21
wa,202611,71.0,RSV,202611,2026-03-21
wi,202611,191.0,RSV,202611,2026-03-21
wv,202611,91.0,RSV,202611,2026-03-21
wy,202611,23.0,RSV,202611,2026-03-21
ak,202612,6.0,RSV,202612,2026-03-28
al,202612,38.0,RSV,202612,2026-03-28
ar,202612,38.0,RSV,202612,2026-03-28
as,202612,,RSV,202612,2026-03-28
az,202612,69.0,RSV,202612,2026-03-28
ca,202612,362.0,RSV,202612,2026-03-28
co,202612,70.0,RSV,202612,2026-03-28
ct,202612,77.0,RSV,202612,2026-03-28
dc,202612,1.0,RSV,202612,2026-03-28
de,202612,15.0,RSV,202612,2026-03-28
fl,202612,196.0,RSV,202612,2026-03-28
ga,202612,66.0,RSV,202612,2026-03-28
gu,202612,0.0,RSV,202612,2026-03-28
hi,202612,5.0,RSV,202612,2026-03-28
ia,202612,55.0,RSV,202612,2026-03-28
id,202612,47.0,RSV,202612,2026-03-28
il,202612,195.0,RSV,202612,2026-03-28
in,202612,74.0,RSV,202612,2026-03-28
ks,202612,40.0,RSV,202612,2026-03-28
ky,202612,61.0,RSV,202612,2026-03-28
la,202612,25.0,RSV,202612,2026-03-28
ma,202612,132.0,RSV,202612,2026-03-28
md,202612,20.0,RSV,202612,2026-03-28
me,202612,16.0,RSV,202612,2026-03-28
mi,202612,221.0,RSV,202612,2026-03-28
mn,202612,63.0,RSV,202612,2026-03-28
mo,202612,104.0,RSV,202612,2026-03-28
mp,202612,1.0,RSV,202612,2026-03-28
ms,202612,17.0,RSV,202612,2026-03-28
mt,202612,11.0,RSV,202612,2026-03-28
nc,202612,74.0,RSV,202612,2026-03-28
nd,202612,27.0,RSV,202612,2026-03-28
ne,202612,31.0,RSV,202612,2026-03-28
nh,202612,18.0,RSV,202612,2026-03-28
nj,202612,100.0,RSV,202612,2026-03-28
nm,202612,45.0,RSV,202612,2026-03-28
nv,202612,17.0,RSV,202612,2026-03-28
ny,202612,401.0,RSV,202612,2026-03-28
oh,202612,102.0,RSV,202612,2026-03-28
ok,202612,35.0,RSV,202612,2026-03-28
or,202612,33.0,RSV,202612,2026-03-28
pa,202612,326.0,RSV,202612,2026-03-28
pr,202612,7.0,RSV,202612,2026-03-28
ri,202612,33.0,RSV,202612,2026-03-28
sc,202612,15.0,RSV,202612,2026-03-28
sd,202612,23.0,RSV,202612,2026-03-28
tn,202612,50.0,RSV,202612,2026-03-28
tx,202612,214.0,RSV,202612,2026-03-28
ut,202612,12.0,RSV,202612,2026-03-28
va,202612,24.0,RSV,202612,2026-03-28
vi,202612,0.0,RSV,202612,2026-03-28
vt,202612,13.0,RSV,202612,2026-03-28
wa,202612,53.0,RSV,202612,2026-03-28
wi,202612,126.0,RSV,202612,2026-03-28
wv,202612,59.0,RSV,202612,2026-03-28
wy,202612,28.0,RSV,202612,2026-03-28
ak,202613,6.0,RSV,202613,2026-04-04
al,202613,28.0,RSV,202613,2026-04-04
ar,202613,30.0,RSV,202613,2026-04-04
as,202613,,RSV,202613,2026-04-04
az,202613,55.0,RSV,202613,2026-04-04
ca,202613,273.0,RSV,202613,2026-04-04
co,202613,71.0,RSV,202613,2026-04-04
ct,202613,59.0,RSV,202613,2026-04-04
dc,202613,0.0,RSV,202613,2026-04-04
de,202613,9.0,RSV,202613,2026-04-04
fl,202613,148.0,RSV,202613,2026-04-04
ga,202613,58.0,RSV,202613,2026-04-04
gu,202613,0.0,RSV,202613,2026-04-04
hi,202613,5.0,RSV,202613,2026-04-04
ia,202613,53.0,RSV,202613,2026-04-04
id,202613,31.0,RSV,202613,2026-04-04
il,202613,125.0,RSV,202613,2026-04-04
in,202613,87.0,RSV,202613,2026-04-04
ks,202613,34.0,RSV,202613,2026-04-04
ky,202613,45.0,RSV,202613,2026-04-04
la,202613,18.0,RSV,202613,2026-04-04
ma,202613,115.0,RSV,202613,2026-04-04
md,202613,11.0,RSV,202613,2026-04-04
me,202613,12.0,RSV,202613,2026-04-04
mi,202613,167.0,RSV,202613,2026-04-04
mn,202613,58.0,RSV,202613,2026-04-04
mo,202613,73.0,RSV,202613,2026-04-04
mp,202613,0.0,RSV,202613,2026-04-04
ms,202613,14.0,RSV,202613,2026-04-04
mt,202613,19.0,RSV,202613,2026-04-04
nc,202613,57.0,RSV,202613,2026-04-04
nd,202613,29.0,RSV,202613,2026-04-04
ne,202613,16.0,RSV,202613,2026-04-04
nh,202613,21.0,RSV,202613,2026-04-04
nj,202613,76.0,RSV,202613,2026-04-04
nm,202613,31.0,RSV,202613,2026-04-04
nv,202613,10.0,RSV,202613,2026-04-04
ny,202613,330.0,RSV,202613,2026-04-04
oh,202613,75.0,RSV,202613,2026-04-04
ok,202613,35.0,RSV,202613,2026-04-04
or,202613,24.0,RSV,202613,2026-04-04
pa,202613,296.0,RSV,202613,2026-04-04
pr,202613,17.0,RSV,202613,2026-04-04
ri,202613,27.0,RSV,202613,2026-04-04
sc,202613,6.0,RSV,202613,2026-04-04
sd,202613,14.0,RSV,202613,2026-04-04
tn,202613,41.0,RSV,202613,2026-04-04
tx,202613,152.0,RSV,202613,2026-04-04
ut,202613,3.0,RSV,202613,2026-04-04
va,202613,40.0,RSV,202613,2026-04-04
vi,202613,0.0,RSV,202613,2026-04-04
vt,202613,17.0,RSV,202613,2026-04-04
wa,202613,49.0,RSV,202613,2026-04-04
wi,202613,135.0,RSV,202613,2026-04-04
wv,202613,55.0,RSV,202613,2026-04-04
wy,202613,27.0,RSV,202613,2026-04-04
ak,202614,10.0,RSV,202614,2026-04-11
al,202614,23.0,RSV,202614,2026-04-11
ar,202614,26.0,RSV,202614,2026-04-11
as,202614,,RSV,202614,2026-04-11
az,202614,49.0,RSV,202614,2026-04-11
ca,202614,226.0,RSV,202614,2026-04-11
co,202614,43.0,RSV,202614,2026-04-11
ct,202614,48.0,RSV,202614,2026-04-11
dc,202614,1.0,RSV,202614,2026-04-11
de,202614,9.0,RSV,202614,2026-04-11
fl,202614,141.0,RSV,202614,2026-04-11
ga,202614,44.0,RSV,202614,2026-04-11
gu,202614,0.0,RSV,202614,2026-04-11
hi,202614,2.0,RSV,202614,2026-04-11
ia,202614,40.0,RSV,202614,2026-04-11
id,202614,15.0,RSV,202614,2026-04-11
il,202614,175.0,RSV,202614,2026-04-11
in,202614,59.0,RSV,202614,2026-04-11
ks,202614,29.0,RSV,202614,2026-04-11
ky,202614,49.0,RSV,202614,2026-04-11
la,202614,12.0,RSV,202614,2026-04-11
ma,202614,113.0,RSV,202614,2026-04-11
md,202614,11.0,RSV,202614,2026-04-11
me,202614,13.0,RSV,202614,2026-04-11
mi,202614,181.0,RSV,202614,2026-04-11
mn,202614,51.0,RSV,202614,2026-04-11
mo,202614,34.0,RSV,202614,2026-04-11
mp,202614,1.0,RSV,202614,2026-04-11
ms,202614,8.0,RSV,202614,2026-04-11
mt,202614,34.0,RSV,202614,2026-04-11
nc,202614,54.0,RSV,202614,2026-04-11
nd,202614,25.0,RSV,202614,2026-04-11
ne,202614,31.0,RSV,202614,2026-04-11
nh,202614,28.0,RSV,202614,2026-04-11
nj,202614,70.0,RSV,202614,2026-04-11
nm,202614,21.0,RSV,202614,2026-04-11
nv,202614,14.0,RSV,202614,2026-04-11
ny,202614,291.0,RSV,202614,2026-04-11
oh,202614,87.0,RSV,202614,2026-04-11
ok,202614,18.0,RSV,202614,2026-04-11
or,202614,18.0,RSV,202614,2026-04-11
pa,202614,290.0,RSV,202614,2026-04-11
pr,202614,20.0,RSV,202614,2026-04-11
ri,202614,31.0,RSV,202614,2026-04-11
sc,202614,13.0,RSV,202614,2026-04-11
sd,202614,15.0,RSV,202614,2026-04-11
tn,202614,43.0,RSV,202614,2026-04-11
tx,202614,123.0,RSV,202614,2026-04-11
ut,202614,4.0,RSV,202614,2026-04-11
va,202614,18.0,RSV,202614,2026-04-11
vi,202614,0.0,RSV,202614,2026-04-11
vt,202614,10.0,RSV,202614,2026-04-11
wa,202614,42.0,RSV,202614,2026-04-11
wi,202614,97.0,RSV,202614,2026-04-11
wv,202614,50.0,RSV,202614,2026-04-11
wy,202614,24.0,RSV,202614,2026-04-11
ak,202615,6.0,RSV,202615,2026-04-18
al,202615,29.0,RSV,202615,2026-04-18
ar,202615,24.0,RSV,202615,2026-04-18
as,202615,,RSV,202615,2026-04-18
az,202615,38.0,RSV,202615,2026-04-18
ca,202615,188.0,RSV,202615,2026-04-18
co,202615,36.0,RSV,202615,2026-04-18
ct,202615,30.0,RSV,202615,2026-04-18
dc,202615,0.0,RSV,202615,2026-04-18
de,202615,5.0,RSV,202615,2026-04-18
fl,202615,127.0,RSV,202615,2026-04-18
ga,202615,43.0,RSV,202615,2026-04-18
gu,202615,0.0,RSV,202615,2026-04-18
hi,202615,2.0,RSV,202615,2026-04-18
ia,202615,35.0,RSV,202615,2026-04-18
id,202615,24.0,RSV,202615,2026-04-18
il,202615,137.0,RSV,202615,2026-04-18
in,202615,67.0,RSV,202615,2026-04-18
ks,202615,20.0,RSV,202615,2026-04-18
ky,202615,34.0,RSV,202615,2026-04-18
la,202615,30.0,RSV,202615,2026-04-18
ma,202615,77.0,RSV,202615,2026-04-18
md,202615,10.0,RSV,202615,2026-04-18
me,202615,7.0,RSV,202615,2026-04-18
mi,202615,153.0,RSV,202615,2026-04-18
mn,202615,44.0,RSV,202615,2026-04-18
mo,202615,48.0,RSV,202615,2026-04-18
mp,202615,0.0,RSV,202615,2026-04-18
ms,202615,12.0,RSV,202615,2026-04-18
mt,202615,19.0,RSV,202615,2026-04-18
nc,202615,43.0,RSV,202615,2026-04-18
nd,202615,15.0,RSV,202615,2026-04-18
ne,202615,32.0,RSV,202615,2026-04-18
nh,202615,19.0,RSV,202615,2026-04-18
nj,202615,39.0,RSV,202615,2026-04-18
nm,202615,25.0,RSV,202615,2026-04-18
nv,202615,6.0,RSV,202615,2026-04-18
ny,202615,253.0,RSV,202615,2026-04-18
oh,202615,65.0,RSV,202615,2026-04-18
ok,202615,9.0,RSV,202615,2026-04-18
or,202615,33.0,RSV,202615,2026-04-18
pa,202615,234.0,RSV,202615,2026-04-18
pr,202615,18.0,RSV,202615,2026-04-18
ri,202615,17.0,RSV,202615,2026-04-18
sc,202615,13.0,RSV,202615,2026-04-18
sd,202615,15.0,RSV,202615,2026-04-18
tn,202615,25.0,RSV,202615,2026-04-18
tx,202615,114.0,RSV,202615,2026-04-18
ut,202615,7.0,RSV,202615,2026-04-18
va,202615,14.0,RSV,202615,2026-04-18
vi,202615,0.0,RSV,202615,2026-04-18
vt,202615,14.0,RSV,202615,2026-04-18
wa,202615,40.0,RSV,202615,2026-04-18
wi,202615,90.0,RSV,202615,2026-04-18
wv,202615,74.0,RSV,202615,2026-04-18
wy,202615,20.0,RSV,202615,2026-04-18
ak,202616,7.0,RSV,202616,2026-04-25
al,202616,8.0,RSV,202616,2026-04-25
ar,202616,17.0,RSV,202616,2026-04-25
as,202616,,RSV,202616,2026-04-25
az,202616,50.0,RSV,202616,2026-04-25
ca,202616,167.0,RSV,202616,2026-04-25
co,202616,64.0,RSV,202616,2026-04-25
ct,202616,24.0,RSV,202616,2026-04-25
dc,202616,0.0,RSV,202616,2026-04-25
de,202616,8.0,RSV,202616,2026-04-25
fl,202616,173.0,RSV,202616,2026-04-25
ga,202616,40.0,RSV,202616,2026-04-25
gu,202616,0.0,RSV,202616,2026-04-25
hi,202616,11.0,RSV,202616,2026-04-25
ia,202616,40.0,RSV,202616,2026-04-25
id,202616,16.0,RSV,202616,2026-04-25
il,202616,106.0,RSV,202616,2026-04-25
in,202616,66.0,RSV,202616,2026-04-25
ks,202616,19.0,RSV,202616,2026-04-25
ky,202616,53.0,RSV,202616,2026-04-25
la,202616,16.0,RSV,202616,2026-04-25
ma,202616,66.0,RSV,202616,2026-04-25
md,202616,15.0,RSV,202616,2026-04-25
me,202616,17.0,RSV,202616,2026-04-25
mi,202616,117.0,RSV,202616,2026-04-25
mn,202616,73.0,RSV,202616,2026-04-25
mo,202616,39.0,RSV,202616,2026-04-25
mp,202616,0.0,RSV,202616,2026-04-25
ms,202616,17.0,RSV,202616,2026-04-25
mt,202616,23.0,RSV,202616,2026-04-25
nc,202616,80.0,RSV,202616,2026-04-25
nd,202616,21.0,RSV,202616,2026-04-25
ne,202616,39.0,RSV,202616,2026-04-25
nh,202616,22.0,RSV,202616,2026-04-25
nj,202616,57.0,RSV,202616,2026-04-25
nm,202616,19.0,RSV,202616,2026-04-25
nv,202616,15.0,RSV,202616,2026-04-25
ny,202616,191.0,RSV,202616,2026-04-25
oh,202616,122.0,RSV,202616,2026-04-25
ok,202616,20.0,RSV,202616,2026-04-25
or,202616,32.0,RSV,202616,2026-04-25
pa,202616,193.0,RSV,202616,2026-04-25
pr,202616,26.0,RSV,202616,2026-04-25
ri,202616,5.0,RSV,202616,2026-04-25
sc,202616,26.0,RSV,202616,2026-04-25
sd,202616,17.0,RSV,202616,2026-04-25
tn,202616,54.0,RSV,202616,2026-04-25
tx,202616,164.0,RSV,202616,2026-04-25
ut,202616,14.0,RSV,202616,2026-04-25
va,202616,47.0,RSV,202616,2026-04-25
vi,202616,0.0,RSV,202616,2026-04-25
vt,202616,11.0,RSV,202616,2026-04-25
wa,202616,28.0,RSV,202616,2026-04-25
wi,202616,88.0,RSV,202616,2026-04-25
wv,202616,53.0,RSV,202616,2026-04-25
wy,202616,14.0,RSV,202616,2026-04-25
ak,202617,2.0,RSV,202617,2026-05-02
al,202617,11.0,RSV,202617,2026-05-02
ar,202617,16.0,RSV,202617,2026-05-02
as,202617,,RSV,202617,2026-05-02
az,202617,30.0,RSV,202617,2026-05-02
ca,202617,113.0,RSV,202617,2026-05-02
co,202617,42.0,RSV,202617,2026-05-02
ct,202617,27.0,RSV,202617,2026-05-02
dc,202617,1.0,RSV,202617,2026-05-02
de,202617,8.0,RSV,202617,2026-05-02
fl,202617,160.0,RSV,202617,2026-05-02
ga,202617,29.0,RSV,202617,2026-05-02
gu,202617,0.0,RSV,202617,2026-05-02
hi,202617,11.0,RSV,202617,2026-05-02
ia,202617,24.0,RSV,202617,2026-05-02
id,202617,10.0,RSV,202617,2026-05-02
il,202617,76.0,RSV,202617,2026-05-02
in,202617,51.0,RSV,202617,2026-05-02
ks,202617,14.0,RSV,202617,2026-05-02
ky,202617,40.0,RSV,202617,2026-05-02
la,202617,16.0,RSV,202617,2026-05-02
ma,202617,59.0,RSV,202617,2026-05-02
md,202617,9.0,RSV,202617,2026-05-02
me,202617,11.0,RSV,202617,2026-05-02
mi,202617,104.0,RSV,202617,2026-05-02
mn,202617,57.0,RSV,202617,2026-05-02
mo,202617,32.0,RSV,202617,2026-05-02
mp,202617,0.0,RSV,202617,2026-05-02
ms,202617,10.0,RSV,202617,2026-05-02
mt,202617,26.0,RSV,202617,2026-05-02
nc,202617,67.0,RSV,202617,2026-05-02
nd,202617,14.0,RSV,202617,2026-05-02
ne,202617,23.0,RSV,202617,2026-05-02
nh,202617,16.0,RSV,202617,2026-05-02
nj,202617,55.0,RSV,202617,2026-05-02
nm,202617,16.0,RSV,202617,2026-05-02
nv,202617,23.0,RSV,202617,2026-05-02
ny,202617,120.0,RSV,202617,2026-05-02
oh,202617,109.0,RSV,202617,2026-05-02
ok,202617,14.0,RSV,202617,2026-05-02
or,202617,22.0,RSV,202617,2026-05-02
pa,202617,182.0,RSV,202617,2026-05-02
pr,202617,24.0,RSV,202617,2026-05-02
ri,202617,7.0,RSV,202617,2026-05-02
sc,202617,18.0,RSV,202617,2026-05-02
sd,202617,17.0,RSV,202617,2026-05-02
tn,202617,50.0,RSV,202617,2026-05-02
tx,202617,101.0,RSV,202617,2026-05-02
ut,202617,13.0,RSV,202617,2026-05-02
va,202617,34.0,RSV,202617,2026-05-02
vi,202617,0.0,RSV,202617,2026-05-02
vt,202617,7.0,RSV,202617,2026-05-02
wa,202617,34.0,RSV,202617,2026-05-02
wi,202617,70.0,RSV,202617,2026-05-02
wv,202617,33.0,RSV,202617,2026-05-02
wy,202617,5.0,RSV,202617,2026-05-02
ak,202618,2.0,RSV,202618,2026-05-09
al,202618,17.0,RSV,202618,2026-05-09
ar,202618,13.0,RSV,202618,2026-05-09
as,202618,,RSV,202618,2026-05-09
az,202618,27.0,RSV,202618,2026-05-09
ca,202618,97.0,RSV,202618,2026-05-09
co,202618,38.0,RSV,202618,2026-05-09
ct,202618,16.0,RSV,202618,2026-05-09
dc,202618,3.0,RSV,202618,2026-05-09
de,202618,7.0,RSV,202618,2026-05-09
fl,202618,88.0,RSV,202618,2026-05-09
ga,202618,27.0,RSV,202618,2026-05-09
gu,202618,0.0,RSV,202618,2026-05-09
hi,202618,9.0,RSV,202618,2026-05-09
ia,202618,21.0,RSV,202618,2026-05-09
id,202618,13.0,RSV,202618,2026-05-09
il,202618,51.0,RSV,202618,2026-05-09
in,202618,41.0,RSV,202618,2026-05-09
ks,202618,12.0,RSV,202618,2026-05-09
ky,202618,39.0,RSV,202618,2026-05-09
la,202618,20.0,RSV,202618,2026-05-09
ma,202618,39.0,RSV,202618,2026-05-09
md,202618,8.0,RSV,202618,2026-05-09
me,202618,8.0,RSV,202618,2026-05-09
mi,202618,86.0,RSV,202618,2026-05-09
mn,202618,43.0,RSV,202618,2026-05-09
mo,202618,27.0,RSV,202618,2026-05-09
mp,202618,0.0,RSV,202618,2026-05-09
ms,202618,3.0,RSV,202618,2026-05-09
mt,202618,18.0,RSV,202618,2026-05-09
nc,202618,52.0,RSV,202618,2026-05-09
nd,202618,11.0,RSV,202618,2026-05-09
ne,202618,16.0,RSV,202618,2026-05-09
nh,202618,5.0,RSV,202618,2026-05-09
nj,202618,38.0,RSV,202618,2026-05-09
nm,202618,3.0,RSV,202618,2026-05-09
nv,202618,15.0,RSV,202618,2026-05-09
ny,202618,101.0,RSV,202618,2026-05-09
oh,202618,65.0,RSV,202618,2026-05-09
ok,202618,12.0,RSV,202618,2026-05-09
or,202618,15.0,RSV,202618,2026-05-09
pa,202618,122.0,RSV,202618,2026-05-09
pr,202618,21.0,RSV,202618,2026-05-09
ri,202618,7.0,RSV,202618,2026-05-09
sc,202618,17.0,RSV,202618,2026-05-09
sd,202618,10.0,RSV,202618,2026-05-09
tn,202618,38.0,RSV,202618,2026-05-09
tx,202618,131.0,RSV,202618,2026-05-09
ut,202618,6.0,RSV,202618,2026-05-09
va,202618,21.0,RSV,202618,2026-05-09
vi,202618,0.0,RSV,202618,2026-05-09
vt,202618,6.0,RSV,202618,2026-05-09
wa,202618,30.0,RSV,202618,2026-05-09
wi,202618,52.0,RSV,202618,2026-05-09
wv,202618,40.0,RSV,202618,2026-05-09
wy,202618,10.0,RSV,202618,2026-05-09
ak,202619,0.0,RSV,202619,2026-05-16
al,202619,6.0,RSV,202619,2026-05-16
ar,202619,11.0,RSV,202619,2026-05-16
as,202619,,RSV,202619,2026-05-16
az,202619,28.0,RSV,202619,2026-05-16
ca,202619,67.0,RSV,202619,2026-05-16
co,202619,17.0,RSV,202619,2026-05-16
ct,202619,13.0,RSV,202619,2026-05-16
dc,202619,0.0,RSV,202619,2026-05-16
de,202619,4.0,RSV,202619,2026-05-16
fl,202619,98.0,RSV,202619,2026-05-16
ga,202619,28.0,RSV,202619,2026-05-16
gu,202619,0.0,RSV,202619,2026-05-16
hi,202619,10.0,RSV,202619,2026-05-16
ia,202619,20.0,RSV,202619,2026-05-16
id,202619,8.0,RSV,202619,2026-05-16
il,202619,41.0,RSV,202619,2026-05-16
in,202619,26.0,RSV,202619,2026-05-16
ks,202619,12.0,RSV,202619,2026-05-16
ky,202619,34.0,RSV,202619,2026-05-16
la,202619,18.0,RSV,202619,2026-05-16
ma,202619,29.0,RSV,202619,2026-05-16
md,202619,12.0,RSV,202619,2026-05-16
me,202619,3.0,RSV,202619,2026-05-16
mi,202619,51.0,RSV,202619,2026-05-16
mn,202619,33.0,RSV,202619,2026-05-16
mo,202619,26.0,RSV,202619,2026-05-16
mp,202619,0.0,RSV,202619,2026-05-16
ms,202619,16.0,RSV,202619,2026-05-16
mt,202619,17.0,RSV,202619,2026-05-16
nc,202619,45.0,RSV,202619,2026-05-16
nd,202619,14.0,RSV,202619,2026-05-16
ne,202619,18.0,RSV,202619,2026-05-16
nh,202619,1.0,RSV,202619,2026-05-16
nj,202619,26.0,RSV,202619,2026-05-16
nm,202619,5.0,RSV,202619,2026-05-16
nv,202619,10.0,RSV,202619,2026-05-16
ny,202619,82.0,RSV,202619,2026-05-16
oh,202619,50.0,RSV,202619,2026-05-16
ok,202619,10.0,RSV,202619,2026-05-16
or,202619,13.0,RSV,202619,2026-05-16
pa,202619,141.0,RSV,202619,2026-05-16
pr,202619,12.0,RSV,202619,2026-05-16
ri,202619,5.0,RSV,202619,2026-05-16
sc,202619,9.0,RSV,202619,2026-05-16
sd,202619,3.0,RSV,202619,2026-05-16
tn,202619,24.0,RSV,202619,2026-05-16
tx,202619,97.0,RSV,202619,2026-05-16
ut,202619,8.0,RSV,202619,2026-05-16
va,202619,21.0,RSV,202619,2026-05-16
vi,202619,0.0,RSV,202619,2026-05-16
vt,202619,9.0,RSV,202619,2026-05-16
wa,202619,12.0,RSV,202619,2026-05-16
wi,202619,42.0,RSV,202619,2026-05-16
wv,202619,28.0,RSV,202619,2026-05-16
wy,202619,4.0,RSV,202619,2026-05-16
ak,202620,1.0,RSV,202620,2026-05-23
al,202620,9.0,RSV,202620,2026-05-23
ar,202620,6.0,RSV,202620,2026-05-23
as,202620,,RSV,202620,2026-05-23
az,202620,24.0,RSV,202620,2026-05-23
ca,202620,45.0,RSV,202620,2026-05-23
co,202620,15.0,RSV,202620,2026-05-23
ct,202620,16.0,RSV,202620,2026-05-23
dc,202620,0.0,RSV,202620,2026-05-23
de,202620,5.0,RSV,202620,2026-05-23
fl,202620,98.0,RSV,202620,2026-05-23
ga,202620,20.0,RSV,202620,2026-05-23
gu,202620,1.0,RSV,202620,2026-05-23
hi,202620,11.0,RSV,202620,2026-05-23
ia,202620,16.0,RSV,202620,2026-05-23
id,202620,2.0,RSV,202620,2026-05-23
il,202620,36.0,RSV,202620,2026-05-23
in,202620,26.0,RSV,202620,2026-05-23
ks,202620,7.0,RSV,202620,2026-05-23
ky,202620,29.0,RSV,202620,2026-05-23
la,202620,13.0,RSV,202620,2026-05-23
ma,202620,9.0,RSV,202620,2026-05-23
md,202620,6.0,RSV,202620,2026-05-23
me,202620,7.0,RSV,202620,2026-05-23
mi,202620,60.0,RSV,202620,2026-05-23
mn,202620,19.0,RSV,202620,2026-05-23
mo,202620,11.0,RSV,202620,2026-05-23
mp,202620,0.0,RSV,202620,2026-05-23
ms,202620,8.0,RSV,202620,2026-05-23
mt,202620,17.0,RSV,202620,2026-05-23
nc,202620,31.0,RSV,202620,2026-05-23
nd,202620,8.0,RSV,202620,2026-05-23
ne,202620,13.0,RSV,202620,2026-05-23
nh,202620,6.0,RSV,202620,2026-05-23
nj,202620,25.0,RSV,202620,2026-05-23
nm,202620,5.0,RSV,202620,2026-05-23
nv,202620,7.0,RSV,202620,2026-05-23
ny,202620,60.0,RSV,202620,2026-05-23
oh,202620,44.0,RSV,202620,2026-05-23
ok,202620,10.0,RSV,202620,2026-05-23
or,202620,10.0,RSV,202620,2026-05-23
pa,202620,154.0,RSV,202620,2026-05-23
pr,202620,11.0,RSV,202620,2026-05-23
ri,202620,6.0,RSV,202620,2026-05-23
sc,202620,12.0,RSV,202620,2026-05-23
sd,202620,10.0,RSV,202620,2026-05-23
tn,202620,24.0,RSV,202620,2026-05-23
tx,202620,74.0,RSV,202620,2026-05-23
ut,202620,2.0,RSV,202620,2026-05-23
va,202620,11.0,RSV,202620,2026-05-23
vi,202620,0.0,RSV,202620,2026-05-23
vt,202620,2.0,RSV,202620,2026-05-23
wa,202620,11.0,RSV,202620,2026-05-23
wi,202620,37.0,RSV,202620,2026-05-23
wv,202620,22.0,RSV,202620,2026-05-23
wy,202620,3.0,RSV,202620,2026-05-23
ak,202621,1.0,RSV,202621,2026-05-30
al,202621,14.0,RSV,202621,2026-05-30
ar,202621,12.0,RSV,202621,2026-05-30
as,202621,,RSV,202621,2026-05-30
az,202621,21.0,RSV,202621,2026-05-30
ca,202621,48.0,RSV,202621,2026-05-30
co,202621,15.0,RSV,202621,2026-05-30
ct,202621,9.0,RSV,202621,2026-05-30
dc,202621,1.0,RSV,202621,2026-05-30
de,202621,8.0,RSV,202621,2026-05-30
fl,202621,86.0,RSV,202621,2026-05-30
ga,202621,18.0,RSV,202621,2026-05-30
gu,202621,0.0,RSV,202621,2026-05-30
hi,202621,6.0,RSV,202621,2026-05-30
ia,202621,0.0,RSV,202621,2026-05-30
id,202621,3.0,RSV,202621,2026-05-30
il,202621,16.0,RSV,202621,2026-05-30
in,202621,24.0,RSV,202621,2026-05-30
ks,202621,5.0,RSV,202621,2026-05-30
ky,202621,23.0,RSV,202621,2026-05-30
la,202621,9.0,RSV,202621,2026-05-30
ma,202621,23.0,RSV,202621,2026-05-30
md,202621,7.0,RSV,202621,2026-05-30
me,202621,3.0,RSV,202621,2026-05-30
mi,202621,19.0,RSV,202621,2026-05-30
mn,202621,15.0,RSV,202621,2026-05-30
mo,202621,13.0,RSV,202621,2026-05-30
mp,202621,0.0,RSV,202621,2026-05-30
ms,202621,10.0,RSV,202621,2026-05-30
mt,202621,21.0,RSV,202621,2026-05-30
nc,202621,24.0,RSV,202621,2026-05-30
nd,202621,4.0,RSV,202621,2026-05-30
ne,202621,17.0,RSV,202621,2026-05-30
nh,202621,7.0,RSV,202621,2026-05-30
nj,202621,19.0,RSV,202621,2026-05-30
nm,202621,3.0,RSV,202621,2026-05-30
nv,202621,5.0,RSV,202621,2026-05-30
ny,202621,50.0,RSV,202621,2026-05-30
oh,202621,30.0,RSV,202621,2026-05-30
ok,202621,7.0,RSV,202621,2026-05-30
or,202621,11.0,RSV,202621,2026-05-30
pa,202621,128.0,RSV,202621,2026-05-30
pr,202621,24.0,RSV,202621,2026-05-30
ri,202621,1.0,RSV,202621,2026-05-30
sc,202621,14.0,RSV,202621,2026-05-30
sd,202621,1.0,RSV,202621,2026-05-30
tn,202621,16.0,RSV,202621,2026-05-30
tx,202621,71.0,RSV,202621,2026-05-30
ut,202621,5.0,RSV,202621,2026-05-30
va,202621,19.0,RSV,202621,2026-05-30
vi,202621,0.0,RSV,202621,2026-05-30
vt,202621,0.0,RSV,202621,2026-05-30
wa,202621,10.0,RSV,202621,2026-05-30
wi,202621,23.0,RSV,202621,2026-05-30
wv,202621,15.0,RSV,202621,2026-05-30
wy,202621,4.0,RSV,202621,2026-05-30
ak,202622,1.0,RSV,202622,2026-06-06
al,202622,6.0,RSV,202622,2026-06-06
ar,202622,10.0,RSV,202622,2026-06-06
as,202622,,RSV,202622,2026-06-06
az,202622,14.0,RSV,202622,2026-06-06
ca,202622,41.0,RSV,202622,2026-06-06
co,202622,5.0,RSV,202622,2026-06-06
ct,202622,3.0,RSV,202622,2026-06-06
dc,202622,0.0,RSV,202622,2026-06-06
de,202622,4.0,RSV,202622,2026-06-06
fl,202622,86.0,RSV,202622,2026-06-06
ga,202622,21.0,RSV,202622,2026-06-06
gu,202622,0.0,RSV,202622,2026-06-06
hi,202622,5.0,RSV,202622,2026-06-06
ia,202622,9.0,RSV,202622,2026-06-06
id,202622,2.0,RSV,202622,2026-06-06
il,202622,19.0,RSV,202622,2026-06-06
in,202622,20.0,RSV,202622,2026-06-06
ks,202622,8.0,RSV,202622,2026-06-06
ky,202622,12.0,RSV,202622,2026-06-06
la,202622,7.0,RSV,202622,2026-06-06
ma,202622,17.0,RSV,202622,2026-06-06
md,202622,5.0,RSV,202622,2026-06-06
me,202622,3.0,RSV,202622,2026-06-06
mi,202622,26.0,RSV,202622,2026-06-06
mn,202622,25.0,RSV,202622,2026-06-06
mo,202622,7.0,RSV,202622,2026-06-06
mp,202622,0.0,RSV,202622,2026-06-06
ms,202622,6.0,RSV,202622,2026-06-06
mt,202622,7.0,RSV,202622,2026-06-06
nc,202622,34.0,RSV,202622,2026-06-06
nd,202622,3.0,RSV,202622,2026-06-06
ne,202622,12.0,RSV,202622,2026-06-06
nh,202622,5.0,RSV,202622,2026-06-06
nj,202622,18.0,RSV,202622,2026-06-06
nm,202622,6.0,RSV,202622,2026-06-06
nv,202622,7.0,RSV,202622,2026-06-06
ny,202622,38.0,RSV,202622,2026-06-06
oh,202622,27.0,RSV,202622,2026-06-06
ok,202622,6.0,RSV,202622,2026-06-06
or,202622,3.0,RSV,202622,2026-06-06
pa,202622,93.0,RSV,202622,2026-06-06
pr,202622,10.0,RSV,202622,2026-06-06
ri,202622,2.0,RSV,202622,2026-06-06
sc,202622,10.0,RSV,202622,2026-06-06
sd,202622,3.0,RSV,202622,2026-06-06
tn,202622,31.0,RSV,202622,2026-06-06
tx,202622,75.0,RSV,202622,2026-06-06
ut,202622,5.0,RSV,202622,2026-06-06
va,202622,15.0,RSV,202622,2026-06-06
vi,202622,0.0,RSV,202622,2026-06-06
vt,202622,1.0,RSV,202622,2026-06-06
wa,202622,6.0,RSV,202622,2026-06-06
wi,202622,12.0,RSV,202622,2026-06-06
wv,202622,12.0,RSV,202622,2026-06-06
wy,202622,2.0,RSV,202622,2026-06-06
ak,202623,0.0,RSV,202623,2026-06-13
al,202623,11.0,RSV,202623,2026-06-13
ar,202623,10.0,RSV,202623,2026-06-13
as,202623,,RSV,202623,2026-06-13
az,202623,7.0,RSV,202623,2026-06-13
ca,202623,32.0,RSV,202623,2026-06-13
co,202623,5.0,RSV,202623,2026-06-13
ct,202623,4.0,RSV,202623,2026-06-13
dc,202623,1.0,RSV,202623,2026-06-13
de,202623,2.0,RSV,202623,2026-06-13
fl,202623,91.0,RSV,202623,2026-06-13
ga,202623,15.0,RSV,202623,2026-06-13
gu,202623,0.0,RSV,202623,2026-06-13
hi,202623,11.0,RSV,202623,2026-06-13
ia,202623,3.0,RSV,202623,2026-06-13
id,202623,1.0,RSV,202623,2026-06-13
il,202623,10.0,RSV,202623,2026-06-13
in,202623,10.0,RSV,202623,2026-06-13
ks,202623,6.0,RSV,202623,2026-06-13
ky,202623,13.0,RSV,202623,2026-06-13
la,202623,15.0,RSV,202623,2026-06-13
ma,202623,4.0,RSV,202623,2026-06-13
md,202623,6.0,RSV,202623,2026-06-13
me,202623,2.0,RSV,202623,2026-06-13
mi,202623,22.0,RSV,202623,2026-06-13
mn,202623,5.0,RSV,202623,2026-06-13
mo,202623,8.0,RSV,202623,2026-06-13
mp,202623,1.0,RSV,202623,2026-06-13
ms,202623,4.0,RSV,202623,2026-06-13
mt,202623,4.0,RSV,202623,2026-06-13
nc,202623,33.0,RSV,202623,2026-06-13
nd,202623,8.0,RSV,202623,2026-06-13
ne,202623,3.0,RSV,202623,2026-06-13
nh,202623,3.0,RSV,202623,2026-06-13
nj,202623,15.0,RSV,202623,2026-06-13
nm,202623,3.0,RSV,202623,2026-06-13
nv,202623,3.0,RSV,202623,2026-06-13
ny,202623,27.0,RSV,202623,2026-06-13
oh,202623,26.0,RSV,202623,2026-06-13
ok,202623,6.0,RSV,202623,2026-06-13
or,202623,1.0,RSV,202623,2026-06-13
pa,202623,87.0,RSV,202623,2026-06-13
pr,202623,14.0,RSV,202623,2026-06-13
ri,202623,1.0,RSV,202623,2026-06-13
sc,202623,9.0,RSV,202623,2026-06-13
sd,202623,4.0,RSV,202623,2026-06-13
tn,202623,19.0,RSV,202623,2026-06-13
tx,202623,41.0,RSV,202623,2026-06-13
ut,202623,2.0,RSV,202623,2026-06-13
va,202623,17.0,RSV,202623,2026-06-13
vi,202623,0.0,RSV,202623,2026-06-13
vt,202623,0.0,RSV,202623,2026-06-13
wa,202623,6.0,RSV,202623,2026-06-13
wi,202623,6.0,RSV,202623,2026-06-13
wv,202623,10.0,RSV,202623,2026-06-13
wy,202623,1.0,RSV,202623,2026-06-13
ak,202624,0.0,RSV,202624,2026-06-20
al,202624,4.0,RSV,202624,2026-06-20
ar,202624,6.0,RSV,202624,2026-06-20
as,202624,,RSV,202624,2026-06-20
az,202624,6.0,RSV,202624,2026-06-20
ca,202624,26.0,RSV,202624,2026-06-20
co,202624,3.0,RSV,202624,2026-06-20
ct,202624,3.0,RSV,202624,2026-06-20
dc,202624,1.0,RSV,202624,2026-06-20
de,202624,0.0,RSV,202624,2026-06-20
fl,202624,84.0,RSV,202624,2026-06-20
ga,202624,14.0,RSV,202624,2026-06-20
gu,202624,0.0,RSV,202624,2026-06-20
hi,202624,8.0,RSV,202624,2026-06-20
ia,202624,2.0,RSV,202624,2026-06-20
id,202624,1.0,RSV,202624,2026-06-20
il,202624,15.0,RSV,202624,2026-06-20
in,202624,6.0,RSV,202624,2026-06-20
ks,202624,3.0,RSV,202624,2026-06-20
ky,202624,6.0,RSV,202624,2026-06-20
la,202624,7.0,RSV,202624,2026-06-20
ma,202624,10.0,RSV,202624,2026-06-20
md,202624,4.0,RSV,202624,2026-06-20
me,202624,3.0,RSV,202624,2026-06-20
mi,202624,4.0,RSV,202624,2026-06-20
mn,202624,9.0,RSV,202624,2026-06-20
mo,202624,2.0,RSV,202624,2026-06-20
mp,202624,0.0,RSV,202624,2026-06-20
ms,202624,4.0,RSV,202624,2026-06-20
mt,202624,3.0,RSV,202624,2026-06-20
nc,202624,14.0,RSV,202624,2026-06-20
nd,202624,3.0,RSV,202624,2026-06-20
ne,202624,1.0,RSV,202624,2026-06-20
nh,202624,0.0,RSV,202624,2026-06-20
nj,202624,12.0,RSV,202624,2026-06-20
nm,202624,0.0,RSV,202624,2026-06-20
nv,202624,0.0,RSV,202624,2026-06-20
ny,202624,20.0,RSV,202624,2026-06-20
oh,202624,21.0,RSV,202624,2026-06-20
ok,202624,2.0,RSV,202624,2026-06-20
or,202624,2.0,RSV,202624,2026-06-20
pa,202624,75.0,RSV,202624,2026-06-20
pr,202624,18.0,RSV,202624,2026-06-20
ri,202624,1.0,RSV,202624,2026-06-20
sc,202624,8.0,RSV,202624,2026-06-20
sd,202624,2.0,RSV,202624,2026-06-20
tn,202624,9.0,RSV,202624,2026-06-20
tx,202624,47.0,RSV,202624,2026-06-20
ut,202624,1.0,RSV,202624,2026-06-20
va,202624,15.0,RSV,202624,2026-06-20
vi,202624,0.0,RSV,202624,2026-06-20
vt,202624,0.0,RSV,202624,2026-06-20
wa,202624,5.0,RSV,202624,2026-06-20
wi,202624,3.0,RSV,202624,2026-06-20
wv,202624,2.0,RSV,202624,2026-06-20
wy,202624,0.0,RSV,202624,2026-06-20
ak,202625,2.0,RSV,202625,2026-06-27
al,202625,10.0,RSV,202625,2026-06-27
ar,202625,7.0,RSV,202625,2026-06-27
as,202625,,RSV,202625,2026-06-27
az,202625,2.0,RSV,202625,2026-06-27
ca,202625,16.0,RSV,202625,2026-06-27
co,202625,3.0,RSV,202625,2026-06-27
ct,202625,3.0,RSV,202625,2026-06-27
dc,202625,0.0,RSV,202625,2026-06-27
de,202625,0.0,RSV,202625,2026-06-27
fl,202625,65.0,RSV,202625,2026-06-27
ga,202625,13.0,RSV,202625,2026-06-27
gu,202625,0.0,RSV,202625,2026-06-27
hi,202625,7.0,RSV,202625,2026-06-27
ia,202625,1.0,RSV,202625,2026-06-27
id,202625,0.0,RSV,202625,2026-06-27
il,202625,9.0,RSV,202625,2026-06-27
in,202625,4.0,RSV,202625,2026-06-27
ks,202625,1.0,RSV,202625,2026-06-27
ky,202625,3.0,RSV,202625,2026-06-27
la,202625,10.0,RSV,202625,2026-06-27
ma,202625,3.0,RSV,202625,2026-06-27
md,202625,1.0,RSV,202625,2026-06-27
me,202625,2.0,RSV,202625,2026-06-27
mi,202625,11.0,RSV,202625,2026-06-27
mn,202625,5.0,RSV,202625,2026-06-27
mo,202625,3.0,RSV,202625,2026-06-27
mp,202625,0.0,RSV,202625,2026-06-27
ms,202625,3.0,RSV,202625,2026-06-27
mt,202625,0.0,RSV,202625,2026-06-27
nc,202625,10.0,RSV,202625,2026-06-27
nd,202625,2.0,RSV,202625,2026-06-27
ne,202625,3.0,RSV,202625,2026-06-27
nh,202625,1.0,RSV,202625,2026-06-27
nj,202625,8.0,RSV,202625,2026-06-27
nm,202625,1.0,RSV,202625,2026-06-27
nv,202625,1.0,RSV,202625,2026-06-27
ny,202625,18.0,RSV,202625,2026-06-27
oh,202625,9.0,RSV,202625,2026-06-27
ok,202625,3.0,RSV,202625,2026-06-27
or,202625,4.0,RSV,202625,2026-06-27
pa,202625,73.0,RSV,202625,2026-06-27
pr,202625,8.0,RSV,202625,2026-06-27
ri,202625,5.0,RSV,202625,2026-06-27
sc,202625,4.0,RSV,202625,2026-06-27
sd,202625,1.0,RSV,202625,2026-06-27
tn,202625,11.0,RSV,202625,2026-06-27
tx,202625,30.0,RSV,202625,2026-06-27
ut,202625,0.0,RSV,202625,2026-06-27
va,202625,7.0,RSV,202625,2026-06-27
vi,202625,0.0,RSV,202625,2026-06-27
vt,202625,0.0,RSV,202625,2026-06-27
wa,202625,1.0,RSV,202625,2026-06-27
wi,202625,3.0,RSV,202625,2026-06-27
wv,202625,2.0,RSV,202625,2026-06-27
wy,202625,0.0,RSV,202625,2026-06-27
ak,202626,2.0,RSV,202626,2026-07-04
al,202626,7.0,RSV,202626,2026-07-04
ar,202626,4.0,RSV,202626,2026-07-04
as,202626,,RSV,202626,2026-07-04
az,202626,4.0,RSV,202626,2026-07-04
ca,202626,22.0,RSV,202626,2026-07-04
co,202626,2.0,RSV,202626,2026-07-04
ct,202626,2.0,RSV,202626,2026-07-04
dc,202626,0.0,RSV,202626,2026-07-04
de,202626,2.0,RSV,202626,2026-07-04
fl,202626,69.0,RSV,202626,2026-07-04
ga,202626,12.0,RSV,202626,2026-07-04
gu,202626,0.0,RSV,202626,2026-07-04
hi,202626,9.0,RSV,202626,2026-07-04
ia,202626,0.0,RSV,202626,2026-07-04
id,202626,1.0,RSV,202626,2026-07-04
il,202626,5.0,RSV,202626,2026-07-04
in,202626,4.0,RSV,202626,2026-07-04
ks,202626,1.0,RSV,202626,2026-07-04
ky,202626,10.0,RSV,202626,2026-07-04
la,202626,10.0,RSV,202626,2026-07-04
ma,202626,8.0,RSV,202626,2026-07-04
md,202626,3.0,RSV,202626,2026-07-04
me,202626,1.0,RSV,202626,2026-07-04
mi,202626,6.0,RSV,202626,2026-07-04
mn,202626,5.0,RSV,202626,2026-07-04
mo,202626,7.0,RSV,202626,2026-07-04
mp,202626,0.0,RSV,202626,2026-07-04
ms,202626,2.0,RSV,202626,2026-07-04
mt,202626,0.0,RSV,202626,2026-07-04
nc,202626,16.0,RSV,202626,2026-07-04
nd,202626,0.0,RSV,202626,2026-07-04
ne,202626,2.0,RSV,202626,2026-07-04
nh,202626,0.0,RSV,202626,2026-07-04
nj,202626,16.0,RSV,202626,2026-07-04
nm,202626,1.0,RSV,202626,2026-07-04
nv,202626,2.0,RSV,202626,2026-07-04
ny,202626,19.0,RSV,202626,2026-07-04
oh,202626,5.0,RSV,202626,2026-07-04
ok,202626,5.0,RSV,202626,2026-07-04
or,202626,3.0,RSV,202626,2026-07-04
pa,202626,63.0,RSV,202626,2026-07-04
pr,202626,6.0,RSV,202626,2026-07-04
ri,202626,0.0,RSV,202626,2026-07-04
sc,202626,4.0,RSV,202626,2026-07-04
sd,202626,2.0,RSV,202626,2026-07-04
tn,202626,8.0,RSV,202626,2026-07-04
tx,202626,26.0,RSV,202626,2026-07-04
ut,202626,2.0,RSV,202626,2026-07-04
va,202626,7.0,RSV,202626,2026-07-04
vi,202626,0.0,RSV,202626,2026-07-04
vt,202626,0.0,RSV,202626,2026-07-04
wa,202626,1.0,RSV,202626,2026-07-04
wi,202626,3.0,RSV,202626,2026-07-04
wv,202626,7.0,RSV,202626,2026-07-04
wy,202626,2.0,RSV,202626,2026-07-04
ak,202627,2.0,RSV,202627,2026-07-11
al,202627,13.0,RSV,202627,2026-07-11
ar,202627,3.0,RSV,202627,2026-07-11
as,202627,,RSV,202627,2026-07-11
az,202627,2.0,RSV,202627,2026-07-11
ca,202627,10.0,RSV,202627,2026-07-11
co,202627,2.0,RSV,202627,2026-07-11
ct,202627,0.0,RSV,202627,2026-07-11
dc,202627,0.0,RSV,202627,2026-07-11
de,202627,0.0,RSV,202627,2026-07-11
fl,202627,72.0,RSV,202627,2026-07-11
ga,202627,13.0,RSV,202627,2026-07-11
gu,202627,0.0,RSV,202627,2026-07-11
hi,202627,3.0,RSV,202627,2026-07-11
ia,202627,1.0,RSV,202627,2026-07-11
id,202627,0.0,RSV,202627,2026-07-11
il,202627,5.0,RSV,202627,2026-07-11
in,202627,2.0,RSV,202627,2026-07-11
ks,202627,3.0,RSV,202627,2026-07-11
ky,202627,6.0,RSV,202627,2026-07-11
la,202627,3.0,RSV,202627,2026-07-11
ma,202627,3.0,RSV,202627,2026-07-11
md,202627,1.0,RSV,202627,2026-07-11
me,202627,1.0,RSV,202627,2026-07-11
mi,202627,7.0,RSV,202627,2026-07-11
mn,202627,4.0,RSV,202627,2026-07-11
mo,202627,1.0,RSV,202627,2026-07-11
mp,202627,0.0,RSV,202627,2026-07-11
ms,202627,1.0,RSV,202627,2026-07-11
mt,202627,0.0,RSV,202627,2026-07-11
nc,202627,6.0,RSV,202627,2026-07-11
nd,202627,0.0,RSV,202627,2026-07-11
ne,202627,1.0,RSV,202627,2026-07-11
nh,202627,1.0,RSV,202627,2026-07-11
nj,202627,11.0,RSV,202627,2026-07-11
nm,202627,1.0,RSV,202627,2026-07-11
nv,202627,1.0,RSV,202627,2026-07-11
ny,202627,18.0,RSV,202627,2026-07-11
oh,202627,11.0,RSV,202627,2026-07-11
ok,202627,6.0,RSV,202627,2026-07-11
or,202627,1.0,RSV,202627,2026-07-11
pa,202627,65.0,RSV,202627,2026-07-11
pr,202627,5.0,RSV,202627,2026-07-11
ri,202627,2.0,RSV,202627,2026-07-11
sc,202627,4.0,RSV,202627,2026-07-11
sd,202627,1.0,RSV,202627,2026-07-11
tn,202627,2.0,RSV,202627,2026-07-11
tx,202627,31.0,RSV,202627,2026-07-11
ut,202627,1.0,RSV,202627,2026-07-11
va,202627,5.0,RSV,202627,2026-07-11
vi,202627,0.0,RSV,202627,2026-07-11
vt,202627,0.0,RSV,202627,2026-07-11
wa,202627,2.0,RSV,202627,2026-07-11
wi,202627,2.0,RSV,202627,2026-07-11
wv,202627,2.0,RSV,202627,2026-07-11
wy,202627,0.0,RSV,202627,2026-07-11
ak,202628,1.0,RSV,202628,2026-07-18
al,202628,5.0,RSV,202628,2026-07-18
ar,202628,4.0,RSV,202628,2026-07-18
as,202628,,RSV,202628,2026-07-18
az,202628,1.0,RSV,202628,2026-07-18
ca,202628,12.0,RSV,202628,2026-07-18
co,202628,0.0,RSV,202628,2026-07-18
ct,202628,3.0,RSV,202628,2026-07-18
dc,202628,1.0,RSV,202628,2026-07-18
de,202628,1.0,RSV,202628,2026-07-18
fl,202628,85.0,RSV,202628,2026-07-18
ga,202628,13.0,RSV,202628,2026-07-18
gu,202628,1.0,RSV,202628,2026-07-18
hi,202628,3.0,RSV,202628,2026-07-18
ia,202628,0.0,RSV,202628,2026-07-18
id,202628,1.0,RSV,202628,2026-07-18
il,202628,2.0,RSV,202628,2026-07-18
in,202628,3.0,RSV,202628,2026-07-18
ks,202628,1.0,RSV,202628,2026-07-18
ky,202628,5.0,RSV,202628,2026-07-18
la,202628,2.0,RSV,202628,2026-07-18
ma,202628,4.0,RSV,202628,2026-07-18
md,202628,3.0,RSV,202628,2026-07-18
me,202628,1.0,RSV,202628,2026-07-18
mi,202628,3.0,RSV,202628,2026-07-18
mn,202628,1.0,RSV,202628,2026-07-18
mo,202628,3.0,RSV,202628,2026-07-18
mp,202628,0.0,RSV,202628,2026-07-18
ms,202628,10.0,RSV,202628,2026-07-18
mt,202628,0.0,RSV,202628,2026-07-18
nc,202628,10.0,RSV,202628,2026-07-18
nd,202628,1.0,RSV,202628,2026-07-18
ne,202628,0.0,RSV,202628,2026-07-18
nh,202628,0.0,RSV,202628,2026-07-18
nj,202628,4.0,RSV,202628,2026-07-18
nm,202628,0.0,RSV,202628,2026-07-18
nv,202628,2.0,RSV,202628,2026-07-18
ny,202628,7.0,RSV,202628,2026-07-18
oh,202628,10.0,RSV,202628,2026-07-18
ok,202628,7.0,RSV,202628,2026-07-18
or,202628,0.0,RSV,202628,2026-07-18
pa,202628,63.0,RSV,202628,2026-07-18
pr,202628,2.0,RSV,202628,2026-07-18
ri,202628,2.0,RSV,202628,2026-07-18
sc,202628,4.0,RSV,202628,2026-07-18
sd,202628,0.0,RSV,202628,2026-07-18
tn,202628,6.0,RSV,202628,2026-07-18
tx,202628,29.0,RSV,202628,2026-07-18
ut,202628,0.0,RSV,202628,2026-07-18
va,202628,3.0,RSV,202628,2026-07-18
vi,202628,0.0,RSV,202628,2026-07-18
vt,202628,1.0,RSV,202628,2026-07-18
wa,202628,2.0,RSV,202628,2026-07-18
wi,202628,6.0,RSV,202628,2026-07-18
wv,202628,3.0,RSV,202628,2026-07-18
wy,202628,0.0,RSV,202628,2026-07-18
ak,202629,0.0,RSV,202629,2026-07-25
al,202629,5.0,RSV,202629,2026-07-25
ar,202629,1.0,RSV,202629,2026-07-25
as,202629,,RSV,202629,2026-07-25
az,202629,1.0,RSV,202629,2026-07-25
ca,202629,20.0,RSV,202629,2026-07-25
co,202629,2.0,RSV,202629,2026-07-25
ct,202629,0.0,RSV,202629,2026-07-25
dc,202629,0.0,RSV,202629,2026-07-25
de,202629,0.0,RSV,202629,2026-07-25
fl,202629,65.0,RSV,202629,2026-07-25
ga,202629,10.0,RSV,202629,2026-07-25
gu,202629,0.0,RSV,202629,2026-07-25
hi,202629,5.0,RSV,202629,2026-07-25
ia,202629,1.0,RSV,202629,2026-07-25
id,202629,0.0,RSV,202629,2026-07-25
il,202629,0.0,RSV,202629,2026-07-25
in,202629,5.0,RSV,202629,2026-07-25
ks,202629,1.0,RSV,202629,2026-07-25
ky,202629,1.0,RSV,202629,2026-07-25
la,202629,72.0,RSV,202629,2026-07-25
ma,202629,4.0,RSV,202629,2026-07-25
md,202629,0.0,RSV,202629,2026-07-25
me,202629,1.0,RSV,202629,2026-07-25
mi,202629,3.0,RSV,202629,2026-07-25
mn,202629,2.0,RSV,202629,2026-07-25
mo,202629,0.0,RSV,202629,2026-07-25
mp,202629,0.0,RSV,202629,2026-07-25
ms,202629,4.0,RSV,202629,2026-07-25
mt,202629,0.0,RSV,202629,2026-07-25
nc,202629,9.0,RSV,202629,2026-07-25
nd,202629,0.0,RSV,202629,2026-07-25
ne,202629,0.0,RSV,202629,2026-07-25
nh,202629,0.0,RSV,202629,2026-07-25
nj,202629,14.0,RSV,202629,2026-07-25
nm,202629,1.0,RSV,202629,2026-07-25
nv,202629,2.0,RSV,202629,2026-07-25
ny,202629,11.0,RSV,202629,2026-07-25
oh,202629,7.0,RSV,202629,2026-07-25
ok,202629,2.0,RSV,202629,2026-07-25
or,202629,3.0,RSV,202629,2026-07-25
pa,202629,65.0,RSV,202629,2026-07-25
pr,202629,8.0,RSV,202629,2026-07-25
ri,202629,1.0,RSV,202629,2026-07-25
sc,202629,3.0,RSV,202629,2026-07-25
sd,202629,1.0,RSV,202629,2026-07-25
tn,202629,5.0,RSV,202629,2026-07-25
tx,202629,33.0,RSV,202629,2026-07-25
ut,202629,2.0,RSV,202629,2026-07-25
va,202629,6.0,RSV,202629,2026-07-25
vi,202629,0.0,RSV,202629,2026-07-25
vt,202629,0.0,RSV,202629,2026-07-25
wa,202629,1.0,RSV,202629,2026-07-25
wi,202629,0.0,RSV,202629,2026-07-25
wv,202629,2.0,RSV,202629,2026-07-25
wy,202629,1.0,RSV,202629,2026-07-25
ak,202630,1.0,RSV,202630,2026-08-01
al,202630,6.0,RSV,202630,2026-08-01
ar,202630,4.0,RSV,202630,2026-08-01
as,202630,,RSV,202630,2026-08-01
az,202630,2.0,RSV,202630,2026-08-01
ca,202630,10.0,RSV,202630,2026-08-01
co,202630,1.0,RSV,202630,2026-08-01
ct,202630,2.0,RSV,202630,2026-08-01
dc,202630,1.0,RSV,202630,2026-08-01
de,202630,0.0,RSV,202630,2026-08-01
fl,202630,68.0,RSV,202630,2026-08-01
ga,202630,17.0,RSV,202630,2026-08-01
gu,202630,0.0,RSV,202630,2026-08-01
hi,202630,2.0,RSV,202630,2026-08-01
ia,202630,2.0,RSV,202630,2026-08-01
id,202630,0.0,RSV,202630,2026-08-01
il,202630,1.0,RSV,202630,2026-08-01
in,202630,3.0,RSV,202630,2026-08-01
ks,202630,0.0,RSV,202630,2026-08-01
ky,202630,2.0,RSV,202630,2026-08-01
la,202630,7.0,RSV,202630,2026-08-01
ma,202630,4.0,RSV,202630,2026-08-01
md,202630,1.0,RSV,202630,2026-08-01
me,202630,1.0,RSV,202630,2026-08-01
mi,202630,1.0,RSV,202630,2026-08-01
mn,202630,0.0,RSV,202630,2026-08-01
mo,202630,1.0,RSV,202630,2026-08-01
mp,202630,0.0,RSV,202630,2026-08-01
ms,202630,3.0,RSV,202630,2026-08-01
mt,202630,0.0,RSV,202630,2026-08-01
nc,202630,4.0,RSV,202630,2026-08-01
nd,202630,0.0,RSV,202630,2026-08-01
ne,202630,1.0,RSV,202630,2026-08-01
nh,202630,1.0,RSV,202630,2026-08-01
nj,202630,7.0,RSV,202630,2026-08-01
nm,202630,0.0,RSV,202630,2026-08-01
nv,202630,0.0,RSV,202630,2026-08-01
ny,202630,13.0,RSV,202630,2026-08-01
oh,202630,2.0,RSV,202630,2026-08-01
ok,202630,3.0,RSV,202630,2026-08-01
or,202630,1.0,RSV,202630,2026-08-01
pa,202630,82.0,RSV,202630,2026-08-01
pr,202630,7.0,RSV,202630,2026-08-01
ri,202630,1.0,RSV,202630,2026-08-01
sc,202630,6.0,RSV,202630,2026-08-01
sd,202630,0.0,RSV,202630,2026-08-01
tn,202630,8.0,RSV,202630,2026-08-01
tx,202630,35.0,RSV,202630,2026-08-01
ut,202630,0.0,RSV,202630,2026-08-01
va,202630,3.0,RSV,202630,2026-08-01
vi,202630,0.0,RSV,202630,2026-08-01
vt,202630,0.0,RSV,202630,2026-08-01
wa,202630,0.0,RSV,202630,2026-08-01
wi,202630,0.0,RSV,202630,2026-08-01
wv,202630,1.0,RSV,202630,2026-08-01
wy,202630,0.0,RSV,202630,2026-08-01
ak,202631,0.0,RSV,202631,2026-08-08
al,202631,10.0,RSV,202631,2026-08-08
ar,202631,4.0,RSV,202631,2026-08-08
as,202631,,RSV,202631,2026-08-08
az,202631,3.0,RSV,202631,2026-08-08
ca,202631,17.0,RSV,202631,2026-08-08
co,202631,1.0,RSV,202631,2026-08-08
ct,202631,0.0,RSV,202631,2026-08-08
dc,202631,0.0,RSV,202631,2026-08-08
de,202631,0.0,RSV,202631,2026-08-08
fl,202631,69.0,RSV,202631,2026-08-08
ga,202631,16.0,RSV,202631,2026-08-08
gu,202631,1.0,RSV,202631,2026-08-08
hi,202631,1.0,RSV,202631,2026-08-08
ia,202631,1.0,RSV,202631,2026-08-08
id,202631,0.0,RSV,202631,2026-08-08
il,202631,2.0,RSV,202631,2026-08-08
in,202631,3.0,RSV,202631,2026-08-08
ks,202631,0.0,RSV,202631,2026-08-08
ky,202631,4.0,RSV,202631,2026-08-08
la,202631,7.0,RSV,202631,2026-08-08
ma,202631,6.0,RSV,202631,2026-08-08
md,202631,4.0,RSV,202631,2026-08-08
me,202631,0.0,RSV,202631,2026-08-08
mi,202631,5.0,RSV,202631,2026-08-08
mn,202631,5.0,RSV,202631,2026-08-08
mo,202631,0.0,RSV,202631,2026-08-08
mp,202631,0.0,RSV,202631,2026-08-08
ms,202631,3.0,RSV,202631,2026-08-08
mt,202631,1.0,RSV,202631,2026-08-08
nc,202631,2.0,RSV,202631,2026-08-08
nd,202631,0.0,RSV,202631,2026-08-08
ne,202631,1.0,RSV,202631,2026-08-08
nh,202631,0.0,RSV,202631,2026-08-08
nj,202631,5.0,RSV,202631,2026-08-08
nm,202631,0.0,RSV,202631,2026-08-08
nv,202631,0.0,RSV,202631,2026-08-08
ny,202631,14.0,RSV,202631,2026-08-08
oh,202631,8.0,RSV,202631,2026-08-08
ok,202631,2.0,RSV,202631,2026-08-08
or,202631,0.0,RSV,202631,2026-08-08
pa,202631,58.0,RSV,202631,2026-08-08
pr,202631,12.0,RSV,202631,2026-08-08
ri,202631,0.0,RSV,202631,2026-08-08
sc,202631,1.0,RSV,202631,2026-08-08
sd,202631,0.0,RSV,202631,2026-08-08
tn,202631,3.0,RSV,202631,2026-08-08
tx,202631,39.0,RSV,202631,2026-08-08
ut,202631,0.0,RSV,202631,2026-08-08
va,202631,4.0,RSV,202631,2026-08-08
vi,202631,0.0,RSV,202631,2026-08-08
vt,202631,0.0,RSV,202631,2026-08-08
wa,202631,1.0,RSV,202631,2026-08-08
wi,202631,1.0,RSV,202631,2026-08-08
wv,202631,1.0,RSV,202631,2026-08-08
wy,202631,0.0,RSV,202631,2026-08-08
ak,202632,1.0,RSV,202632,2026-08-15
al,202632,12.0,RSV,202632,2026-08-15
ar,202632,4.0,RSV,202632,2026-08-15
as,202632,,RSV,202632,2026-08-15
az,202632,2.0,RSV,202632,2026-08-15
ca,202632,9.0,RSV,202632,2026-08-15
co,202632,2.0,RSV,202632,2026-08-15
ct,202632,1.0,RSV,202632,2026-08-15
dc,202632,0.0,RSV,202632,2026-08-15
de,202632,1.0,RSV,202632,2026-08-15
fl,202632,85.0,RSV,202632,2026-08-15
ga,202632,10.0,RSV,202632,2026-08-15
gu,202632,0.0,RSV,202632,2026-08-15
hi,202632,3.0,RSV,202632,2026-08-15
ia,202632,2.0,RSV,202632,2026-08-15
id,202632,0.0,RSV,202632,2026-08-15
il,202632,4.0,RSV,202632,2026-08-15
in,202632,2.0,RSV,202632,2026-08-15
ks,202632,0.0,RSV,202632,2026-08-15
ky,202632,1.0,RSV,202632,2026-08-15
la,202632,6.0,RSV,202632,2026-08-15
ma,202632,4.0,RSV,202632,2026-08-15
md,202632,1.0,RSV,202632,2026-08-15
me,202632,0.0,RSV,202632,2026-08-15
mi,202632,7.0,RSV,202632,2026-08-15
mn,202632,2.0,RSV,202632,2026-08-15
mo,202632,2.0,RSV,202632,2026-08-15
mp,202632,0.0,RSV,202632,2026-08-15
ms,202632,2.0,RSV,202632,2026-08-15
mt,202632,0.0,RSV,202632,2026-08-15
nc,202632,3.0,RSV,202632,2026-08-15
nd,202632,0.0,RSV,202632,2026-08-15
ne,202632,0.0,RSV,202632,2026-08-15
nh,202632,1.0,RSV,202632,2026-08-15
nj,202632,9.0,RSV,202632,2026-08-15
nm,202632,0.0,RSV,202632,2026-08-15
nv,202632,1.0,RSV,202632,2026-08-15
ny,202632,15.0,RSV,202632,2026-08-15
oh,202632,5.0,RSV,202632,2026-08-15
ok,202632,0.0,RSV,202632,2026-08-15
or,202632,0.0,RSV,202632,2026-08-15
pa,202632,86.0,RSV,202632,2026-08-15
pr,202632,14.0,RSV,202632,2026-08-15
ri,202632,2.0,RSV,202632,2026-08-15
sc,202632,1.0,RSV,202632,2026-08-15
sd,202632,2.0,RSV,202632,2026-08-15
tn,202632,3.0,RSV,202632,2026-08-15
tx,202632,17.0,RSV,202632,2026-08-15
ut,202632,0.0,RSV,202632,2026-08-15
va,202632,3.0,RSV,202632,2026-08-15
vi,202632,0.0,RSV,202632,2026-08-15
vt,202632,1.0,RSV,202632,2026-08-15
wa,202632,2.0,RSV,202632,2026-08-15
wi,202632,1.0,RSV,202632,2026-08-15
wv,202632,0.0,RSV,202632,2026-08-15
wy,202632,0.0,RSV,202632,2026-08-15
ak,202633,0.0,RSV,202633,2026-08-22
al,202633,4.0,RSV,202633,2026-08-22
ar,202633,3.0,RSV,202633,2026-08-22
as,202633,,RSV,202633,2026-08-22
az,202633,1.0,RSV,202633,2026-08-22
ca,202633,13.0,RSV,202633,2026-08-22
co,202633,1.0,RSV,202633,2026-08-22
ct,202633,4.0,RSV,202633,2026-08-22
dc,202633,0.0,RSV,202633,2026-08-22
de,202633,1.0,RSV,202633,2026-08-22
fl,202633,82.0,RSV,202633,2026-08-22
ga,202633,5.0,RSV,202633,2026-08-22
gu,202633,1.0,RSV,202633,2026-08-22
hi,202633,1.0,RSV,202633,2026-08-22
ia,202633,1.0,RSV,202633,2026-08-22
id,202633,0.0,RSV,202633,2026-08-22
il,202633,2.0,RSV,202633,2026-08-22
in,202633,1.0,RSV,202633,2026-08-22
ks,202633,1.0,RSV,202633,2026-08-22
ky,202633,3.0,RSV,202633,2026-08-22
la,202633,6.0,RSV,202633,2026-08-22
ma,202633,4.0,RSV,202633,2026-08-22
md,202633,3.0,RSV,202633,2026-08-22
me,202633,0.0,RSV,202633,2026-08-22
mi,202633,66.0,RSV,202633,2026-08-22
mn,202633,0.0,RSV,202633,2026-08-22
mo,202633,2.0,RSV,202633,2026-08-22
mp,202633,0.0,RSV,202633,2026-08-22
ms,202633,3.0,RSV,202633,2026-08-22
mt,202633,0.0,RSV,202633,2026-08-22
nc,202633,7.0,RSV,202633,2026-08-22
nd,202633,1.0,RSV,202633,2026-08-22
ne,202633,1.0,RSV,202633,2026-08-22
nh,202633,0.0,RSV,202633,2026-08-22
nj,202633,8.0,RSV,202633,2026-08-22
nm,202633,0.0,RSV,202633,2026-08-22
nv,202633,0.0,RSV,202633,2026-08-22
ny,202633,20.0,RSV,202633,2026-08-22
oh,202633,4.0,RSV,202633,2026-08-22
ok,202633,1.0,RSV,202633,2026-08-22
or,202633,0.0,RSV,202633,2026-08-22
pa,202633,60.0,RSV,202633,2026-08-22
pr,202633,1.0,RSV,202633,2026-08-22
ri,202633,0.0,RSV,202633,2026-08-22
sc,202633,3.0,RSV,202633,2026-08-22
sd,202633,2.0,RSV,202633,2026-08-22
tn,202633,1.0,RSV,202633,2026-08-22
tx,202633,25.0,RSV,202633,2026-08-22
ut,202633,1.0,RSV,202633,2026-08-22
va,202633,2.0,RSV,202633,2026-08-22
vi,202633,0.0,RSV,202633,2026-08-22
vt,202633,0.0,RSV,202633,2026-08-22
wa,202633,3.0,RSV,202633,2026-08-22
wi,202633,1.0,RSV,202633,2026-08-22
wv,202633,0.0,RSV,202633,2026-08-22
wy,202633,0.0,RSV,202633,2026-08-22
ak,202634,0.0,RSV,202634,2026-08-29
al,202634,10.0,RSV,202634,2026-08-29
ar,202634,2.0,RSV,202634,2026-08-29
as,202634,,RSV,202634,2026-08-29
az,202634,1.0,RSV,202634,2026-08-29
ca,202634,22.0,RSV,202634,2026-08-29
co,202634,2.0,RSV,202634,2026-08-29
ct,202634,0.0,RSV,202634,2026-08-29
dc,202634,0.0,RSV,202634,2026-08-29
de,202634,0.0,RSV,202634,2026-08-29
fl,202634,94.0,RSV,202634,2026-08-29
ga,202634,14.0,RSV,202634,2026-08-29
gu,202634,0.0,RSV,202634,2026-08-29
hi,202634,11.0,RSV,202634,2026-08-29
ia,202634,0.0,RSV,202634,2026-08-29
id,202634,0.0,RSV,202634,2026-08-29
il,202634,2.0,RSV,202634,2026-08-29
in,202634,3.0,RSV,202634,2026-08-29
ks,202634,2.0,RSV,202634,2026-08-29
ky,202634,2.0,RSV,202634,2026-08-29
la,202634,5.0,RSV,202634,2026-08-29
ma,202634,6.0,RSV,202634,2026-08-29
md,202634,0.0,RSV,202634,2026-08-29
me,202634,0.0,RSV,202634,2026-08-29
mi,202634,3.0,RSV,202634,2026-08-29
mn,202634,0.0,RSV,202634,2026-08-29
mo,202634,1.0,RSV,202634,2026-08-29
mp,202634,0.0,RSV,202634,2026-08-29
ms,202634,2.0,RSV,202634,2026-08-29
mt,202634,0.0,RSV,202634,2026-08-29
nc,202634,6.0,RSV,202634,2026-08-29
nd,202634,0.0,RSV,202634,2026-08-29
ne,202634,1.0,RSV,202634,2026-08-29
nh,202634,0.0,RSV,202634,2026-08-29
nj,202634,11.0,RSV,202634,2026-08-29
nm,202634,0.0,RSV,202634,2026-08-29
nv,202634,1.0,RSV,202634,2026-08-29
ny,202634,16.0,RSV,202634,2026-08-29
oh,202634,10.0,RSV,202634,2026-08-29
ok,202634,0.0,RSV,202634,2026-08-29
or,202634,0.0,RSV,202634,2026-08-29
pa,202634,48.0,RSV,202634,2026-08-29
pr,202634,5.0,RSV,202634,2026-08-29
ri,202634,0.0,RSV,202634,2026-08-29
sc,202634,5.0,RSV,202634,2026-08-29
sd,202634,0.0,RSV,202634,2026-08-29
tn,202634,4.0,RSV,202634,2026-08-29
tx,202634,25.0,RSV,202634,2026-08-29
ut,202634,0.0,RSV,202634,2026-08-29
va,202634,3.0,RSV,202634,2026-08-29
vi,202634,0.0,RSV,202634,2026-08-29
vt,202634,0.0,RSV,202634,2026-08-29
wa,202634,2.0,RSV,202634,2026-08-29
wi,202634,7.0,RSV,202634,2026-08-29
wv,202634,1.0,RSV,202634,2026-08-29
wy,202634,0.0,RSV,202634,2026-08-29
ak,202635,4.0,RSV,202635,2026-09-05
al,202635,6.0,RSV,202635,2026-09-05
ar,202635,1.0,RSV,202635,2026-09-05
as,202635,,RSV,202635,2026-09-05
az,202635,3.0,RSV,202635,2026-09-05
ca,202635,13.0,RSV,202635,2026-09-05
co,202635,2.0,RSV,202635,2026-09-05
ct,202635,1.0,RSV,202635,2026-09-05
dc,202635,0.0,RSV,202635,2026-09-05
de,202635,0.0,RSV,202635,2026-09-05
fl,202635,76.0,RSV,202635,2026-09-05
ga,202635,13.0,RSV,202635,2026-09-05
gu,202635,0.0,RSV,202635,2026-09-05
hi,202635,3.0,RSV,202635,2026-09-05
ia,202635,0.0,RSV,202635,2026-09-05
id,202635,0.0,RSV,202635,2026-09-05
il,202635,5.0,RSV,202635,2026-09-05
in,202635,1.0,RSV,202635,2026-09-05
ks,202635,1.0,RSV,202635,2026-09-05
ky,202635,4.0,RSV,202635,2026-09-05
la,202635,8.0,RSV,202635,2026-09-05
ma,202635,3.0,RSV,202635,2026-09-05
md,202635,2.0,RSV,202635,2026-09-05
me,202635,0.0,RSV,202635,2026-09-05
mi,202635,3.0,RSV,202635,2026-09-05
mn,202635,0.0,RSV,202635,2026-09-05
mo,202635,1.0,RSV,202635,2026-09-05
mp,202635,0.0,RSV,202635,2026-09-05
ms,202635,2.0,RSV,202635,2026-09-05
mt,202635,0.0,RSV,202635,2026-09-05
nc,202635,6.0,RSV,202635,2026-09-05
nd,202635,1.0,RSV,202635,2026-09-05
ne,202635,0.0,RSV,202635,2026-09-05
nh,202635,0.0,RSV,202635,2026-09-05
nj,202635,9.0,RSV,202635,2026-09-05
nm,202635,0.0,RSV,202635,2026-09-05
nv,202635,2.0,RSV,202635,2026-09-05
ny,202635,22.0,RSV,202635,2026-09-05
oh,202635,6.0,RSV,202635,2026-09-05
ok,202635,0.0,RSV,202635,2026-09-05
or,202635,0.0,RSV,202635,2026-09-05
pa,202635,44.0,RSV,202635,2026-09-05
pr,202635,4.0,RSV,202635,2026-09-05
ri,202635,1.0,RSV,202635,2026-09-05
sc,202635,5.0,RSV,202635,2026-09-05
sd,202635,0.0,RSV,202635,2026-09-05
tn,202635,4.0,RSV,202635,2026-09-05
tx,202635,32.0,RSV,202635,2026-09-05
ut,202635,0.0,RSV,202635,2026-09-05
va,202635,9.0,RSV,202635,2026-09-05
vi,202635,0.0,RSV,202635,2026-09-05
vt,202635,0.0,RSV,202635,2026-09-05
wa,202635,0.0,RSV,202635,2026-09-05
wi,202635,0.0,RSV,202635,2026-09-05
wv,202635,1.0,RSV,202635,2026-09-05
wy,202635,0.0,RSV,202635,2026-09-05
ak,202636,2.0,RSV,202636,2026-09-12
al,202636,13.0,RSV,202636,2026-09-12
ar,202636,2.0,RSV,202636,2026-09-12
as,202636,,RSV,202636,2026-09-12
az,202636,2.0,RSV,202636,2026-09-12
ca,202636,21.0,RSV,202636,2026-09-12
co,202636,0.0,RSV,202636,2026-09-12
ct,202636,0.0,RSV,202636,2026-09-12
dc,202636,0.0,RSV,202636,2026-09-12
de,202636,0.0,RSV,202636,2026-09-12
fl,202636,84.0,RSV,202636,2026-09-12
ga,202636,9.0,RSV,202636,2026-09-12
gu,202636,0.0,RSV,202636,2026-09-12
hi,202636,3.0,RSV,202636,2026-09-12
ia,202636,3.0,RSV,202636,2026-09-12
id,202636,0.0,RSV,202636,2026-09-12
il,202636,1.0,RSV,202636,2026-09-12
in,202636,4.0,RSV,202636,2026-09-12
ks,202636,1.0,RSV,202636,2026-09-12
ky,202636,2.0,RSV,202636,2026-09-12
la,202636,2.0,RSV,202636,2026-09-12
ma,202636,5.0,RSV,202636,2026-09-12
md,202636,3.0,RSV,202636,2026-09-12
me,202636,0.0,RSV,202636,2026-09-12
mi,202636,2.0,RSV,202636,2026-09-12
mn,202636,0.0,RSV,202636,2026-09-12
mo,202636,3.0,RSV,202636,2026-09-12
mp,202636,0.0,RSV,202636,2026-09-12
ms,202636,4.0,RSV,202636,2026-09-12
mt,202636,1.0,RSV,202636,2026-09-12
nc,202636,13.0,RSV,202636,2026-09-12
nd,202636,0.0,RSV,202636,2026-09-12
ne,202636,0.0,RSV,202636,2026-09-12
nh,202636,1.0,RSV,202636,2026-09-12
nj,202636,4.0,RSV,202636,2026-09-12
nm,202636,0.0,RSV,202636,2026-09-12
nv,202636,0.0,RSV,202636,2026-09-12
ny,202636,21.0,RSV,202636,2026-09-12
oh,202636,2.0,RSV,202636,2026-09-12
ok,202636,0.0,RSV,202636,2026-09-12
or,202636,1.0,RSV,202636,2026-09-12
pa,202636,52.0,RSV,202636,2026-09-12
pr,202636,13.0,RSV,202636,2026-09-12
ri,202636,0.0,RSV,202636,2026-09-12
sc,202636,3.0,RSV,202636,2026-09-12
sd,202636,0.0,RSV,202636,2026-09-12
tn,202636,7.0,RSV,202636,2026-09-12
tx,202636,19.0,RSV,202636,2026-09-12
ut,202636,3.0,RSV,202636,2026-09-12
va,202636,4.0,RSV,202636,2026-09-12
vi,202636,0.0,RSV,202636,2026-09-12
vt,202636,1.0,RSV,202636,2026-09-12
wa,202636,3.0,RSV,202636,2026-09-12
wi,202636,2.0,RSV,202636,2026-09-12
wv,202636,2.0,RSV,202636,2026-09-12
wy,202636,0.0,RSV,202636,2026-09-12
